Date,trade_date,filing_date,spy,sells_filing_date,delay_cost,buys_minus_sells,n_trade_date,n_filing_date
2014-03-28,0.0050748772132894766,0.0042984477690889015,0.004929349185979648,0.002733777825280777,0.0007764294442005751,0.0015646699438081244,46,23
2014-03-31,0.010323979328787692,0.011117328928089126,0.008194774250508186,0.005765875631809069,-0.0007933495993014336,0.005351453296280057,47,23
2014-04-01,0.013370628013782365,0.011499263147308866,0.006630872073060123,0.006488428420054081,0.0018713648664734992,0.005010834727254785,49,23
2014-04-02,0.0022163738551119506,0.0010045453148634146,0.0033468189991716635,0.0024725900240518566,0.001211828540248536,-0.001468044709188442,49,23
2014-04-03,-0.010181789238081185,-0.01379998832698048,-0.0013239317558610963,-0.005480601967501086,0.003618199088899295,-0.008319386359479394,49,24
2014-04-04,-0.019369305666506693,-0.019087975448159895,-0.011822161243305596,-0.010891963183605715,-0.00028133021834679875,-0.00819601226455418,49,24
2014-04-07,-0.014866254591880552,-0.012557426449275958,-0.011051248138771341,-0.007331227191173698,-0.0023088281426045937,-0.005226199258102261,50,28
2014-04-08,0.007175439978367269,0.01124987761840407,0.004122946442383313,0.005793037025794163,-0.004074437640036801,0.005456840592609907,50,28
2014-04-09,0.0187671943476719,0.024152421051616444,0.010750267263842872,0.014931269363527106,-0.005385226703944545,0.009221151688089338,50,29
2014-04-10,-0.02681039679445423,-0.028861794307089943,-0.021005902921057196,-0.019185438782412485,0.002051397512635715,-0.009676355524677459,50,31
2014-04-11,-0.012350431163334327,-0.012284228427938852,-0.009008189823272228,-0.014054998599629146,-6.6202735395475e-05,0.0017707701716902936,50,31
2014-04-14,0.008436772732820187,0.009260974150773135,0.007878707037449972,0.011739080381989255,-0.0008242014179529484,-0.00247810623121612,50,31
2014-04-15,0.007179746050205138,0.008165224051840631,0.006887308940318526,0.008564113363497355,-0.0009854780016354935,-0.0003988893116567242,50,31
2014-04-16,0.012998098328229523,0.012325524234604082,0.010477765834541852,0.009546303970731366,0.0006725740936254412,0.002779220263872716,51,31
2014-04-17,-0.0016956891034972791,-0.0032225762813006373,0.0013968161761230835,0.0025645962060241367,0.0015268871778033582,-0.005787172487324774,51,31
2014-04-21,0.0053332223802315575,0.007000807841301127,0.0034875224834314267,0.0061449395700452405,-0.0016675854610695698,0.0008558682712558868,52,31
2014-04-22,0.009227419236971493,0.01122884964942081,0.004544423960243682,0.004430321121188215,-0.0020014304124493162,0.006798528528232595,53,31
2014-04-23,-0.0013923467849797026,-0.004685644747332785,-0.002342069388882928,-0.0015675280296438916,0.0032932979623530824,-0.0031181167176888933,54,31
2014-04-24,2.8663608771347026e-05,0.0009746904942419532,0.0020272714947335846,0.005539899351086262,-0.0009460268854706062,-0.0045652088568443085,55,31
2014-04-25,-0.01040059183315006,-0.012916179544766355,-0.008199162550138861,-0.009238184000271973,0.002515587711616295,-0.0036779955444943817,55,33
2014-04-28,-0.0033105751392863503,-0.004810494195332126,0.0031676096574961843,-0.004203863269561929,0.0014999190560457754,-0.000606630925770197,55,33
2014-04-29,0.007870865796094086,0.008862678357827095,0.004654835830960158,0.010464886606108439,-0.000991812561733009,-0.0016022082482813442,57,33
2014-04-30,0.0030919373203653145,0.002776668923060404,0.00298298524997187,0.0025739882740187336,0.0003152683973049104,0.00020268064904167046,58,34
2014-05-01,0.0020715852346018084,0.003436767615330368,0.00010611138700955536,0.0019862801037897494,-0.0013651823807285597,0.0014504875115406188,58,38
2014-05-02,0.000968049602484774,0.0007493812920685303,-0.0014338988214002146,-0.00032499754765209006,0.0002186683104162437,0.0010743788397206203,58,38
2014-05-05,0.0028810990602584994,0.0031928057844306515,0.0019145438160055317,0.0030546042667438413,-0.00031170672417215207,0.0001382015176868102,59,38
2014-05-06,-0.011812817903057849,-0.013593485319007614,-0.008703936080615926,-0.012958983314929675,0.0017806674159497656,-0.0006345020040779397,59,38
2014-05-07,0.0018018621953209924,0.0009672797896248689,0.0058894682077912375,0.0014628068110538617,0.0008345824056961236,-0.0004955270214289929,59,38
2014-05-08,0.0005270837059503123,-0.0010752446086440442,-0.0010647429124109875,-0.0005055210162335257,0.0016023283145943565,-0.0005697235924105185,65,38
2014-05-09,0.002618783572659673,0.002680652240978733,0.0014919484760962387,0.003264494476077539,-6.18686683190599e-05,-0.0005838422350988061,65,38
2014-05-12,0.01663193155177411,0.018866461246211903,0.009736322719269719,0.015052916201876277,-0.002234529694437791,0.0038135450443356252,66,39
2014-05-13,0.00046875147690013814,0.0016070341082041022,0.0008955569795898732,0.0016600665811866537,-0.001138282631303964,-5.303247298255151e-05,66,39
2014-05-14,-0.005241001948153134,-0.005511734548496397,-0.004737890616959839,-0.003329378317884206,0.00027073260034326304,-0.0021823562306121907,66,39
2014-05-15,-0.010888293250361857,-0.011242443971149358,-0.008780361023867034,-0.010054133592775683,0.00035415072078750186,-0.0011883103783736759,66,40
2014-05-16,0.005140000392131266,0.004736463326022798,0.003468626832025201,0.00407407366253653,0.00040353706610846835,0.0006623896634862679,66,40
2014-05-19,0.006970455288124408,0.007508406451370566,0.0036695530952146616,0.004903668739090165,-0.000537951163246158,0.0026047377122804015,66,42
2014-05-20,-0.0077879039678968205,-0.006991549921417695,-0.006305167602146944,-0.008367923698544744,-0.0007963540464791252,0.0013763737771270487,66,50
2014-05-21,0.009892902162113224,0.009794965332010182,0.008424285218161742,0.007860441977728854,9.793683010304172e-05,0.0019345233542813287,66,50
2014-05-22,0.005098364367699915,0.0054314388621743035,0.0024319684433484756,0.0036081419204186845,-0.00033307449447438856,0.001823296941755619,66,50
2014-05-23,0.0063281328361471465,0.005850891220446602,0.004008976522194452,0.006078898505044202,0.00047724161570054414,-0.00022800728459759952,66,50
2014-05-27,0.006586714053765486,0.008384271471830441,0.006146865093864529,0.007301873576375264,-0.001797557418064956,0.0010823978954551776,67,50
2014-05-28,-0.0010599977577607593,-0.0010113821161396187,-0.0007312133381164321,-0.0020630648397938554,-4.8615641621140666e-05,0.0010516827236542368,67,50
2014-05-29,0.005333187189337247,0.005878723716546819,0.005172822766116969,0.005591133783121951,-0.0005455365272095721,0.0002875899334248682,67,50
2014-05-30,0.001155838856222713,0.0013764237723055638,0.0016118220478102963,0.000622075487315641,-0.00022058491608285087,0.0007543482849899228,68,50
2014-06-02,0.0018873724205502045,0.0016875309121262116,0.0011416301350550828,0.0004258026639984102,0.00019984150842399287,0.0012617282481278014,68,50
2014-06-03,-0.0006544631597647103,-0.0014763346503119312,-0.0005185170820731777,1.650378934445002e-05,0.0008218714905472209,-0.0014928384396563812,68,50
2014-06-04,0.0031069547471930725,0.0031905449129566994,0.0020224954848744314,0.003701102202456629,-8.359016576362692e-05,-0.0005105572894999297,68,50
2014-06-05,0.0059370506393616376,0.0055653776353909775,0.006522576765673804,0.008739321005738444,0.00037167300397066005,-0.0031739433703474665,68,50
2014-06-06,0.005910654553645429,0.005646098864950806,0.004782580745262166,0.0046370673673289,0.00026455568869462355,0.001009031497621906,68,50
2014-06-09,-0.0003431359985993534,-0.0001490041479654957,0.0010236785310751007,0.0034870359598853885,-0.00019413185063385768,-0.003636040107850884,68,50
2014-06-10,0.001605435233415221,0.0035798098175737706,0.00010226316849748507,0.0005849031626261577,-0.0019743745841585498,0.002994906654947613,68,50
2014-06-11,-0.004731394910746687,-0.005047126001864746,-0.00347639999723226,-0.005187207150539464,0.00031573109111805893,0.00014008114867471774,68,50
2014-06-12,-0.010584102763519473,-0.010998073184184961,-0.007080243076323045,-0.008836840774738126,0.00041397042066548817,-0.002161232409446835,68,50
2014-06-13,0.003310531436789932,0.003390509762980263,0.0030488539238540113,0.0006555880121245696,-7.99783261903309e-05,0.0027349217508556936,68,50
2014-06-16,0.00010835478069354598,9.196849278553243e-05,0.0008241190829318956,0.0012289557077519416,1.6386287908013553e-05,-0.0011369872149664092,68,51
2014-06-17,0.006473683353825595,0.007481626952499812,0.0027792446174508267,0.004772643811002906,-0.0010079435986742177,0.002708983141496906,68,51
2014-06-18,0.0054058138481897725,0.004816650648815034,0.0073397713839802314,0.00706686721058185,0.0005891631993747383,-0.0022502165617668156,68,51
2014-06-19,-0.0003362723522451743,-0.0006876840190416258,0.0011209016405218097,-0.0007137083358034125,0.00035141166679645154,2.6024316761786648e-05,68,51
2014-06-20,0.0006891621491932438,-0.0003698553517206738,0.002030728813129601,-0.0015502855664236528,0.0010590175009139175,0.001180430214702979,72,51
2014-06-23,0.0023101018575129866,0.0028983406658034797,-0.0003067704027380769,0.000723977255553893,-0.0005882388082904932,0.002174363410249587,72,51
2014-06-24,-0.0066483699683733515,-0.006192683798112977,-0.006024019289392224,-0.004023333197122846,-0.00045568617026037466,-0.0021693506009901305,72,51
2014-06-25,0.005334960128059217,0.006081254159695167,0.00451969301677746,0.00323929992219127,-0.0007462940316359506,0.002841954237503897,72,51
2014-06-26,-0.0010971141620127797,-0.0010037200055791138,-0.000715585101060956,-0.0012155078293205979,-9.339415643366583e-05,0.00021178782374148405,72,51
2014-06-27,0.003979669041137846,0.004930097148687668,0.0019444043740819428,0.0038348384083839488,-0.000950428107549822,0.001095258740303719,72,51
2014-06-30,-0.0015010504312111892,-0.0017112544729438008,-0.0005108331596163085,0.0019754156577653213,0.00021020404173261158,-0.003686670130709122,72,51
2014-07-01,0.00958949949786773,0.01074510600771625,0.006693260390330025,0.010581692618108249,-0.001155606509848521,0.00016341338960800152,72,55
2014-07-02,-0.002709795530225368,-0.0035681355647554274,0.0010151073534658828,-0.0009885416359459132,0.0008583400345300593,-0.0025795939288095144,72,55
2014-07-03,0.0055170342432058735,0.004991980083946433,0.004917865471665284,0.0050598414821605,0.0005250541592594403,-6.786139821406655e-05,72,55
2014-07-07,-0.006678222448578338,-0.006611024871777196,-0.0034810748177178663,-0.0046761828957742144,-6.719757680114218e-05,-0.0019348419760029812,72,55
2014-07-08,-0.010775536849718135,-0.012649950763854513,-0.006430185642519848,-0.009185610919958597,0.0018744139141363778,-0.0034643398438959153,72,55
2014-07-09,0.005174975515750845,0.005150077455141851,0.0044843198951500796,0.004318132097529573,2.4898060608994146e-05,0.0008319453576122781,72,55
2014-07-10,-0.004305839902647054,-0.0032822909857268207,-0.0039568362051841666,-0.00520459429417002,-0.0010235489169202333,0.0019223033084431991,72,55
2014-07-11,0.001879304094487471,0.0022723224521478185,0.0013749392687514295,0.0030216279349010223,-0.0003930183576603475,-0.0007493054827532038,73,55
2014-07-14,0.006232361532272564,0.007841035653603253,0.005035568501801091,0.0056735318183650804,-0.0016086741213306886,0.0021675038352381723,73,55
2014-07-15,-0.0026818669706010724,-0.002498547930179948,-0.0018724981916919958,-0.0019937041940916657,-0.00018331904042112428,-0.0005048437360882824,73,55
2014-07-16,0.0032044177980676274,0.004209960873127516,0.0037010857492025817,-0.0006507951048825365,-0.0010055430750598887,0.004860755978010053,74,55
2014-07-17,-0.011115724240146596,-0.010808684793258326,-0.011365671413994916,-0.01042793680475586,-0.0003070394468882697,-0.00038074798850246637,74,55
2014-07-18,0.011014043889127747,0.011072950934109848,0.010218868836421757,0.01025907326886495,-5.890704498210178e-05,0.0008138776652448984,74,55
2014-07-21,-0.0013636847850624402,-0.0004939805115013242,-0.0018714568948444699,-0.0027159510004651517,-0.0008697042735611159,0.0022219704889638275,74,57
2014-07-22,0.005485323167907612,0.005287018845675996,0.004357982526168147,0.003489533297589062,0.00019830432223161536,0.0017974855480869345,74,57
2014-07-23,0.003279512320551129,0.0036381531757002567,0.002219845920907959,0.0018482995224116346,-0.00035864085514912764,0.001789853653288622,74,57
2014-07-24,0.003934098219083455,0.0031245098528677843,5.0857289078498624e-05,0.0014645250733675173,0.0008095883662156706,0.001659984779500267,82,57
2014-07-25,-0.002190293553494536,-0.0031642259775605656,-0.004681928790796652,-0.00528862605105897,0.0009739324240660295,0.0021244000734984042,82,57
2014-07-28,-5.907218782921839e-05,-0.0004403454845813652,0.0004048720135130246,-0.00032162868066140806,0.0003812732967521468,-0.00011871680391995713,82,57
2014-07-29,-0.005597840509375057,-0.005966171261382324,-0.004297624214618878,-0.004680632773186136,0.00036833075200726727,-0.0012855384881961876,83,57
2014-07-30,0.0027618783526536846,0.0036416459361917827,0.0001525512148434771,0.0020671335634657737,-0.0008797675835380981,0.001574512372726009,83,57
2014-07-31,-0.018192724707114586,-0.018129556625898696,-0.01974809525265786,-0.017511092157219858,-6.316808121589051e-05,-0.0006184644686788379,83,57
2014-08-01,-0.004914241115285446,-0.005104715024861123,-0.003055530095765202,-0.003261727273593248,0.00019047390957567696,-0.0018429877512678747,83,57
2014-08-04,0.006112209746832543,0.0055664533340055436,0.007220584292192189,0.006942952051583839,0.0005457564128269997,-0.0013764987175782957,81,57
2014-08-05,-0.00786025677903449,-0.007876609543365965,-0.009696115812674377,-0.00687062334003448,1.6352764331475575e-05,-0.0010059862033314848,81,57
2014-08-06,-0.0014506990174749366,-0.0017246150877245163,0.00031256223476550105,0.0032045504199754962,0.0002739160702495797,-0.004929165507700012,80,57
2014-08-07,-0.001411141505261831,-0.0009917111531746088,-0.0054151434668217036,-0.0026782213290602016,-0.00041943035208722216,0.0016865101758855928,80,57
2014-08-08,0.010702883393875389,0.01057807721078275,0.011568999746160324,0.00977813190274543,0.00012480618309263815,0.0007999453080373212,80,57
2014-08-11,0.003354664163189984,0.003856087668702426,0.002898260008107112,0.004173761803694476,-0.0005014235055124422,-0.0003176741349920501,80,57
2014-08-12,-0.00377651925974315,-0.004195404069637541,-0.001393056130190251,-0.00336345937784244,0.00041888480989439114,-0.0008319446917951011,79,57
2014-08-13,0.006186623524243811,0.0058748369446800135,0.0067687101363997915,0.005293414176780247,0.00031178657956379766,0.0005814227678997662,78,57
2014-08-14,0.006547659891016786,0.007682230787953165,0.0047218254588554665,0.005532790062114974,-0.001134570896936379,0.0021494407258381915,78,55
2014-08-15,-0.0011563124343479197,-0.0012260675578030125,-0.00020431947423571462,-0.0002568199019501928,6.975512345509284e-05,-0.0009692476558528197,79,55
2014-08-18,0.011023524137524459,0.01004210786064386,0.008379288323967504,0.009378395009239416,0.0009814162768805989,0.0006637128514044438,79,63
2014-08-19,0.006454446260554399,0.004955221956759722,0.005218621113926458,0.004089593858901883,0.0014992243037946773,0.0008656280978578393,80,62
2014-08-20,0.004417234220500624,0.004016800214032623,0.002671580516501182,0.002248922983227617,0.0004004340064680005,0.0017678772308050063,78,62
2014-08-21,0.0012306898296623164,0.0019024479861096822,0.002915945439232903,0.0038860908026330226,-0.0006717581564473659,-0.00198364281652334,78,62
2014-08-22,0.00047313314789185337,-0.00013164754843499182,-0.0015538376131853937,-0.0013981830393170521,0.0006047806963268452,0.0012665354908820603,78,62
2014-08-25,0.004154453460896102,0.005059498074721323,0.005070463542571568,0.004208394340893003,-0.0009050446138252205,0.0008511037338283199,78,62
2014-08-26,0.000891267493884302,0.00047598779826690633,0.0006494515591837224,0.0011526650538109147,0.00041527969561739567,-0.0006766772555440084,81,62
2014-08-27,-0.0005181600565888957,-0.0005323923805031259,-0.0003993169028808641,0.00048633867823249816,1.4232323914230164e-05,-0.0010187310587356242,80,62
2014-08-28,-0.0015600717541810944,-0.0021646675334304074,-0.0005496070585129242,-0.0024295347036079125,0.000604595779249313,0.00026486717017750513,79,63
2014-08-29,0.0022352367095873587,0.0030095200973739022,0.0028484422695260747,0.0033161148844350415,-0.0007742833877865435,-0.00030659478706113923,79,59
2014-09-02,0.005249365629595848,0.006636302648799486,-0.0004983874411956801,0.002516958809295622,-0.0013869370192036374,0.004119343839503863,79,59
2014-09-03,-0.003081594355889777,-0.003617573898940932,-0.0005481545060855852,-0.002067462066116358,0.0005359795430511551,-0.001550111832824574,80,59
2014-09-04,-0.0009841498349507406,-0.0016193452167647426,-0.0014464361425782224,-0.0009398726125467882,0.0006351953818140019,-0.0006794726042179544,80,58
2014-09-05,0.004175224382114345,0.0028903639714002735,0.004495007136133378,0.0031297258176472354,0.0012848604107140718,-0.00023936184624696183,80,58
2014-09-08,-0.0020209453661112577,-0.0014401636921824797,-0.002585400399386817,-0.0023254756418545804,-0.0005807816739287781,0.0008853119496721007,69,57
2014-09-09,-0.005048369539379082,-0.005298666432966395,-0.006331544705529213,-0.009488948517153624,0.0002502968935873132,0.004190282084187229,69,57
2014-09-10,0.006078374362466723,0.0076193572328183,0.003762800702589608,0.004874090974075863,-0.0015409828703515762,0.002745266258742437,69,57
2014-09-11,0.0014552479295433527,0.001545683547516527,0.0011499489264836793,0.002444918387518484,-9.04356179731744e-05,-0.0008992348400019567,69,55
2014-09-12,-0.003649064372010513,-0.0025748419762875747,-0.0058414900745198395,-0.006026105181302918,-0.0010742223957229385,0.0034512632050153437,69,55
2014-09-15,-0.0033572402015798544,-0.004764440533037106,-0.0007534660141262917,-0.005692713390294735,0.0014072003314572513,0.0009282728572576294,67,56
2014-09-16,0.00615191748161381,0.007075371665055937,0.00753883722480464,0.004606274132144964,-0.0009234541834421267,0.002469097532910973,66,56
2014-09-17,0.0009629824844372843,0.001207484986327603,0.0013466392853433984,-0.000417894438901658,-0.00024450250189031865,0.0016253794252292608,66,56
2014-09-18,0.007054986571655359,0.008786506775701197,0.005329922322211189,0.005462658664546971,-0.0017315202040458378,0.0033238481111542264,66,56
2014-09-19,-0.002221426059391602,-0.0034542115277245104,-0.000901099487835122,-0.0016761816279263222,0.0012327854683329082,-0.0017780298997981882,68,56
2014-09-22,-0.009643251188018634,-0.00983699544599277,-0.007722524637901462,-0.00895270035445417,0.000193744257974136,-0.0008842950915385998,68,56
2014-09-23,-0.004804546665053373,-0.00443329202130669,-0.0057246505275000414,-0.004695824948620439,-0.00037125464374668325,0.0002625329273137486,68,60
2014-09-24,0.007743239938506773,0.00832499221240483,0.007827905693861048,0.008216285317222788,-0.0005817522738980566,0.00010870689518204142,68,62
2014-09-25,-0.016690029032088872,-0.01721848403402328,-0.016135779156668084,-0.014708636753031103,0.0005284550019344081,-0.0025098472809921765,68,62
2014-09-26,0.007541669323986601,0.006909170560110882,0.007945702909238683,0.009093055098041,0.0006324987638757192,-0.0021838845379301176,68,62
2014-09-29,-0.003197321701991753,-0.003277357513180834,-0.0018190895538172658,-0.002677919472035159,8.003581118908119e-05,-0.0005994380411456749,69,62
2014-09-30,-0.0032626766769414763,-0.0031716517228049766,-0.0026328859912574387,-0.002915619088308578,-9.102495413649972e-05,-0.0002560326344963988,69,62
2014-10-01,-0.014962641406485079,-0.01486621161392914,-0.013551525530736463,-0.011641144488173084,-9.642979255593785e-05,-0.0032250671257560565,69,62
2014-10-02,0.0012845785943355337,0.0014949505335637961,0.0001542559750478123,0.0014390667434638926,-0.00021037193922826243,5.588379009990353e-05,69,62
2014-10-03,0.012500335000181623,0.013632023502509718,0.01100949562531417,0.009923592631759775,-0.0011316885023280945,0.003708430870749943,69,62
2014-10-06,-0.0017043919445149489,-0.0020514306535723823,-0.0011705810635914693,0.000446465735458478,0.00034703870905743346,-0.0024978963890308604,69,59
2014-10-07,-0.0156959613993396,-0.016744239865825118,-0.015436025969657319,-0.01579638454636339,0.0010482784664855166,-0.0009478553194617288,68,59
2014-10-08,0.015047225635278945,0.015443748242184101,0.017489248614127817,0.016999446715328805,-0.0003965226069051562,-0.0015556984731447034,69,60
2014-10-09,-0.019256422385269457,-0.018356703445608955,-0.019833000905193132,-0.020591911606358627,-0.0008997189396605029,0.002235208160749673,69,60
2014-10-10,-0.015005065669319638,-0.01515633926349544,-0.011414646126164718,-0.009891541541744552,0.0001512735941758027,-0.005264797721750888,69,59
2014-10-13,-0.021339458735186844,-0.021478307116047615,-0.016426540033326886,-0.011477420740470924,0.00013884838086077045,-0.01000088637557669,67,59
2014-10-14,0.003883551983484264,0.006621857304577361,0.001546922197136258,0.0065057998266417555,-0.002738305321093097,0.0001160574779356053,67,59
2014-10-15,-0.004964838467663067,-0.006191608308313975,-0.006766123647950817,-0.00694404755166066,0.0012267698406509082,0.0007524392433466845,66,59
2014-10-16,-0.002097229323634252,-0.0025610476844319997,-0.0008580817144294706,0.000613745819059912,0.00046381836079774754,-0.0031747935034919118,66,57
2014-10-17,0.013325523371536674,0.01334827472888301,0.011811130673591297,0.010125454296493551,-2.2751357346336223e-05,0.003222820432389459,67,57
2014-10-20,0.010872975189540755,0.011516303312075104,0.009709501408200705,0.009619825884149278,-0.0006433281225343493,0.0018964774279258256,66,57
2014-10-21,0.022381894622561713,0.02331923116922092,0.019810757654334266,0.01869226094603966,-0.0009373365466592079,0.004626970223181263,66,57
2014-10-22,-0.006760961526644963,-0.006188889852102003,-0.00711100194201586,-0.0066380819874473,-0.0005720716745429601,0.00044919213534529677,66,57
2014-10-23,0.009457771851431932,0.01053253001788684,0.011624994395078136,0.011069371642207221,-0.0010747581664549075,-0.0005368416243203816,66,57
2014-10-24,0.0062065386383608825,0.006203476259430682,0.007695008876284604,0.003829931729335448,3.062378930200442e-06,0.002373544530095234,66,58
2014-10-27,-0.0028905153888308323,-0.002783151265843469,-0.0013742667717518975,-0.001863127898847954,-0.00010736412298736333,-0.000920023366995515,61,58
2014-10-28,0.015453362500502572,0.01607509183586015,0.011470229773861806,0.012442532904033823,-0.0006217293353575799,0.003632558931826329,59,56
2014-10-29,-0.0047012295568524655,-0.004684997270954224,-0.001512027001192795,-0.006193472043644642,-1.6232285898241418e-05,0.0015084747726904178,59,53
2014-10-30,0.008769911421739551,0.009009244609596057,0.0064103973993343555,0.006131799307460774,-0.00023933318785650595,0.002877445302135283,60,56
2014-10-31,0.012043751003105063,0.011901604145698824,0.011435257907135066,0.012644383760099385,0.000142146857406239,-0.0007427796144005606,59,56
2014-11-03,0.0005934655610403313,0.00015903278967063444,0.0005457182631125601,-0.0007612294700940443,0.00043443277136969685,0.0009202622597646788,59,56
2014-11-04,-0.0067597316936495915,-0.0075092676291281055,-0.0034693734787517583,-0.0017044694990540259,0.0007495359354785141,-0.00580479813007408,59,56
2014-11-05,0.00034964885185821633,0.0006425864594367087,0.006316400108500764,0.00421733668082917,-0.0002929376075784924,-0.0035747502213924615,52,56
2014-11-06,0.007518018820186187,0.006127943350469395,0.004002655553148493,0.0037904500462104837,0.0013900754697167917,0.0023374933042589114,53,56
2014-11-07,-0.0006501594798720926,-0.0014634546474499165,0.0009357658907878097,0.002316528704288321,0.0008132951675778239,-0.0037799833517382373,54,52
2014-11-10,0.0033506539768530783,0.0038364893369533157,0.003147347492749253,0.003776497660880287,-0.0004858353601002374,5.999167607302885e-05,54,52
2014-11-11,-0.00164720893231095,-0.0017394379387062257,0.0009804317149393338,0.0011714651666667368,9.222900639527568e-05,-0.0029109031053729624,60,52
2014-11-12,0.0035287495510909757,0.002996629162248349,-0.0010777833449368002,0.0012746929557421833,0.0005321203888426266,0.0017219362065061658,60,51
2014-11-13,-0.001006401942085962,-0.0011499976392113837,0.0011281552192585753,-0.0008281955315897783,0.00014359569712542168,-0.00032180210762160547,60,51
2014-11-14,0.0045383218328484635,0.003658224378918877,0.00024439984653867874,0.001515712096565112,0.0008800974539295865,0.002142512282353765,62,49
2014-11-17,-0.0006087926541506553,-0.00042438234300543054,0.0006368342563403129,-0.0002866458254251943,-0.0001844103111452248,-0.00013773651758023622,62,42
2014-11-18,0.005936906778601651,0.0059779544023207285,0.005773873010510355,0.004129971955136684,-4.104762371907791e-05,0.0018479824471840448,62,42
2014-11-19,-0.004491523995298188,-0.004815331151823162,-0.0016051749703225315,-0.004240440297483456,0.0003238071565249733,-0.0005748908543397055,62,42
2014-11-20,0.002300490788219111,0.002697983819521257,0.0017539318060788567,0.0024305362677982376,-0.00039749303130214584,0.00026744755172301935,62,46
2014-11-21,0.006046795418215414,0.0048270539034146465,0.005350678057799874,0.005997240456728674,0.0012197415148007679,-0.0011701865533140276,61,46
2014-11-24,0.0058422164131823415,0.007183227162535123,0.002806108750813996,0.00493671094580819,-0.0013410107493527813,0.002246516216726933,61,46
2014-11-25,0.00012609107255505023,0.0010725605916212572,-0.0007232378198216427,-0.001177477685884623,-0.0009464695190662069,0.0022500382775058805,61,46
2014-11-26,0.0035820072104296467,0.004280148165696526,0.002558788295962122,0.002436241223533077,-0.0006981409552668794,0.001843906942163449,60,46
2014-11-28,-0.001796267015580954,0.0014459152919170507,-0.0021193782176740505,-0.002114919815700632,-0.003242182307498005,0.0035608351076176826,60,46
2014-12-01,-0.01257849615355258,-0.015058322826379159,-0.006949767324069045,-0.010743626641927934,0.0024798266728265784,-0.004314696184451225,59,46
2014-12-02,0.006000898632678585,0.005113862563758303,0.0064641034024868205,0.00613707111298626,0.0008870360689202817,-0.0010232085492279568,61,46
2014-12-03,0.0072391354155907335,0.005012010433925028,0.0038628317092086473,0.0040662199940588225,0.002227124981665706,0.0009457904398662053,64,52
2014-12-04,-0.003298340551251984,-0.0022673336059931886,-0.0011061115597122972,-0.0036655808283916347,-0.0010310069452587954,0.001398247222398446,64,52
2014-12-05,0.0033871402946234457,0.00451660893498437,0.0016372868473830682,0.002623373925733869,-0.0011294686403609247,0.0018932350092505015,66,52
2014-12-08,-0.014180599280368822,-0.013207122743105558,-0.0066827540488144654,-0.008961475826085358,-0.0009734765372632643,-0.0042456469170202,67,52
2014-12-09,0.0009169711081623387,0.0009837788894602696,-0.00067765619100979,0.0019450799325433094,-6.680778129793086e-05,-0.0009613010430830399,67,52
2014-12-10,-0.019009151922288567,-0.01793416156139226,-0.01603127250728209,-0.016831185871238635,-0.0010749903608963073,-0.0011029756901536243,67,52
2014-12-11,0.004914250266405237,0.003973329527383009,0.005069969520606232,0.0031698748408553862,0.0009409207390222276,0.0008034546865276228,68,52
2014-12-12,-0.013881587240534274,-0.013036134539729773,-0.01616148701621256,-0.01677766663180828,-0.0008454527008045012,0.003741532092078507,71,50
2014-12-15,-0.008105313933477243,-0.009128198557356292,-0.006869590494100297,-0.009870890169793617,0.001022884623879049,0.000742691612437325,71,50
2014-12-16,-0.007015802843192929,-0.006773293106418337,-0.008019652979792236,-0.00787458898386523,-0.00024250973677459198,0.0011012958774468933,72,50
2014-12-17,0.021499724091426992,0.020849690948234845,0.01960487107206088,0.021564980077630688,0.0006500331431921469,-0.0007152891293958422,75,50
2014-12-18,0.02088434792612431,0.019017953756665526,0.02472873086360705,0.021886582033893962,0.0018663941694587842,-0.002868628277228436,75,50
2014-12-19,0.005858465787040185,0.0030678568434281467,0.00425512525027627,0.005103190832423829,0.0027906089436120383,-0.0020353339889956825,81,50
2014-12-22,0.002828668877496728,0.0024519795471262132,0.004599542789628819,0.004640735289398591,0.00037668933037051473,-0.002188755742272378,84,50
2014-12-23,0.0024478144588067686,0.0004337982646866673,0.0013496949819660209,0.0029838862713288355,0.0020140161941201015,-0.0025500880066421684,85,50
2014-12-24,0.0012183924687837729,0.0022848744286011772,9.644875161707311e-05,0.0018773191064964815,-0.0010664819598174044,0.00040755532210469576,86,50
2014-12-26,0.003611332943206838,0.0038745175322242157,0.0032249280826419646,0.004089936490374395,-0.0002631845890173779,-0.00021541895815017963,88,50
2014-12-29,0.0004526075765528659,-0.0011580475610939126,0.0013427914514452244,0.0008577259871138394,0.0016106551376467784,-0.002015773548207752,88,50
2014-12-30,-0.004596070815303585,-0.003960133243579194,-0.005366092523750199,-0.0057640521053366174,-0.0006359375717243905,0.001803918861757423,88,47
2014-12-31,-0.008654384903922105,-0.008273350101608252,-0.00992275758051242,-0.010233716746740394,-0.0003810348023138531,0.001960366645132142,89,48
2015-01-02,-0.0002903594373282959,0.00017159233027898014,-0.000535180746034758,0.00018915792484901466,-0.000461951767607276,-1.7565594570034522e-05,89,48
2015-01-05,-0.023097232005696435,-0.01964659751941867,-0.01805958182706857,-0.019769551763945153,-0.0034506344862777656,0.0001229542445264839,89,48
2015-01-06,-0.01248067279321473,-0.013012109866055882,-0.009418810281345169,-0.008831883890678845,0.0005314370728411524,-0.004180225975377037,91,48
2015-01-07,0.012175214021816818,0.014687730765691007,0.012461330580212815,0.01202100165625889,-0.002512516743874189,0.0026667291094321175,92,59
2015-01-08,0.017720589197803303,0.017309331204291296,0.017744932556130077,0.019313246877118825,0.000411257993512007,-0.0020039156728275283,93,59
2015-01-09,-0.009016488623552362,-0.008525353359186348,-0.008013583130885404,-0.009224190729175059,-0.0004911352643660136,0.0006988373699887106,94,59
2015-01-12,-0.008514343381165919,-0.007513938501354487,-0.00783342844278534,-0.008769092970298167,-0.001000404879811432,0.0012551544689436804,104,66
2015-01-13,-0.003676900391598391,-0.004204659344733793,-0.002812757013616052,-0.0013971374854702561,0.0005277589531354019,-0.002807521859263537,112,67
2015-01-14,-0.005969558476961278,-0.004355789326562239,-0.006037268310206345,-0.005634276885520691,-0.0016137691503990389,0.0012784875589584525,115,68
2015-01-15,-0.010738003504669167,-0.012306302039694385,-0.009160601640737842,-0.011277383554546752,0.0015682985350252178,-0.0010289184851476323,118,68
2015-01-16,0.013886683763475079,0.01299158907234931,0.013114380680490534,0.017395698284048734,0.0008950946911257685,-0.004404109211699423,119,72
2015-01-20,0.0030941151418938584,0.005021718575461737,0.0021323630103489144,0.0009512175784428512,-0.0019276034335678786,0.004070500997018885,121,74
2015-01-21,0.011401848323758679,0.013858977048902967,0.005048052732904651,0.011244252293060917,-0.0024571287251442878,0.0026147247558420492,122,75
2015-01-22,0.012270038026700243,0.01306751155209467,0.014870942744344529,0.016234686438571077,-0.0007974735253944275,-0.003167174886476406,124,81
2015-01-23,-0.003531436895952397,5.0168642051003866e-05,-0.005482736733752103,-0.0037782839499188262,-0.003581605538003401,0.00382845259196983,118,82
2015-01-26,0.005203339007855348,0.00512616098928649,0.0023416472139250466,0.005041211769111742,7.717801856885805e-05,8.494922017474819e-05,118,82
2015-01-27,-0.009683689593822532,-0.008781478853214595,-0.013190411742357133,-0.010711138506471485,-0.0009022107406079366,0.0019296596532568898,138,83
2015-01-28,-0.013385715735598776,-0.011759635695918933,-0.012824517818919468,-0.013937994051192702,-0.001626080039679843,0.0021783583552737688,141,84
2015-01-29,0.009940350578438456,0.01102475133204232,0.009243432566976573,0.011423998349766182,-0.0010844007536038643,-0.00039924701772386245,143,84
2015-01-30,-0.012066346569071646,-0.010247261678658985,-0.012574634272011886,-0.00836007822779855,-0.0018190848904126606,-0.0018871834508604347,145,84
2015-02-02,0.015367478751839511,0.011450588479189007,0.012384265137533657,0.013405368562160652,0.003916890272650504,-0.001954780082971645,147,86
2015-02-03,0.01837677944760805,0.017995264774552364,0.01446121365643216,0.010439195130838842,0.00038151467305568704,0.007556069643713522,147,86
2015-02-04,-0.007372642046459671,-0.007885188807913874,-0.003808156015513209,-0.0030284587042909224,0.0005125467614542035,-0.004856730103622952,148,88
2015-02-05,0.010433348547988353,0.010034107345114533,0.010095346858410625,0.011402349236825609,0.00039924120287382,-0.0013682418917110757,151,88
2015-02-06,-0.004577696501394469,-0.0028124196989100588,-0.002765404732885113,-0.004627633690157468,-0.0017652768024844106,0.0018152139912474097,158,88
2015-02-09,-0.002799548029089649,-0.0031891493098907785,-0.00447574768023129,-0.0029231456240488346,0.0003896012808011296,-0.0002660036858419439,159,88
2015-02-10,0.010347149447868355,0.010880479086417065,0.01065274777127323,0.008141348909819466,-0.0005333296385487095,0.0027391301765975987,180,89
2015-02-11,-0.0009628990284007491,0.0007448714010393806,0.0005807856652857435,-0.0002683891268198717,-0.0017077704294401297,0.0010132605278592522,181,94
2015-02-12,0.010165951054830341,0.010180346836657533,0.009616956758193851,0.010952959415725435,-1.4395781827191909e-05,-0.0007726125790679019,184,94
2015-02-13,0.0065951509722925366,0.009129631490050838,0.004116268131993506,0.005095736411264633,-0.002534480517758301,0.004033895078786205,188,94
2015-02-17,0.0026234962652930474,0.003940469809934088,0.0015730027217475406,-0.0012357283803535154,-0.0013169735446410405,0.005176198190287603,188,94
2015-02-18,0.0011350058321265566,-0.0005161496810096836,9.527725372349138e-05,-0.003256849762816909,0.0016511555131362402,0.0027407000818072255,188,88
2015-02-19,-0.0003856280547125135,-0.000770184289194046,-0.0007140266130462036,0.0001690167760182199,0.00038455623448153253,-0.0009392010652122659,188,89
2015-02-20,0.006364284469985395,0.004915919151671907,0.006000980349443852,0.005635133723673796,0.0014483653183134876,-0.0007192145720018887,188,92
2015-02-23,-0.0021484051951251642,-0.0007099490951368635,-0.0001421951601395799,-0.0011722889352357242,-0.0014384560999883007,0.0004623398400988607,190,94
2015-02-24,0.002562925589335178,0.00039460557423668806,0.0028406251304224917,0.0026344410787682874,0.00216832001509849,-0.0022398355045315996,191,94
2015-02-25,0.0007220210677103501,-6.328181678877704e-05,-0.0008499135398107871,-0.00027045837049795036,0.0007853028844991271,0.00020717655370917332,192,94
2015-02-26,-0.001018781467318554,0.0012240197735010306,-0.0011811430486038388,-0.0014724863727914698,-0.0022428012408195848,0.0026965061462925002,192,94
2015-02-27,-0.0020937235305388225,-0.0037509581902007427,-0.00340639445823554,-0.0030899225648468535,0.0016572346596619202,-0.0006610356253538893,194,96
2015-03-02,0.005417404303536052,0.006406196634841537,0.006313638226885798,0.007724161666640323,-0.0009887923313054853,-0.0013179650317987858,195,95
2015-03-03,-0.004439214952902924,-0.004959733730924853,-0.004104267239398718,-0.006697529092462305,0.0005205187780219292,0.0017377953615374522,195,98
2015-03-04,-0.0029008357222984472,-0.003035073445928828,-0.004215301414313588,-0.004286412038217988,0.0001342377236303806,0.0012513385922891598,196,99
2015-03-05,0.0005328197074743013,-6.9563007786455194e-06,0.001094138067874173,0.001792449317686251,0.0005397760082529468,-0.0017994056184648965,195,132
2015-03-06,-0.015249678320901027,-0.015854646091498534,-0.01406464699223986,-0.013934941201564166,0.0006049677705975073,-0.0019197048899343688,195,133
2015-03-09,0.0028363538996559806,0.001930840734617752,0.004144527904991424,0.0027293251702595217,0.0009055131650382287,-0.0007984844356417697,199,173
2015-03-10,-0.016252064999575926,-0.017111885761561706,-0.016221898665527146,-0.01677295362565318,0.0008598207619857808,-0.0003389321359085276,199,174
2015-03-11,-0.00030214842081138955,-0.0003674939112541486,-0.002341804218265131,0.002537483549706135,6.534549044275907e-05,-0.0029049774609602834,200,175
2015-03-12,0.012483420446476432,0.012195826252960994,0.01271423843113606,0.011821351570048102,0.00028759419351543844,0.00037447468291289254,200,175
2015-03-13,-0.006200167711688576,-0.005790833367562326,-0.006132449133739337,-0.0050695631301136915,-0.00040933434412625,-0.0007212702374486341,202,185
2015-03-16,0.011974961903714405,0.011442746213940544,0.013360665265761185,0.010721895242209137,0.0005322156897738604,0.0007208509717314075,204,185
2015-03-17,-0.002547759827325153,-0.0025730413951408283,-0.002972685598855551,-0.0017891170639768516,2.5281567815675383e-05,-0.0007839243311639767,206,184
2015-03-18,0.015177758710097699,0.015318638700078413,0.012021834177016189,0.014661916892024176,-0.00014087998998071373,0.0006567218080542371,206,184
2015-03-19,-0.005064939495514957,-0.005380653333784433,-0.004561654577809771,-0.00467455080504601,0.000315713838269476,-0.000706102528738423,210,184
2015-03-20,0.00887118687546433,0.010759766142101893,0.00882665390482762,0.011248651814351533,-0.001888579266637564,-0.0004888856722496393,210,184
2015-03-23,-0.00034185373477704426,0.0001183986503489194,-0.0019483474139315726,0.0006454682452985987,-0.00046025238512596364,-0.0005270695949496793,212,184
2015-03-24,-0.003854587872320935,-0.0037083059519839017,-0.00561897431660896,-0.0027991016800097755,-0.00014628192033703342,-0.0009092042719741262,212,184
2015-03-25,-0.013534008216909678,-0.013610734871588055,-0.014653851892595382,-0.013808053606928024,7.672665467837667e-05,0.00019731873533996962,213,181
2015-03-26,-0.00364810449178072,-0.002803584819070673,-0.0023814274820028736,-0.004433294707010607,-0.0008445196727100471,0.0016297098879399343,216,183
2015-03-27,0.002275128723618484,0.00154719803766213,0.0022899320142752977,-0.007433209920568781,0.0007279306859563541,0.00898040795823091,217,183
2015-03-30,0.010106100595531922,0.010384316952688306,0.01219952486909981,0.010145372986432815,-0.00027821635715638386,0.0002389439662554907,218,183
2015-03-31,-0.00834899440802629,-0.008458370706269746,-0.00873933909257163,-0.008040876570517113,0.00010937629824345554,-0.00041749413575263225,219,183
2015-04-01,-0.00313938487207788,-0.0018002597331743524,-0.0035360759140384834,-0.0018007066545279913,-0.0013391251389035274,4.469213536388659e-07,220,183
2015-04-02,0.005632135499333714,0.004136480798453394,0.0035972918852458236,0.004726736292609913,0.0014956547008803198,-0.0005902554941565191,221,183
2015-04-06,0.007592589780663235,0.008680176029228453,0.006733070070260805,0.007830938355620267,-0.0010875862485652176,0.0008492376736081858,226,183
2015-04-07,-0.001705613867208517,-0.0013752853221857075,-0.002646456150111942,-0.0022298200920268033,-0.0003303285450228094,0.0008545347698410957,226,183
2015-04-08,0.004358849855813046,0.004794334658741523,0.0033773080406276357,0.0036401954348865323,-0.00043548480292847705,0.0011541392238549907,226,190
2015-04-09,0.004262963706355015,0.0045161525740960795,0.004423564010439085,0.003153061125954595,-0.00025318886774106444,0.0013630914481414847,227,190
2015-04-10,0.004902497432789355,0.004418447918354575,0.005457048195232739,0.003709940072579201,0.0004840495144347798,0.0007085078457753744,227,190
2015-04-13,-0.003617661854793263,-0.003484900243240405,-0.004523078143833348,-0.003767859771504378,-0.00013276161155285817,0.0002829595282639731,231,190
2015-04-14,0.0030166688431066666,0.002479559314250012,0.0019127683126425321,0.003480392215420484,0.0005371095288566547,-0.0010008329011704721,232,190
2015-04-15,0.007391180272715967,0.006807471125281782,0.004487519721069866,0.0067762152909812585,0.0005837091474341846,3.125583430052363e-05,233,204
2015-04-16,0.0001647554334670626,-0.0002672741224403803,-0.0002851801471162041,-0.0019293711021271484,0.0004320295559074429,0.001662096979686768,233,204
2015-04-17,-0.01103733435582003,-0.01103042483500951,-0.011503706690534576,-0.012856048749957006,-6.909520810520833e-06,0.0018256239149474964,233,204
2015-04-20,0.00984952770064184,0.008758555528888335,0.009136987791550144,0.008672667361550982,0.0010909721717535046,8.588816733735329e-05,235,205
2015-04-21,-0.00024050252808101842,0.00014128018782491285,-0.001191490916924387,0.0007730210968741207,-0.00038178271590593127,-0.0006317409090492079,234,205
2015-04-22,0.003924646372281172,0.0043798430606811194,0.00491414409380897,0.005159470987272012,-0.000455196688399947,-0.0007796279265908923,235,205
2015-04-23,0.0029243918369294,0.0033878339103677463,0.002516393451232446,0.00288276565975172,-0.0004634420734383462,0.0005050682506160262,236,205
2015-04-24,0.0003363437421878751,0.0018441053289737922,0.002320526954669333,0.0005365043605859973,-0.001507761586785917,0.0013076009683877948,236,207
2015-04-27,-0.002500619204210512,-0.0026909830433559825,-0.004157748629334934,-0.0012685487881026777,0.00019036383914547038,-0.0014224342552533048,237,207
2015-04-28,0.0015447137832145408,0.0032563929071470488,0.0031785435626139336,0.0017246853679876994,-0.001711679123932508,0.0015317075391593493,237,206
2015-04-29,-0.0026775963728536273,-0.0041979294326825916,-0.004114532369985602,-0.007288766779565414,0.0015203330598289643,0.0030908373468828227,239,206
2015-04-30,-0.01181911597657006,-0.01166086907660875,-0.01002063664532371,-0.012940371708776693,-0.0001582468999613111,0.001279502632167943,239,206
2015-05-01,0.00994210145867573,0.010312791559593765,0.010841710164871676,0.009108144711306193,-0.000370690100918036,0.0012046468482875723,239,206
2015-05-04,0.002987308539779036,0.003278858149263612,0.002847089482917342,0.002608307434761098,-0.000291549609484576,0.0006705507145025138,238,213
2015-05-05,-0.011732725028553655,-0.011945981447163669,-0.011451383986261554,-0.011167269589477015,0.00021325641861001318,-0.000778711857686654,238,213
2015-05-06,-0.004226817017681608,-0.003097902053026027,-0.004117078231811511,-0.0008868158569038181,-0.0011289149646555806,-0.002211086196122209,240,213
2015-05-07,0.0033050019874805094,0.003503483687163077,0.003989560271037362,0.0032913445381387223,-0.00019848169968256744,0.00021213914902435457,241,216
2015-05-08,0.01240102136400901,0.013645824657569123,0.013166308007082517,0.013169733724923886,-0.001244803293560113,0.0004760909326452373,241,217
2015-05-11,-0.0023469428850542646,-0.003283913048848853,-0.004772797285750308,-0.0020877742256272236,0.0009369701637945886,-0.0011961388232216296,241,220
2015-05-12,-0.0024075553229042355,-0.0024877725456862437,-0.0029914387758674943,-0.002543912823518426,8.021722278200817e-05,5.614027783218227e-05,242,224
2015-05-13,0.001205956356676317,0.0013962192856663569,0.00019061538389952837,0.002166849061276102,-0.0001902629289900399,-0.0007706297756097452,242,226
2015-05-14,0.010876024315884181,0.011036954980338581,0.010427422035082401,0.009203280448769627,-0.0001609306644543996,0.0018336745315689542,241,226
2015-05-15,0.002581233487670527,0.0027367774332307596,0.0010841515873103447,0.001695719236572056,-0.00015554394556023272,0.0010410581966587035,243,230
2015-05-18,0.004354278090794525,0.0033728829864320712,0.00310669345862169,0.0030920815574247665,0.000981395104362454,0.00028080142900730473,243,237
2015-05-19,-0.002454003231788598,-0.0023234790458170913,-0.0003285848013524495,-0.0031911448762419114,-0.00013052418597150678,0.0008676658304248202,242,238
2015-05-20,0.0012613203292080825,0.0006375003351182748,-0.00070411918376867,2.214532153468902e-05,0.0006238199940898077,0.0006153550135835857,243,238
2015-05-21,0.0032809099044458535,0.003358223149654766,0.002912254088301758,0.003541954938507311,-7.73132452089125e-05,-0.00018373178885254483,246,238
2015-05-22,-0.0024299897769569398,-0.0028484614096779114,-0.0023885282253485185,-0.004130667861949371,0.00041847163272097166,0.0012822064522714591,247,238
2015-05-26,-0.011725389331197199,-0.012210989292808012,-0.01075195194748102,-0.013392935326475869,0.0004855999616108133,0.0011819460336678564,248,237
2015-05-27,0.008024992847735316,0.007742059651349469,0.009492426770001394,0.007556237465101156,0.0002829331963858468,0.0001858221862483132,250,237
2015-05-28,-0.0016415888691322536,-0.001239588301949955,-0.001128459890180844,-0.0014274995964474438,-0.00040200056718229854,0.0001879112944974887,251,238
2015-05-29,-0.006340822688191788,-0.00714717094397635,-0.006212890309081676,-0.008020305196826193,0.0008063482557845621,0.0008731342528498429,251,239
2015-06-01,0.0006470668542476641,0.001143240453126991,0.0020365257881200804,0.000758578317798157,-0.0004961735988793269,0.000384662135328834,250,239
2015-06-02,0.001852368340778926,0.0014307626361714904,-0.0009925346406789437,0.0023286721911525013,0.0004216057046074356,-0.0008979095549810109,250,239
2015-06-03,0.003051666995177187,0.0026469064891753978,0.002649446803462574,0.004710911904392004,0.0004047605060017892,-0.002064005415216606,250,239
2015-06-04,-0.00938198489034282,-0.008441977317171351,-0.008446448235849502,-0.008997493602227612,-0.0009400075731714683,0.0005555162850562605,249,239
2015-06-05,-0.00028105671246686227,-0.000720870027308722,-0.0017133484213514016,-0.0008677762449022728,0.0004398133148418597,0.00014690621759355085,252,237
2015-06-08,-0.0071952082246212615,-0.007098069779939608,-0.006149654813040195,-0.006260717658041728,-9.713844468165356e-05,-0.0008373521218978802,252,243
2015-06-09,-0.0009746239455802162,-0.0011713941196115389,-0.00014352586905663767,-0.0007310593630845651,0.00019677017403132264,-0.0004403347565269738,253,243
2015-06-10,0.012490203824689112,0.012615149804991586,0.01199298488481304,0.013951637358005822,-0.00012494598030247418,-0.0013364875530142359,252,246
2015-06-11,0.000972182701162668,0.00117850625681109,0.0032237255573546175,0.0010554585460911402,-0.00020632355564842192,0.00012304771071994973,253,246
2015-06-12,-0.006013148416777967,-0.006447407291085732,-0.007654896664122002,-0.005833109182800281,0.0004342588743077658,-0.000614298108285451,254,248
2015-06-15,-0.0041505086575101165,-0.004371525292213983,-0.004285554887487608,-0.0057056951230274175,0.00022101663470386682,0.0013341698308134342,254,249
2015-06-16,0.004648535096984474,0.00417381573312214,0.005451656815584904,0.0038329158943517716,0.0004747193638623337,0.0003408998387703687,253,249
2015-06-17,0.003367299397588837,0.003180237929160948,0.0016168783190988467,0.0009151176784402038,0.000187061468427889,0.0022651202507207443,253,254
2015-06-18,0.008902536591483753,0.008827758088862119,0.010399287792449918,0.009326434675327655,7.477850262163459e-05,-0.0004986765864655358,254,255
2015-06-19,-0.004468350860422908,-0.004452772213961187,-0.004439015053678053,-0.004466955093480003,-1.557864646172056e-05,1.418287951881602e-05,254,255
2015-06-22,0.007040813503481819,0.007469766515014853,0.005122946628596692,0.010331709436455607,-0.0004289530115330342,-0.0028619429214407546,253,255
2015-06-23,0.001234895046394106,0.0018431802601786243,0.0007077711961194222,0.001885938835971812,-0.0006082852137845184,-4.27585757931876e-05,251,255
2015-06-24,-0.007607982359928218,-0.007806611833594088,-0.007262459522731635,-0.007515984980420371,0.0001986294736658692,-0.000290626853173717,261,255
2015-06-25,-0.004349767631285865,-0.0038404462984591194,-0.0030403103030539613,-0.002404901007449974,-0.0005093213328267454,-0.0014355452910091455,260,255
2015-06-26,-0.0015482045369894523,-0.0022329382043314067,-0.00019058794545234736,-0.10759125788674538,0.0006847336673419544,0.10535831968241398,261,256
2015-06-29,-0.02097281501016522,-0.02136890806248776,-0.020970419222132275,-0.022616796826052787,0.0003960930523225388,0.0012478887635650263,261,258
2015-06-30,0.0017945839074721332,0.0020644995751661678,0.0020933721878739764,0.001390010061390309,-0.0002699156676940345,0.0006744895137758588,261,258
2015-07-01,0.005386130133044907,0.004418987812986694,0.008015435669691318,0.003726269756514895,0.0009671423200582133,0.0006927180564717987,263,258
2015-07-02,0.00012236395699396151,0.00021791217384567335,-0.0009154122962868882,-0.0012104147674132477,-9.554821685171184e-05,0.001428326941258921,262,258
2015-07-06,-0.006528371663821209,-0.006959792822555463,-0.002846192752563148,-0.0076595304053430294,0.00043142115873425445,0.0006997375827875662,263,258
2015-07-07,0.005136344358484949,0.004763486583720147,0.00628890459828102,0.0036686039134291447,0.00037285777476480254,0.001094882670291002,264,258
2015-07-08,-0.017172314826923225,-0.017819052798358864,-0.01677782233784908,-0.017281719279287348,0.0006467379714356382,-0.0005373335190715159,263,258
2015-07-09,0.0033996426173264834,0.0038793369608821674,0.0018094192061268721,0.005626738064029546,-0.00047969434355568403,-0.0017474011031473782,262,254
2015-07-10,0.013682699610652006,0.013736466967607452,0.012591302591246079,0.014496955230051251,-5.376735695544581e-05,-0.0007604882624437995,262,254
2015-07-13,0.01038923909189573,0.01112813499842362,0.011037473716826618,0.010138543979294217,-0.000738895906527889,0.0009895910191294027,262,254
2015-07-14,0.004313662116872365,0.004382200094019486,0.004337998268928889,0.004719504801252139,-6.853797714712062e-05,-0.0003373047072326527,262,250
2015-07-15,-0.0021981093015393358,-0.003845788713957098,-0.0003324920303802159,-0.00552932180793197,0.0016476794124177623,0.0016835330939748718,262,255
2015-07-16,0.007908925616325016,0.007727303610275962,0.008024451954863565,0.006217312642741213,0.00018162200604905383,0.0015099909675347495,260,255
2015-07-17,-0.0033713116390727584,-0.0037295489188963597,0.0008478752303764381,-0.004409134655516487,0.0003582372798236013,0.0006795857366201272,258,255
2015-07-20,-0.0015152481986294938,-0.0019475360847779053,0.0005179132981363299,-0.002869006482340279,0.00043228788614841154,0.0009214703975623738,260,253
2015-07-21,-0.0038937950206007657,-0.0036593327261786775,-0.003951467698481981,-0.003246540349656096,-0.00023446229442208822,-0.0004127923765225813,259,252
2015-07-22,-0.004297143500697151,-0.005294910559875992,-0.0017945983732683413,-0.002046439420788149,0.0009977670591788407,-0.003248471139087843,260,256
2015-07-23,-0.006324122509288266,-0.0065452484870956295,-0.00562992048410027,-0.004407121197988064,0.0002211259778073637,-0.0021381272891075652,259,256
2015-07-24,-0.013081956675291304,-0.013968296458739612,-0.010371928316390888,-0.01135146108808972,0.0008863397834483078,-0.0026168353706498924,259,255
2015-07-27,-0.006066801601993748,-0.005934247564385974,-0.005817457683137794,-0.0056552549865280625,-0.00013255403760777454,-0.0002789925778579113,259,255
2015-07-28,0.011988527932341926,0.013353229367783975,0.012282894472422479,0.012660010880218987,-0.0013647014354420482,0.0006932184875649873,245,255
2015-07-29,0.008938741796116714,0.008868238283080088,0.006879240527919217,0.007840911752383514,7.050351303662661e-05,0.0010273265306965738,242,255
2015-07-30,0.0007950828208994166,0.000413445770937538,0.00023738046866239593,0.0005653623073755773,0.0003816370499618786,-0.00015191653643803927,242,265
2015-07-31,0.0003671083695969321,0.000678982011683054,-0.0015180215783072715,0.0022409615228102006,-0.0003118736420861219,-0.0015619795111271465,240,265
2015-08-03,-0.005049530120301841,-0.005435358655096688,-0.003373086655816371,-0.005512150121572791,0.0003858285347948468,7.679146647610307e-05,241,262
2015-08-04,-0.002002966868209705,-0.0024520520853690275,-0.001954003818803729,-0.0032123814962283577,0.0004490852171593223,0.0007603294108593302,242,262
2015-08-05,-9.369856729203295e-05,-0.0002317236260330982,0.003295003350821224,0.0014957064462038277,0.00013802505874106524,-0.001727430072236926,243,261
2015-08-06,-0.00680343068447522,-0.0061762329916826755,-0.008187528597833449,-0.004444529925602738,-0.0006271976927925442,-0.0017317030660799378,242,261
2015-08-07,-0.004072649127428014,-0.004081064230437039,-0.001919692398352768,-0.003114345521045497,8.415103009025253e-06,-0.0009667187093915421,241,262
2015-08-10,0.01409032784451848,0.014384790770743902,0.012599052106609054,0.014305334319990015,-0.0002944629262254233,7.945645075388766e-05,239,265
2015-08-11,-0.01125854741914159,-0.012064251874132112,-0.00902292640245439,-0.011110274627280505,0.0008057044549905218,-0.0009539772468516068,226,264
2015-08-12,0.002086003409107702,0.001752518828573704,0.0011978796194287433,-0.0014022548828530898,0.00033348458053399804,0.003154773711426794,225,262
2015-08-13,-0.0013852605311429976,-0.0016224921827731281,-0.0012443077902326571,-0.0018100285014682103,0.00023723165163013057,0.00018753631869508213,223,262
2015-08-14,0.003999835116008356,0.003600741925200073,0.0036423475661628846,0.004394622933114645,0.0003990931908082829,-0.0007938810079145724,223,262
2015-08-17,0.0061011474500124036,0.005141587697721215,0.005586671957102274,0.005088639968481689,0.0009595597522911881,5.294772923952664e-05,223,264
2015-08-18,-0.003248227191612157,-0.0027364701806791045,-0.0028967395845139743,-0.004425345576006683,-0.0005117570109330525,0.0016888753953275787,223,264
2015-08-19,-0.009124754628871667,-0.00911249972008841,-0.007905579708144206,-0.008820878269820647,-1.2254908783256718e-05,-0.0002916214502677629,223,265
2015-08-20,-0.02317043792282094,-0.0234391114698243,-0.02088098394007587,-0.02223096532898931,0.0002686735470033598,-0.0012081461408349897,224,265
2015-08-21,-0.029616828341679155,-0.029551912050081435,-0.03010256124260835,-0.02577074717106277,-6.491629159771986e-05,-0.0037811648790186635,222,264
2015-08-24,-0.039802200580753046,-0.03912423484279747,-0.04210699792128092,-0.03731399642958549,-0.0006779657379555742,-0.0018102384132119842,219,264
2015-08-25,-0.0106228012143714,-0.011176106595843555,-0.011767930515901526,-0.008932203927699662,0.0005533053814721547,-0.0022439026681438934,219,264
2015-08-26,0.03597447166327722,0.03528092830668043,0.03839391917318191,0.02860107400602204,0.0006935433565967916,0.006679854300658386,223,264
2015-08-27,0.02529211100253829,0.025889150944594534,0.024735159361976455,0.024356198536547122,-0.0005970399420562426,0.0015329524080474125,224,264
2015-08-28,0.0030664745567001296,0.0032519205338443083,4.98108522655194e-05,0.002802063428641947,-0.00018544597714417873,0.00044985710520236127,224,264
2015-08-31,-0.00889718957338271,-0.00845288604870231,-0.008078807339010341,-0.005918371028676551,-0.0004443035246803999,-0.002534515020025758,224,264
2015-09-01,-0.029507211202287015,-0.02964718514328308,-0.029847467193570676,-0.029190915073641594,0.0001399739409960639,-0.0004562700696414852,224,264
2015-09-02,0.0167383900926695,0.01614706531780264,0.01898078758888233,0.014715522953601174,0.0005913247748668589,0.0014315423642014668,224,246
2015-09-03,0.0009071154218654681,0.00125994633030822,0.0007165726869193811,0.001996485280590072,-0.00035283090844275195,-0.000736538950281852,224,247
2015-09-04,-0.0150621641240562,-0.015479231633897443,-0.015136703861045375,-0.013973488404523046,0.0004170675098412423,-0.0015057432293743966,222,229
2015-09-08,0.02383037297771689,0.024918450793310645,0.025130992200723234,0.02273425747043826,-0.0010880778155937555,0.002184193322872386,224,229
2015-09-09,-0.012756168115420068,-0.012629250366958996,-0.013371869505229173,-0.010728651435373746,-0.0001269177484610716,-0.0019005989315852498,225,228
2015-09-10,0.003852824932760071,0.003274599498979197,0.005441886229200277,0.003575836567766984,0.000578225433780874,-0.00030123706878778687,225,235
2015-09-11,0.002009654897658517,0.001658732716788192,0.004544303563862373,0.0012492446077033007,0.00035092218087032505,0.00040948810908489125,226,225
2015-09-14,-0.004453476590446239,-0.005141304353990393,-0.0037107420999269447,-0.0054565042672859755,0.0006878277635441535,0.00031519991329558277,224,227
2015-09-15,0.013308942830209475,0.013536054597300775,0.012499671218931141,0.012668863809046709,-0.00022711176709130053,0.0008671907882540665,218,227
2015-09-16,0.010819869077013643,0.01081710157684455,0.008666591475962715,0.012567027403869288,2.7675001690926487e-06,-0.001749925827024738,227,227
2015-09-17,-0.0013025772103780284,-0.0010256348985462748,-0.0022481629477743015,-0.0012933509663191518,-0.00027694231183175363,0.00026771606777287703,224,227
2015-09-18,-0.015431860003228324,-0.01577381339321439,-0.01634139577446847,-0.01691229027863038,0.000341953389986065,0.00113847688541599,225,228
2015-09-21,0.0035903344676498543,0.0038827188545216885,0.005167598626182324,0.003941293412820209,-0.0002923843868718342,-5.85745582985203e-05,229,228
2015-09-22,-0.013066244598210751,-0.013277840965727705,-0.0129796746403944,-0.0135049795989476,0.00021159636751695403,0.00022713863321989491,229,228
2015-09-23,-0.003493200165893968,-0.003707508506113367,-0.001598755258196416,-0.005974804782970843,0.00021430834021939895,0.002267296276857476,229,228
2015-09-24,-0.003911185948357865,-0.004614982075210213,-0.0036158521265157173,-0.004697218041983577,0.0007037961268523485,8.223596677336357e-05,229,226
2015-09-25,-0.0003619603412019218,8.708151759164072e-05,-0.0002592597358653803,-0.0012002652077057713,-0.0004490418587935625,0.001287346725297412,228,226
2015-09-28,-0.02693433129374919,-0.026050149433647373,-0.025096698673040985,-0.1076339604002056,-0.0008841818601018174,0.08158381096655823,227,226
2015-09-29,0.00012648663679783582,-0.0004095575111823886,0.0005847206655504866,-0.0013514123007171107,0.0005360441479802244,0.0009418547895347221,227,226
2015-09-30,0.020531139769903478,0.021803690047789016,0.018658406383129877,0.019576163459778573,-0.0012725502778855383,0.002227526588010443,226,229
2015-10-01,0.001378137220043305,0.0006562372094872529,0.0026089215955769074,0.0013196486949544164,0.0007219000105560521,-0.0006634114854671635,224,229
2015-10-02,0.015829591384341278,0.016621752911159325,0.014937825165667329,0.017285283979590012,-0.0007921615268180471,-0.0006635310684306867,225,230
2015-10-05,0.019354573195216176,0.02025391215116508,0.0177951152447966,0.020338562947862834,-0.0008993389559489029,-8.465079669775499e-05,225,230
2015-10-06,-0.0038632667111739827,-0.0020309262405084952,-0.003426149758104957,-0.0028448690728614056,-0.0018323404706654875,0.0008139428323529103,226,225
2015-10-07,0.009579845804742321,0.009128760228701563,0.008190584625044295,0.01123783155193442,0.00045108557604075887,-0.0021090713232328577,225,229
2015-10-08,0.010103175940916928,0.010381255795554288,0.009026451082375875,0.009401546653437516,-0.00027807985463735967,0.000979709142116772,225,229
2015-10-09,0.0008285952363556121,-0.00015576338599339283,0.000596434636206622,0.001355077840306149,0.0009843586223490049,-0.0015108412262995418,221,230
2015-10-12,-0.00013268808240667987,-0.0003911176828998875,0.0009439354729627869,-0.001582737785069355,0.0002584296004932076,0.0011916201021694676,220,234
2015-10-13,-0.007989403559146898,-0.00810661738139249,-0.006302335866688269,-0.007713819784427387,0.00011721382224559249,-0.0003927975969651035,219,221
2015-10-14,-0.004583878774544534,-0.00422096025076719,-0.004793895751475374,-0.00459251866802698,-0.0003629185237773438,0.0003715584172597902,219,222
2015-10-15,0.014533860385071175,0.014054502697059707,0.015354372138897343,0.014711806816240725,0.0004793576880114687,-0.0006573041191810184,221,222
2015-10-16,0.004020209187169129,0.0031143658504583466,0.004546603383744463,0.00322676278719835,0.000905843336710782,-0.00011239693674000356,232,221
2015-10-19,-0.0003688141858376777,-0.00035134654214152015,0.0004919768444933137,-0.0015663111316477488,-1.7467643696157534e-05,0.0012149645895062288,231,227
2015-10-20,0.000823874471148534,0.0013235747832951207,-0.0012786543964189434,0.0003372948574863661,-0.0004997003121465867,0.0009862799258087546,231,227
2015-10-21,-0.00568672195786168,-0.005076533107349365,-0.006203307262308777,-0.008018182158021482,-0.0006101888505123153,0.002941649050672117,233,228
2015-10-22,0.016082287643160317,0.016157771353976263,0.016893354269703842,0.01146799216710494,-7.548371081594549e-05,0.004689779186871322,236,227
2015-10-23,0.007348352417404342,0.0068094423821975095,0.010962208134698725,0.006800812494719963,0.0005389100352068323,8.629887477546762e-06,234,227
2015-10-26,-0.0033455636763363526,-0.00396100082350531,-0.0024579107846288695,-0.003860138940303919,0.0006154371471689575,-0.0001008618832013912,234,227
2015-10-27,-0.0030019634655541532,-0.006649491535336844,-0.001932535236341626,-0.00578554327429202,0.0036475280697826906,-0.0008639482610448236,233,227
2015-10-28,0.012985539814502404,0.012921475665916626,0.011374800073221003,0.014358365103065405,6.406414858577819e-05,-0.0014368894371487792,232,227
2015-10-29,-0.0027958136265000865,-0.0017185749700205373,-0.0005739918868941096,-0.0027439854140296157,-0.0010772386564795492,0.0010254104440090785,232,227
2015-10-30,-0.0030394583320785197,-0.0031796416850922832,-0.004310252150843352,-0.0029016736015228827,0.0001401833530137635,-0.0002779680835694005,232,224
2015-11-02,0.011168911909152394,0.012557757979411766,0.011830834784130717,0.01323472592909089,-0.0013888460702593721,-0.0006769679496791241,233,224
2015-11-03,0.00373516304716756,0.004675722923753991,0.002899767046986579,0.004208439502585291,-0.0009405598765864311,0.00046728342116870037,232,225
2015-11-04,-0.003647856573389284,-0.004150543699470223,-0.0030329025944417776,-0.005812279029083208,0.0005026871260809386,0.0016617353296129855,230,228
2015-11-05,-0.0023812080473047557,-0.0029738980014119057,-0.0009986853101807691,-0.004972639995042439,0.00059268995410715,0.0019987419936305334,230,230
2015-11-06,0.001235642374834378,0.0020418659578246446,-0.000523205428829554,0.0006793819352121543,-0.0008062235829902665,0.0013624840226124902,230,228
2015-11-09,-0.009655202098265132,-0.00936043242273971,-0.009331818278986992,-0.010303123215217876,-0.00029476967552542234,0.0009426907924781659,230,225
2015-11-10,0.0023004374005518463,0.0017990227594680526,0.0023067953623046034,-0.0001343963677348689,0.0005014146410837936,0.0019334191272029216,231,223
2015-11-11,-0.006224787670910324,-0.00534264644376295,-0.00393120255503665,-0.0025942484276951674,-0.0008821412271473733,-0.002748398016067783,229,226
2015-11-12,-0.014815020343885937,-0.015370908011082825,-0.013960240595156659,-0.014183836164130728,0.0005558876671968877,-0.0011870718469520966,230,222
2015-11-13,-0.012833841407192344,-0.011906619403298594,-0.011228116822670109,-0.00888127225613366,-0.00092722200389375,-0.003025347147164934,231,214
2015-11-16,0.01602939345001906,0.016834766300749194,0.015206580617730836,0.014564531189585722,-0.0008053728507301343,0.0022702351111634714,231,213
2015-11-17,-0.0007979213628919414,-0.0017022263524866775,-0.0007290430956521377,-0.0028497210043271874,0.0009043049895947361,0.00114749465184051,230,213
2015-11-18,0.016039873243945478,0.01564438965946451,0.01586596855587774,0.01657589207982727,0.0003954835844809691,-0.0009315024203627627,230,213
2015-11-19,-0.0024320045530714664,-0.002551479896751227,-0.0008622886317286582,-0.0034456308381214775,0.0001194753436797604,0.0008941509413702507,230,215
2015-11-20,0.002998635839852691,0.003588125545561461,0.0036440621968258924,0.00112784821306349,-0.0005894897057087704,0.0024602773324979713,230,215
2015-11-23,-0.0009136064500911727,-0.0013579234030056439,-0.0011468811929796763,0.0009721778231029988,0.0004443169529144711,-0.0023301012261086424,227,217
2015-11-24,0.0024445616341117493,0.0019612994754950775,0.0013394770775077003,0.00253682436170575,0.0004832621586166718,-0.0005755248862106726,228,217
2015-11-25,0.001018405378206716,0.0010085557317178594,-0.000143419949392376,0.0009848639836526442,9.849646488856514e-06,2.3691748065215188e-05,228,215
2015-11-27,-0.00019194385302313358,-0.0002657418082446875,0.0011463034026009122,0.001116598789886038,7.379795522155391e-05,-0.0013823405981307254,228,215
2015-11-30,-0.0031372078612156833,-0.0031596912613021536,-0.004151179908501779,-0.002461931418731034,2.2483400086470255e-05,-0.0006977598425711197,228,215
2015-12-01,0.008068276007256814,0.007988160605832217,0.009535622604604166,0.006886813430551331,8.011540142459708e-05,0.001101347175280886,228,215
2015-12-02,-0.012031609334008255,-0.012514889359820407,-0.010205082355224215,-0.016014236856987468,0.0004832800258121519,0.003499347497167061,228,216
2015-12-03,-0.015293235967008113,-0.016855511076286796,-0.014002853070043786,-0.017160390973413698,0.0015622751092786834,0.0003048798971269015,226,215
2015-12-04,0.01651599768007821,0.017128571762036363,0.019502960744009812,0.008951434837683375,-0.0006125740819581532,0.008177136924352988,226,209
2015-12-07,-0.010196791614631901,-0.010341996994472382,-0.006058545858437903,-0.02023012260034069,0.00014520537984048093,0.009888125605868308,226,210
2015-12-08,-0.006778861602523948,-0.007424941368159273,-0.00671930256125608,-0.01074528638551478,0.000646079765635325,0.0033203450173555065,226,205
2015-12-09,-0.006005576986780654,-0.006128343627411772,-0.007779986511232795,-0.0009106160861587589,0.00012276664063111831,-0.005217727541253013,227,209
2015-12-10,0.002723052840538812,0.0034584326601048523,0.0025812189764171656,0.001580409096776069,-0.0007353798195660404,0.0018780235633287833,229,208
2015-12-11,-0.021148248923008674,-0.021091391111090204,-0.019381070382076704,-0.024494806035731804,-5.685781191847039e-05,0.0034034149246416,228,209
2015-12-14,-0.0007443366000680943,-0.0014975616774906971,0.005052462138404046,-0.003633097759734546,0.0007532250774226028,0.0021355360822438493,229,210
2015-12-15,0.010389681690578474,0.010889566807034692,0.010498063632113475,0.00974550757652367,-0.0004998851164562182,0.0011440592305110228,228,209
2015-12-16,0.015296802356892503,0.015286225214490872,0.014632072337438906,0.016839150453321784,1.0577142401631615e-05,-0.0015529252388309118,228,212
2015-12-17,-0.019357863594295834,-0.01934532112084315,-0.015238698043851029,-0.023979075745464085,-1.254247345268411e-05,0.004633754624620935,226,212
2015-12-18,-0.016487521096300264,-0.016527126113229013,-0.0178146232479105,-0.007586269939986447,3.960501692874818e-05,-0.008940856173242567,225,212
2015-12-21,0.00822001896332705,0.008100091035783392,0.008249103195657748,0.005814335616485136,0.00011992792754365704,0.0022857554192982563,225,212
2015-12-22,0.010361356405047019,0.010372116784055316,0.009073845849885576,0.014212793473334246,-1.0760379008297252e-05,-0.0038406766892789303,225,212
2015-12-23,0.01578274971965313,0.01643535810027719,0.012383404055901881,0.024098301072264145,-0.000652608380624059,-0.007662942971986955,226,213
2015-12-24,-0.001365275424861099,-0.0018483652014858066,-0.0016500882818367701,-0.0002367885262162541,0.0004830897766247076,-0.0016115766752695525,226,213
2015-12-28,-0.0039035623138374614,-0.003740897005518727,-0.0022850598739851957,-0.007732668012301921,-0.00016266530831873446,0.003991771006783194,226,209
2015-12-29,0.009693381231371645,0.009798406044760581,0.010671884511850527,0.01121732013353973,-0.0001050248133889365,-0.0014189140887791492,226,209
2015-12-30,-0.008026464891549937,-0.008111053368914775,-0.0070877275678282725,-0.009459275730049786,8.458847736483865e-05,0.0013482223611350104,229,209
2015-12-31,-0.007657444167743886,-0.006998383626201296,-0.010003448583939534,-0.0018670169720830735,-0.0006590605415425898,-0.005131366654118222,229,209
2016-01-04,-0.013266699213671225,-0.013445468826381361,-0.013979644627814536,-0.014209803211820365,0.0001787696127101366,0.0007643343854390038,228,208
2016-01-05,0.0010140206154198555,0.001258433838639737,0.0016914019573111005,-0.0002408952677586214,-0.00024441322321988156,0.0014993291063983584,228,208
2016-01-06,-0.016092005215542875,-0.016203472956813986,-0.012614039251687359,-0.020675292906515954,0.00011146774127111098,0.004471819949701968,228,209
2016-01-07,-0.025690529619307952,-0.025305908473840788,-0.023991654473596524,-0.029568947848406843,-0.0003846211454671643,0.004263039374566055,229,208
2016-01-08,-0.010859128576360655,-0.010303831280263203,-0.010976702488014523,0.013542673082257291,-0.0005552972960974518,-0.023846504362520494,230,208
2016-01-11,-0.002375321082428049,-0.0018693700505789705,0.0009897480855243224,-0.006623933213237499,-0.0005059510318490784,0.004754563162658529,222,209
2016-01-12,0.006168822840891243,0.005666614127481805,0.008068827194191774,0.0021235544415949613,0.0005022087134094379,0.0035430596858868437,221,209
2016-01-13,-0.02680546698336564,-0.02689512045089865,-0.024940740199412725,-0.03100640301249153,8.965346753301087e-05,0.004111282561592881,219,206
2016-01-14,0.01787801341760721,0.01996616748325658,0.01641680773169263,0.01920051531918787,-0.0020881540656493697,0.0007656521640687121,221,206
2016-01-15,-0.02130370189052436,-0.022040284086145813,-0.021466363508912067,-0.02389765653850504,0.0007365821956214526,0.001857372452359226,223,206
2016-01-19,-0.0020297523311825134,-0.0016011535762947315,0.0013312826299498592,-0.008629525603258845,-0.00042859875488778193,0.007028372026964113,224,208
2016-01-20,-0.00967230635942992,-0.010521535732001543,-0.012814939168523942,-0.014060505304152367,0.0008492293725716228,0.0035389695721508244,239,215
2016-01-21,0.006971534080102393,0.007589285625916255,0.005601904714061856,0.015271429134017755,-0.0006177515458138617,-0.0076821435081015,243,211
2016-01-22,0.021827713398246292,0.022887193875296637,0.0205157935095992,0.03520212138898175,-0.0010594804770503452,-0.012314927513685115,245,212
2016-01-25,-0.017398795908725402,-0.01732335858325857,-0.015117207283687373,-0.020711025358152658,-7.543732546683168e-05,0.0033876667748940874,247,212
2016-01-26,0.017816075700756117,0.018771661482859314,0.01364302124507244,0.019534181706367292,-0.0009555857821031966,-0.0007625202235079787,249,212
2016-01-27,-0.010034444064295642,-0.009371500445272166,-0.01088303987516126,-0.009070487457200026,-0.0006629436190234757,-0.00030101298807213954,246,213
2016-01-28,0.006131063592993624,0.004344073189281638,0.0052091139385053165,0.006002206881460747,0.0017869904037119862,-0.0016581336921791092,246,214
2016-01-29,0.02791367914220177,0.027652134982856933,0.02437757907863225,0.029256892527170644,0.0002615441593448384,-0.0016047575443137105,246,215
2016-02-01,0.00015816586243480715,8.796528495677686e-05,-0.00036134943501919814,-0.005139883373378205,7.020057747803029e-05,0.005227848658334981,244,217
2016-02-02,-0.02155184036206083,-0.021493143825998928,-0.01802209507019159,-0.02087124757274243,-5.869653606190017e-05,-0.0006218962532564994,245,217
2016-02-03,0.008156968850142797,0.008857447101707513,0.005994976166081578,0.012171258899938508,-0.0007004782515647161,-0.003313811798230995,243,217
2016-02-04,0.004691047251810555,0.005016509599041396,0.001567634791173056,0.0026693074366100824,-0.00032546234723084076,0.0023472021624313137,239,220
2016-02-05,-0.020163430384767575,-0.019859680730872218,-0.01904969791094524,-0.016230701388238632,-0.000303749653895357,-0.0036289793426335856,237,220
2016-02-08,-0.018602662333171774,-0.019445124058732288,-0.013461131332021536,-0.027951216268945752,0.0008424617255605137,0.008506092210213465,237,223
2016-02-09,-0.0035423385570145607,-0.0026016119281182856,5.372240488488167e-05,-0.0073155569491322224,-0.0009407266288962751,0.004713945021013937,236,224
2016-02-10,0.0007636598057745968,0.0015314509464575661,-0.0008625456456905489,-0.006080579320550345,-0.0007677911406829694,0.007612030267007911,238,238
2016-02-11,-0.013354384281892754,-0.014029957746013566,-0.01300801670052909,-0.017604181212534795,0.0006755734641208117,0.0035742234665212293,238,236
2016-02-12,0.02282148885343177,0.02260134979922644,0.02061676246835975,0.026354229347960126,0.00022013905420532887,-0.003752879548733684,239,236
2016-02-16,0.0229289881783732,0.023018172600840422,0.01687817327974006,0.03076627880259853,-8.91844224672235e-05,-0.007748106201758108,240,234
2016-02-17,0.01827539890451407,0.018387923782555184,0.016334918655250608,0.02228750922229568,-0.00011252487804111477,-0.0038995854397404946,240,234
2016-02-18,-0.004613697777925794,-0.004038782831615908,-0.004095725916832493,-0.0002605719794812282,-0.0005749149463098856,-0.0037782108521346803,241,235
2016-02-19,-0.003541506681711756,-0.0029948705510471625,-0.00046879083795869914,-0.004231049366127664,-0.0005466361306645934,0.001236178815080502,242,226
2016-02-22,0.018464165823562976,0.01806944286649983,0.014479228958873769,0.020478596885557736,0.0003947229570631476,-0.002409154019057908,241,226
2016-02-23,-0.015014599743545007,-0.015299095611900218,-0.01262963941066031,-0.017081281677360716,0.0002844958683552116,0.001782186065460498,264,226
2016-02-24,0.00664499874758716,0.006648757561831253,0.004575599663568575,0.005680732535352891,-3.758814244093564e-06,0.000968025026478362,264,228
2016-02-25,0.01025074593562458,0.010189303907232952,0.012111494532673905,0.010946698953899613,6.144202839162768e-05,-0.0007573950466666611,264,228
2016-02-26,0.0022232436874281497,0.0018478246857919984,-0.00230083714803464,0.0018238708422492447,0.0003754190016361514,2.3953843542753612e-05,262,228
2016-02-29,-0.00728769289565723,-0.0069261584536133725,-0.007842709798253411,-0.004563369860378379,-0.0003615344420438574,-0.0023627885932349935,260,228
2016-03-01,0.02471006240054102,0.02489272023588711,0.02350732225172414,0.02104871051207648,-0.00018265783534609017,0.0038440097238106284,259,228
2016-03-02,0.006902203635343498,0.007762155677332416,0.004492243829495646,0.00856267444656376,-0.0008599520419889173,-0.0008005187692313436,259,229
2016-03-03,0.005628023047819778,0.006533863800536372,0.003919528401992611,0.01155006536634605,-0.0009058407527165946,-0.005016201565809678,259,231
2016-03-04,0.0043566602353869366,0.004213237013155794,0.0032535819463257454,0.004139659935588046,0.0001434232222311425,7.357707756774825e-05,259,230
2016-03-07,0.0032670546250487403,0.004244076106559013,0.0007988080885292792,0.00768191768290295,-0.0009770214815102724,-0.0034378415763439375,258,257
2016-03-08,-0.016045428839313022,-0.01662535998124294,-0.010918400815103535,-0.0188160191816269,0.000579931141929918,0.0021906592003839605,259,253
2016-03-09,0.005769142636084102,0.006312724201052294,0.004939743434039023,0.0061225633925024265,-0.0005435815649681925,0.00019016080854986767,263,256
2016-03-10,0.0008251718686362229,-0.00016061594400297976,0.0008023777390910869,-0.0029195555028541866,0.0009857878126392026,0.002758939558851207,267,257
2016-03-11,0.019357036023940205,0.019162467833908493,0.01613725853739889,0.013388354437352434,0.00019456819003171172,0.00577411339655606,269,250
2016-03-14,-0.0015898053922263808,-0.001611979841858437,-0.0012824304522421892,-0.0024951484990368062,2.217444963205622e-05,0.0008831686571783692,269,248
2016-03-15,-0.005286080649269755,-0.005748125795190719,-0.0016296696648478992,-0.008994668424269759,0.000462045145920964,0.0032465426290790404,269,246
2016-03-16,0.008161507977406942,0.009178212941229603,0.005787375668126149,0.013410118698113031,-0.0010167049638226608,-0.0042319057568834285,269,246
2016-03-17,0.009352480759784107,0.00935882557464256,0.006344160678285693,0.017481502782943102,-6.344814858453424e-06,-0.008122677208300542,265,248
2016-03-18,0.0065905453040617495,0.006035254532213985,0.0039296187007218375,0.005631242549798438,0.0005552907718477645,0.0004040119824155466,264,247
2016-03-21,0.0008205861908792257,0.0003132464568707018,0.00141871006814287,-0.003791367720397206,0.000507339734008524,0.004104614177267908,264,247
2016-03-22,0.0005468130925253811,0.0007530133823641025,-0.0005371166098681046,0.0009688749749364798,-0.0002062002898387214,-0.00021586159257237737,258,247
2016-03-23,-0.011819897079174671,-0.011596899423125983,-0.006599760153120804,-0.01485638788748812,-0.00022299765604868842,0.003259488464362137,258,248
2016-03-24,-1.3494541943310874e-05,-6.81252337734476e-05,-0.00044308475106236145,0.003814947258529512,5.463069183013672e-05,-0.0038830724923029597,259,250
2016-03-28,-0.0004878699763880743,-0.0007181881567989774,0.0005909823032348438,-0.002698527370058399,0.0002303181804109031,0.0019803392132594216,262,251
2016-03-29,0.010146796200797921,0.01040213201534735,0.009250027222419632,0.013287482705195908,-0.00025533581454942854,-0.0028853506898485586,262,251
2016-03-30,0.004152325664669067,0.004389018673937128,0.004387653566334748,0.002690289256248433,-0.00023669300926806077,0.0016987294176886952,263,251
2016-03-31,-0.000960934903941718,-0.0007946849927606098,-0.0024265960180693824,-0.0011174101690792787,-0.00016624991118110825,0.0003227251763186689,264,253
2016-04-01,0.003239237839343331,0.0028008783331032695,0.00681196253591887,0.0012107550791376868,0.0004383595062400613,0.0015901232539655826,266,253
2016-04-04,-0.005160411431430303,-0.00461450869919821,-0.003238253544958547,-0.005107543182795489,-0.0005459027322320927,0.0004930344835972784,266,253
2016-04-05,-0.010117273572981431,-0.010354927767933318,-0.009987879237682962,-0.007521239123806492,0.00023765419495188657,-0.0028336886441268257,267,256
2016-04-06,0.010243973493666516,0.010669812152128949,0.01092123052099292,0.013152748375091032,-0.00042583865846243345,-0.0024829362229620826,267,256
2016-04-07,-0.01352032723710464,-0.013476631947792658,-0.011965964590070377,-0.012473089840457557,-4.36952893119822e-05,-0.0010035421073351005,268,258
2016-04-08,0.004398147745003006,0.005122141190111274,0.0026967456460555983,0.008398290844409373,-0.000723993445108268,-0.003276149654298099,268,251
2016-04-11,-0.0007737270678634635,9.014288038441822e-05,-0.0023470941844143667,-0.0014710234332526498,-0.0008638699482478818,0.001561166313637068,267,251
2016-04-12,0.010057289391212544,0.010517065455576215,0.009312696375750384,0.01453358562670484,-0.0004597760643636709,-0.004016520171128626,267,251
2016-04-13,0.014524049877708977,0.014698571974911525,0.010101277511672668,0.01465169566014849,-0.00017452209720254797,4.6876314763034596e-05,267,250
2016-04-14,-0.0007502841801255689,-0.0008493101611723964,4.807860035382916e-05,-0.0016680314083188153,9.902598104682752e-05,0.0008187212471464189,268,251
2016-04-15,-0.0015291739380522145,-0.002275320300494596,-0.0011061017662221673,-0.0024695818701833297,0.0007461463624423817,0.0001942615696887335,268,251
2016-04-18,0.007187822888624367,0.007350227125671845,0.007026997536011548,0.007251097709680582,-0.00016240423704747854,9.912941599126302e-05,264,251
2016-04-19,0.004447792072848718,0.005234230103597142,0.003154210273725866,0.007789350204128269,-0.0007864380307484233,-0.002555120100531128,264,251
2016-04-20,0.003471888519083839,0.003938777408806198,0.0009530400317232512,0.004289550590684639,-0.0004668888897223591,-0.00035077318187844066,269,242
2016-04-21,-0.0041448872915848655,-0.0039609126798724895,-0.005378836142032939,0.002977611426843598,-0.000183974611712376,-0.006938524106716087,270,242
2016-04-22,0.001580220722318556,0.0014741728673598913,0.0,0.012107602004325606,0.00010604785495866458,-0.010633429136965715,269,241
2016-04-25,-0.004602188628815189,-0.005011165802623342,-0.0017226232731224478,-0.004566901576124431,0.00040897717380815237,-0.00044426422649891054,268,241
2016-04-26,0.005039964944282927,0.005332428602694143,0.0014859057015790267,0.008891651365908238,-0.0002924636584112159,-0.003559222763214095,269,241
2016-04-27,0.0020798823790839733,0.0023699300587203174,0.0020581902510505845,0.004810034376774244,-0.00029004767963634404,-0.0024401043180539267,272,241
2016-04-28,-0.011305692704876599,-0.010845198790152995,-0.009075513247115974,-0.008580028154259163,-0.0004604939147236035,-0.0022651706358938328,276,241
2016-04-29,-0.007813879683100284,-0.008924019099778175,-0.005398993606777758,-0.00698840470556806,0.0011101394166778914,-0.0019356143942101155,276,244
2016-05-02,0.006690608667323519,0.006346105332110683,0.007948799154526398,0.0032878169237281593,0.00034450333521283613,0.0030582884083825237,278,251
2016-05-03,-0.010577464908883059,-0.011419343311549979,-0.008703394465320535,-0.01143411187970845,0.0008418784026669197,1.4768568158471732e-05,278,253
2016-05-04,-0.006367347261634666,-0.006301182638205634,-0.005578124387086603,-0.004169391721855256,-6.616462342903199e-05,-0.002131790916350378,278,258
2016-05-05,-0.0014376429203193243,-0.0019306929608756567,-0.00019485510326222588,-2.3896549792513956e-06,0.0004930500405563325,-0.0019283033058964053,278,257
2016-05-06,0.00272815161209536,0.0026357909039571364,0.0036585825522346127,0.005290528768726093,9.23607081382235e-05,-0.002654737864768957,280,260
2016-05-09,-0.0005648100774881483,-0.0008950822307143054,0.0008264827573620792,-0.003025311064890442,0.0003302721532261571,0.0021302288341761367,280,258
2016-05-10,0.012223127560801763,0.012292798452967133,0.012433821565774883,0.012320555232757309,-6.96708921653702e-05,-2.7756779790175448e-05,280,258
2016-05-11,-0.009974550702700572,-0.00978497154294708,-0.009354829630944583,-0.008280496106240423,-0.00018957915975349217,-0.0015044754367066569,280,262
2016-05-12,-0.002562001114540354,-0.002919661365274607,0.00029047969622975067,-0.0015073364172884544,0.0003576602507342529,-0.0014123249479861526,280,262
2016-05-13,-0.008308198278934888,-0.008750379623986403,-0.00871378283759161,-0.008347937196370375,0.00044218134505151496,-0.0004024424276160288,281,261
2016-05-16,0.010698534747054374,0.011016507029320631,0.009864934473706066,0.011338110479297262,-0.00031797228226625694,-0.0003216034499766308,281,261
2016-05-17,-0.00680780039813907,-0.0066026536839344785,-0.009333744208966932,-0.008251731276373415,-0.0002051467142045911,0.001649077592438937,273,261
2016-05-18,0.0024582784386922548,0.0025150354665050656,0.00029326004182128607,-0.0020159923977023752,-5.675702781281081e-05,0.004531027864207441,274,260
2016-05-19,-0.00426879217873821,-0.004217498172007229,-0.0034654090720811492,-0.003790765926984077,-5.129400673098156e-05,-0.0004267322450231519,273,260
2016-05-20,0.007602379620804374,0.00754858988648411,0.006317912922947366,0.008548878901113515,5.3789734320264584e-05,-0.001000289014629405,273,267
2016-05-23,-0.0007429582524957807,-0.0006992422011946983,-0.0013627319644229363,-0.0007529413984332532,-4.371605130108248e-05,5.369919723855496e-05,271,268
2016-05-24,0.014260535588734866,0.013902099935946835,0.012962256152823093,0.013054992812472181,0.0003584356527880309,0.0008471071234746538,271,268
2016-05-25,0.00914669704998504,0.00944254519696847,0.00678306244705551,0.008445262203359042,-0.00029584814698343023,0.0009972829936094278,272,268
2016-05-26,-0.0007480037023355384,-0.0008523423790594931,0.0002867072875576415,-0.001755407821968698,0.0001043386767239547,0.000903065442909205,274,269
2016-05-27,0.0016468403886061845,0.001341830723432168,0.004299290421771795,0.004520048230471818,0.00030500966517401653,-0.0031782175070396504,277,268
2016-05-31,-0.00012659895324273888,0.0002596167036487479,-0.0019025681450214327,0.0008839234049754464,-0.00038621565689148676,-0.0006243067013266986,275,269
2016-06-01,0.0020685055604280833,0.0021531447590008895,0.0020491658730998896,0.001986996600376979,-8.463919857280627e-05,0.00016614815862391052,276,269
2016-06-02,0.0027613772441723384,0.00298566561322275,0.003043640363509681,0.0034114381185375397,-0.00022428836905041176,-0.0004257725053147896,287,269
2016-06-03,-0.0033666525369843796,-0.0032402177183739134,-0.0029869038912598844,-0.001255216257570507,-0.00012643481861046623,-0.0019850014608034064,294,268
2016-06-06,0.0058526188725671995,0.006428638010754983,0.005088201618218546,0.00794835853040029,-0.0005760191381877838,-0.0015197205196453073,293,268
2016-06-07,0.0020841663130363557,0.0021438292151363192,0.0015614458671007192,0.001996456210887437,-5.966290209996356e-05,0.00014737300424888218,293,271
2016-06-08,0.0030717402530157038,0.0027784099537383937,0.0032595808815485405,0.0031133058989136755,0.00029333029927731003,-0.0003348959451752818,295,270
2016-06-09,-0.0028751529160220865,-0.003345781618261802,-0.0013653342127866175,-0.003633506957701039,0.00047062870223971544,0.0002877253394392371,296,270
2016-06-10,-0.011947229677960455,-0.012307379416286799,-0.009477971493652704,-0.011884940281884264,0.00036014973832634335,-0.0004224391344025344,296,268
2016-06-13,-0.009895071339429785,-0.010061275886048993,-0.007711471920822666,-0.00972534138890502,0.0001662045466192079,-0.0003359344971439731,295,268
2016-06-14,-0.0034441248873442144,-0.0037005028003376916,-0.0019672273110071803,-0.003407255081644511,0.00025637791299347717,-0.00029324771869318044,296,268
2016-06-15,-0.0011749038596050715,-0.0012955312591537457,-0.0013937517440334446,-0.0007001463321471739,0.0001206273995486742,-0.0005953849270065718,294,268
2016-06-16,0.003011711596939819,0.0029925994164539662,0.002984461216905654,0.0017952449672856842,1.9112180485852774e-05,0.001197354449168282,294,270
2016-06-17,-0.0011222111455157365,-0.0009531102751053782,-0.0037244138219484357,0.00021821903671098459,-0.0001691008704103583,-0.0011713293118163627,293,269
2016-06-20,0.008190419037031155,0.00819413095787501,0.00644035316988667,0.007934721334495638,-3.7119208438542856e-06,0.00025940962337937107,292,274
2016-06-21,0.002543681062713429,0.002950058374057864,0.0028385137606228295,0.0014419640703749832,-0.0004063773113444349,0.0015080943036828807,292,274
2016-06-22,-0.0013052167435222148,-0.0016900662477489106,-0.00163122594116194,-0.00338219409497217,0.0003848495042266958,0.0016921278472232595,292,274
2016-06-23,0.015118496350725262,0.01540699710300264,0.01302263224927036,0.014961792100953948,-0.0002885007522773781,0.0004452050020486917,293,274
2016-06-24,-0.04224120997857847,-0.04247117000190004,-0.03590901490110443,-0.03899134330240037,0.00022996002332156817,-0.003479826699499665,293,274
2016-06-27,-0.02478208339424689,-0.025075606049774306,-0.017909807103132835,-0.02327155366619751,0.000293522655527418,-0.0018040523835767958,293,274
2016-06-28,0.020357115906635435,0.020259378193379553,0.018036057179528386,0.018643902209609722,9.773771325588196e-05,0.0016154759837698311,294,274
2016-06-29,0.019140052674719365,0.019065970784636396,0.01702746171222702,0.018222363525721333,7.408189008296928e-05,0.0008436072589150627,295,274
2016-06-30,0.01398778741674638,0.014038264681662008,0.013645693033602413,0.014531769779227162,-5.047726491562779e-05,-0.0004935050975651539,294,276
2016-07-01,0.0016609748108984005,0.0012505428731146382,0.0021002755561529973,0.0027965001135408347,0.00041043193778376227,-0.0015459572404261965,294,277
2016-07-05,-0.00832836072931532,-0.007604145896244633,-0.007193038346104186,-0.00828480821760453,-0.000724214833070687,0.0006806623213598964,295,280
2016-07-06,0.005440218931741414,0.005564917345472482,0.005997732809262413,0.005585065377813081,-0.00012469841373106798,-2.0148032340599163e-05,295,280
2016-07-07,0.0012799876601741588,0.0014767405834012026,-0.0006202056862780747,0.00014556540000896506,-0.00019675292322704377,0.0013311751833922376,296,279
2016-07-08,0.01710700481115113,0.016718183225617536,0.01489040289792909,0.01771469228046206,0.00038882158553359483,-0.0009965090548445243,298,282
2016-07-11,0.0053281817997525216,0.0053064039696891505,0.0035272087743118963,0.005301040137345817,2.177783006337107e-05,5.363832343333562e-06,300,281
2016-07-12,0.01107203309197553,0.011066129790748377,0.007263141117721528,0.010463840225198327,5.903301227152408e-06,0.0006022895655500501,300,283
2016-07-13,8.420685503025653e-05,0.00021497323586531966,-0.00013943497672508354,-6.815130426882341e-05,-0.00013076638083506313,0.0002831245401341431,300,284
2016-07-14,0.005822246592691746,0.005648062008946028,0.005583691536511948,0.0047321401499721355,0.0001741845837457184,0.0009159218589738921,300,284
2016-07-15,-0.0005447367330749828,-0.0006134976985325212,-0.001342180496147316,-0.0003425726889239179,6.876096545753842e-05,-0.0002709250096086033,300,284
2016-07-18,0.0032757809992610878,0.0036111532580956084,0.002687219900986193,0.002366634535136295,-0.00033537225883452067,0.0012445187229593135,299,287
2016-07-19,-0.0018427435345104925,-0.002087689053793821,-0.0010164269667061188,-0.0028925949429033306,0.0002449455192833287,0.0008049058891095094,296,286
2016-07-20,0.006924680660864448,0.006652562808271772,0.0041630433094226316,0.004362404331349087,0.0002721178525926758,0.002290158476922685,281,282
2016-07-21,-0.004289933757711996,-0.003857558214595584,-0.0037773472820992193,-0.004259994858806288,-0.0004323755431164117,0.0004024366442107038,281,282
2016-07-22,0.004655783640017867,0.004756435864850281,0.0044853367153681045,0.005476112066181527,-0.00010065222483241366,-0.0007196762013312466,281,282
2016-07-25,-0.0012555044419687014,-0.0017591767619867457,-0.0027159867014524552,-0.003466388229441342,0.0005036723200180443,0.0017072114674545964,279,282
2016-07-26,0.002279474585979164,0.0026362979256728523,0.0004616058562356695,0.0015591809140645383,-0.00035682333969368814,0.001077117011608314,280,282
2016-07-27,-0.000810279230660239,-0.0010423608362678644,-0.001061145616386594,-0.000542774749842443,0.00023208160560762544,-0.0004995860864254214,279,282
2016-07-28,-9.675476086198299e-05,5.2697725723206756e-05,0.0011545830919139632,-2.5138468842761132e-05,-0.00014945248658518973,7.783619456596789e-05,277,282
2016-07-29,0.0015962955072692023,0.001238373481943451,0.0016147675847253407,0.003066597518938826,0.00035792202532575136,-0.001828224036995375,277,282
2016-08-01,-0.00134154426404762,-0.001631670867566473,-0.0008293233930318777,-0.0002468456001311466,0.0002901266035188531,-0.0013848252674353266,277,278
2016-08-02,-0.008920724257803072,-0.008783784564576616,-0.00640707477605329,-0.007288974435024511,-0.00013693969322645626,-0.0014948101295521043,273,278
2016-08-03,0.005174317726120973,0.005250450446361565,0.002922315981861656,0.0037120535708124514,-7.613272024059245e-05,0.0015383968755491137,269,279
2016-08-04,0.00033667380528571805,0.000478015530886479,0.0010641100999249087,0.001339986869082727,-0.00014134172560076097,-0.000861971338196248,270,277
2016-08-05,0.009348215998537215,0.009890631564760562,0.008179129465860191,0.006529967064754204,-0.0005424155662233469,0.0033606645000063577,267,277
2016-08-08,0.001101743743433069,0.0012088760462813678,-0.0005959041466779835,0.002135245674571841,-0.00010713230284829876,-0.0009263696282904733,267,277
2016-08-09,0.0006261368479865771,0.0003498144634494995,0.0005962594601627291,0.00019972627410815643,0.00027632238453707765,0.00015008818934134305,267,277
2016-08-10,-0.004041039317620834,-0.0035322201370250644,-0.002475059888778275,-0.003285517433435897,-0.0005088191805957694,-0.0002467027035891675,266,262
2016-08-11,0.0056897370433300265,0.005968624760608276,0.004641020026017406,0.007163084765295189,-0.0002788877172782492,-0.0011944600046869137,264,263
2016-08-12,7.917824500403333e-05,0.0001191672325964414,-0.0008692666203506949,-0.0007755693346795166,-3.9988987592408064e-05,0.0008947365672759579,264,263
2016-08-15,0.0041460944478917865,0.003994000665900269,0.002883964805502126,0.004592954588985122,0.0001520937819915174,-0.0005989539230848526,262,266
2016-08-16,-0.005345708384082079,-0.004906399579562747,-0.00515799595107691,-0.00452228650988561,-0.0004393088045193316,-0.0003841130696771375,262,266
2016-08-17,0.0010934638418621141,0.0011925557356359296,0.0018811351932448428,0.0013360860612484917,-9.909189377381553e-05,-0.0001435303256125621,263,265
2016-08-18,0.002357461608077481,0.0024613774231037147,0.0022440449914244986,0.0036476175447206407,-0.00010391581502623357,-0.001186240121616926,261,268
2016-08-19,-0.0010363568032999654,-0.0012360586786636586,-0.0014620751538957366,-0.001451090041721036,0.00019970187536369325,0.00021503136305737742,261,268
2016-08-22,-0.0006585700641745349,-0.0005965355675976272,-4.576958767843475e-05,-0.0013236020421926679,-6.203449657690761e-05,0.0007270664745950406,239,268
2016-08-23,0.0029717817032478755,0.0033722500964626046,0.0020132966327162105,0.003344137681272868,-0.0004004683932147292,2.81124151897366e-05,240,266
2016-08-24,-0.004898724351673859,-0.005094458963835074,-0.005114733996435472,-0.007011855527240998,0.0001957346121612153,0.0019173965634059244,237,268
2016-08-25,0.000215186468520632,-0.0013224718703906777,-0.0006883061889277897,-0.0009083596362449099,0.0015376583389113097,-0.0004141122341457678,237,267
2016-08-26,-0.0013738922830041618,-0.0014309120688869362,-0.0018837109567785282,-0.002483061137913643,5.701978588277439e-05,0.001052149069026707,237,270
2016-08-29,0.00528936656276199,0.004891533699472588,0.0049243626654880135,0.005053249325660257,0.00039783286328940164,-0.00016171562618766833,236,271
2016-08-30,-0.0006610601811657766,-0.0007479195165917609,-0.001648816888148219,-0.0028667584894024683,8.68593354259843e-05,0.0021188389728107075,236,270
2016-08-31,-0.001580428044028493,-0.0018702887085463068,-0.0028437559490325226,-0.004306701159336041,0.0002898606645178139,0.0024364124507897343,236,268
2016-09-01,0.0003586681360013797,5.2548681899122636e-05,4.576599680605753e-05,0.0020260749307562183,0.00030611945410225703,-0.0019735262488570957,236,268
2016-09-02,0.004870521478655007,0.004962081292015895,0.004508074809276508,0.006309643306822844,-9.155981336088793e-05,-0.0013475620148069491,236,242
2016-09-06,0.0012173760077389476,0.0016244442314829097,0.0030223226885381926,0.003421389281667159,-0.0004070682237439622,-0.0017969450501842494,236,243
2016-09-07,-0.000507331711450398,-0.0005053055831879313,-9.125242601915051e-05,0.0012305746301068592,-2.0261282624667526e-06,-0.0017358802132947904,233,240
2016-09-08,-0.003121543745651836,-0.0028646868527034412,-0.002282994759763235,-0.003561965540858209,-0.00025685689294839466,0.0006972786881547679,231,240
2016-09-09,-0.02422125312586766,-0.02363286453302647,-0.02393470403468778,-0.024843335277744082,-0.0005883885928411915,0.0012104707447176122,229,240
2016-09-12,0.01487371994494529,0.014757381637601834,0.01434728359450066,0.014886862849003384,0.00011633830734345506,-0.00012948121140154978,229,237
2016-09-13,-0.01573020624576336,-0.015629290451406506,-0.014375525747102547,-0.015606564663801952,-0.00010091579435685463,-2.2725787604553974e-05,236,236
2016-09-14,-0.0018490876842450238,-0.0017427331809496231,-0.0003751908167436424,-0.0013944272463299028,-0.00010635450329540071,-0.0003483059346197203,237,237
2016-09-15,0.008692433869673279,0.008841369422602578,0.009993089011393286,0.00950866312404511,-0.00014893555292929891,-0.0006672937014425319,236,235
2016-09-16,-0.004115571582029807,-0.00453901940608886,-0.003865578210954901,-0.004279585183854122,0.0004234478240590523,-0.0002594342222347378,236,235
2016-09-19,0.001992888738321923,0.0016850480721779125,0.00018732558602052585,0.002214331096628857,0.0003078406661440106,-0.0005292830244509447,233,231
2016-09-20,-0.0002594337175048745,-0.0006045194694174356,4.6969142361907856e-05,0.0014686609268382512,0.00034508575191256104,-0.0020731803962556867,232,232
2016-09-21,0.010870921049325993,0.010471909850156016,0.011245274318303355,0.012982460142111598,0.00039901119916997685,-0.0025105502919555815,240,231
2016-09-22,0.008247122433811383,0.007731517783871554,0.00630165363663715,0.008319433805653816,0.0005156046499398296,-0.0005879160217822617,239,228
2016-09-23,-0.005606922957197,-0.005881687533696041,-0.0054793044185073025,-0.006958675703882755,0.00027476457649904147,0.0010769881701867138,236,227
2016-09-26,-0.008140015375540037,-0.008391548459411898,-0.008102306928893577,-0.008317638247453279,0.0002515330838718608,-7.391021195861901e-05,233,227
2016-09-27,0.006962144198590403,0.007473735909679761,0.006207849320272407,0.005197692995953987,-0.000511591711089358,0.0022760429137257737,235,230
2016-09-28,0.005559957704237632,0.005553681318941239,0.00496365489975048,0.006027634450932095,6.276385296392385e-06,-0.0004739531319908558,234,228
2016-09-29,-0.008007660497969813,-0.008303591503115743,-0.009047252462847544,-0.008692191737591667,0.00029593100514592983,0.00038860023447592415,234,228
2016-09-30,0.008569581202899483,0.009183590276679789,0.00754634380599728,0.008165079226162624,-0.0006140090737803052,0.0010185110505171648,236,229
2016-10-03,-0.003251510949259664,-0.002896859268662979,-0.0024044752250168555,-0.0022845142684133255,-0.000354651680596685,-0.0006123450002496534,236,225
2016-10-04,-0.005824260309618417,-0.005128562567021365,-0.005097604865984429,-0.007229948310942418,-0.0006956977425970519,0.0021013857439210522,237,225
2016-10-05,0.00561470001057748,0.005764448798063021,0.004425185329448134,0.004493335216567378,-0.00014974878748554108,0.0012711135814956432,234,223
2016-10-06,-0.00048151494636763096,-0.0003690547408743969,0.0006954607122700018,-0.0005953415131720762,-0.00011246020549323407,0.00022628677229767933,234,223
2016-10-07,-0.0057381678362929695,-0.005819040871785893,-0.003429427294915799,-0.0049262022190626744,8.087303549292324e-05,-0.0008928386527232183,235,223
2016-10-10,0.00437523451495099,0.004228355748310926,0.005208705504403888,0.0045946006584253836,0.0001468787666400644,-0.0003662449101144577,235,225
2016-10-11,-0.012488379416683891,-0.012833350680577444,-0.012629770198589463,-0.013113481718141027,0.0003449712638935523,0.0002801310375635836,235,226
2016-10-12,0.00012851802451557484,0.000564640098804491,0.0013120828320829503,0.0011387910851439257,-0.00043612207428891616,-0.0005741509863394347,240,224
2016-10-13,-0.003097017385943942,-0.003062280507269069,-0.0032755325875696295,-0.0032169287042821027,-3.4736878674872934e-05,0.00015464819701303378,241,222
2016-10-14,-0.0003744075117904005,-0.00024721417357591373,0.0005163725582713052,-0.00022592027765398336,-0.00012719333821448674,-2.1293895921930368e-05,245,228
2016-10-17,-0.0027085279365973423,-0.0031921450347007657,-0.0034721462441337225,-0.0029287621134609526,0.0004836170981034234,-0.0002633829212398131,246,228
2016-10-18,0.006911601486045996,0.00602605773953143,0.006262384987977043,0.006520019962292382,0.0008855437465145662,-0.0004939622227609526,246,228
2016-10-19,0.0029032816686429047,0.0026758854638837307,0.002667295832896821,0.004037798498202085,0.00022739620475917396,-0.0013619130343183543,246,230
2016-10-20,-0.0004770577133772308,-0.00045023747555056847,-0.0018666346027327307,-0.0009261899816517315,-2.6820237826662326e-05,0.000475952506101163,245,231
2016-10-21,0.00022917235587244377,0.0008168898389313888,0.00046732251101055944,-0.000921220768545127,-0.000587717483058945,0.0017381106074765159,243,231
2016-10-24,0.004488392224153787,0.004719856056137807,0.004252702549467191,0.0038256051519139148,-0.0002314638319840202,0.000894250904223892,242,231
2016-10-25,-0.004885418730261282,-0.004750295624769416,-0.0033506712151583073,-0.004177844469297248,-0.00013512310549186612,-0.000572451155472168,241,233
2016-10-26,0.00020421898366238493,-0.00011679473831290182,-0.002007667596653828,-0.0020674214566214592,0.0003210137219752867,0.0019506267183085574,238,233
2016-10-27,-0.0023597416813797155,-0.0024225582044717954,-0.0026665873074323,-0.0038351847026577806,6.28165230920799e-05,0.0014126264981859852,237,231
2016-10-28,-0.004903722926769627,-0.003963944534220653,-0.00295551382153858,-0.00023970729988230017,-0.0009397783925489747,-0.0037242372343383526,237,225
2016-10-31,-0.0009926854197640773,-0.0013401692511365764,4.6825134016881265e-05,0.0005697922708480861,0.00034748383137249905,-0.0019099615219846625,237,223
2016-11-01,-0.007132087379218998,-0.006606410596700048,-0.007245114652319029,-0.005997628958279005,-0.0005256767825189499,-0.0006087816384210427,239,217
2016-11-02,-0.004309667149979112,-0.004539756278076523,-0.006018870434459256,-0.005608592235754027,0.00023008912809741044,0.0010688359576775048,240,216
2016-11-03,-0.006037897318321125,-0.0073156793977806585,-0.004577032544739068,-0.002821683832355349,0.0012777820794595334,-0.00449399556542531,240,209
2016-11-04,-0.0025257324872624796,-0.003624474530669059,-0.0011015943507174386,-0.0017380918642668538,0.0010987420434065793,-0.0018863826664022052,240,208
2016-11-07,0.022089846192398264,0.020989411946372685,0.02205712640753399,0.0197009554801474,0.0011004342460255792,0.0012884564662252844,238,208
2016-11-08,0.002513398981748942,0.002727519108357377,0.004503807841779173,0.003512830142832577,-0.00021412012660843504,-0.0007853110344752,238,205
2016-11-09,0.013157062853827848,0.012233000594220752,0.010602186112561585,0.01153042667645202,0.000924062259607096,0.0007025739177687323,241,221
2016-11-10,0.006280621988451607,0.005553268748392697,0.002495574611793394,0.0013810017832799378,0.0007273532400589103,0.004172266965112759,241,220
2016-11-11,-8.60001019485318e-05,0.0016289638366220754,-0.0023051023029689865,-0.0017594402203705449,-0.0017149639385706072,0.00338840405699262,241,219
2016-11-14,0.0026066318493870163,0.002536382393022352,0.0007855538018080033,-0.0009192145152545423,7.024945636466447e-05,0.0034555969082768942,241,218
2016-11-15,0.0044906624673270445,0.004445793642253357,0.007802679906738108,0.006652152504059792,4.4868825073687314e-05,-0.0022063588618064347,241,218
2016-11-16,-0.002696171070092513,-0.0016504374455061826,-0.0018783500086316796,-9.110739274059418e-05,-0.0010457336245863307,-0.0015593300527655884,240,217
2016-11-17,0.0031600850643947265,0.0032633824615350255,0.005140964631849432,0.004805359362561245,-0.00010329739714029897,-0.0015419769010262198,241,211
2016-11-18,-0.0039452886711670975,-0.00447438097553811,-0.0022378671301883646,-0.0030201965833215236,0.0005290923043710129,-0.0014541843922165868,243,208
2016-11-21,0.008042459664611139,0.008023850055021068,0.007551710560693037,0.0073840323544196555,1.8609609590070422e-05,0.0006398177006014128,243,208
2016-11-22,0.0027787381449337297,0.0031880551389106278,0.0019529699703779713,0.0024588736116155233,-0.00040931699397689803,0.0007291815272951045,244,206
2016-11-23,0.0009442744090658139,0.0006141018099153387,0.0005440938358955982,-0.0017712624752513157,0.0003301725991504752,0.0023853642851666542,242,208
2016-11-25,0.0043426993281033355,0.0042492937256900015,0.0037155074468018245,0.004681710191466631,9.340560241333402e-05,-0.00043241646577662964,240,208
2016-11-28,-0.005037511974775824,-0.005254908028792159,-0.004694824320361168,-0.004513579430998383,0.00021739605401633472,-0.0007413285977937757,241,207
2016-11-29,0.0010145527272697847,0.00017989756141858031,0.0019501281311331553,-0.00024202429693364255,0.0008346551658512044,0.00042192185835222286,241,207
2016-11-30,-0.0005984560107288724,0.0001244022160015481,-0.002398864553081914,-0.004618803866851296,-0.0007228582267304205,0.004743206082852844,231,209
2016-12-01,-0.004853867604308268,-0.004858286553734532,-0.0036757423946459644,-0.006466252769080283,4.4189494262641266e-06,0.0016079662153457514,222,209
2016-12-02,6.769344957053784e-05,-5.480463545536815e-05,0.0005012706723293014,0.001483203420378104,0.00012249808502590599,-0.0015380080558334722,226,209
2016-12-05,0.008014802792846956,0.007419562798307592,0.006008655600316493,0.006425156754104659,0.0005952399945393641,0.0009944060442029327,228,206
2016-12-06,0.004587735201405303,0.0050552273443864384,0.0031672418501833555,0.0048439557149732035,-0.0004674921429811355,0.00021127162941323493,225,211
2016-12-07,0.01307472153589155,0.013182291135404131,0.01308077438223032,0.014067728113030949,-0.00010756959951258027,-0.0008854369776268179,226,212
2016-12-08,0.0021363339448826953,0.0020815411262888766,0.0024490292067316233,0.0016919798209601548,5.479281859381872e-05,0.0003895613053287218,227,212
2016-12-09,0.005125304773160279,0.004750632810746934,0.006040121030972623,0.004669394008199417,0.00037467196241334436,8.123880254751713e-05,227,212
2016-12-12,-0.001035215850565449,-0.001665927212466665,-0.0011476523492914836,-0.0020298452874813757,0.000630711361901216,0.0003639180750147108,223,211
2016-12-13,0.0068427023226968545,0.007283258554231725,0.0066738084134936315,0.007030333804002722,-0.0004405562315348702,0.0002529247502290029,232,211
2016-12-14,-0.010225817233776302,-0.010395244699418611,-0.008254320203358478,-0.00969555878959322,0.0001694274656423092,-0.0006996859098253906,234,213
2016-12-15,0.001750884033448183,0.002262299738580425,0.004117648547800057,0.0040400525124487255,-0.0005114157051322417,-0.0017777527738683007,235,212
2016-12-16,0.000439293409098575,0.0006798647306670431,-0.0019558879055968648,-0.0014423587953041324,-0.0002405713215684681,0.0021222235259711754,237,208
2016-12-19,0.0015721428171437924,0.0011802543326341814,0.0021772571816374153,0.0011847607751182653,0.000391888484509611,-4.50644248408392e-06,239,210
2016-12-20,0.003979216730331589,0.003452222602688112,0.0038576846724767133,0.003137226328346472,0.0005269941276434772,0.00031499627434164023,239,210
2016-12-21,-0.002105471229856595,-0.002392308163481845,-0.002782660682433269,-0.0015228431668093266,0.00028683693362525,-0.0008694649966725183,236,210
2016-12-22,-0.002888884639546338,-0.003223945017875548,-0.0017277396947722456,-0.0024135188507122805,0.00033506037832920985,-0.0008104261671632675,237,212
2016-12-23,0.002292432596178788,0.0024542273820325933,0.0014645789881189142,0.0019887678196223455,-0.00016179478585380547,0.0004654595624102478,235,212
2016-12-27,0.002378792367336203,0.0022101100267740846,0.002481019914343907,0.002377105717673852,0.0001686823405621183,-0.00016699569089976716,235,218
2016-12-28,-0.008837091519552582,-0.009164011240032589,-0.008264540663946995,-0.008361719168194063,0.0003269197204800074,-0.000802292071838526,235,218
2016-12-29,0.0004044684596844784,-0.00020271833866495936,-0.00022298529579389825,0.0019011541668695223,0.0006071867983494378,-0.0021038725055344816,233,218
2016-12-30,-0.003481586916024344,-0.0033571726289230307,-0.0036547816786343112,-0.004022766204305341,-0.00012441428710131342,0.0006655935753823107,233,217
2017-01-03,0.01144757507677762,0.01258635830137726,0.007649786532923697,0.008219099910634879,-0.00113878322459964,0.004367258390742382,244,213
2017-01-04,0.007356703151224768,0.008223796028186318,0.005949177660529603,0.00872316590111549,-0.0008670928769615501,-0.0004993698729291712,244,214
2017-01-05,0.0011757218440351105,0.0011265349139410784,-0.0007942240757689012,-0.00016534514501421267,4.9186930094032065e-05,0.0012918800589552912,244,211
2017-01-06,0.0034789823607667557,0.0028422705018455326,0.0035777514246944087,0.001704099693963435,0.0006367118589212231,0.0011381708078820976,242,209
2017-01-09,-0.0034205478681565084,-0.00425059813578576,-0.003300833158996319,-0.0041960749579120936,0.0008300502676292514,-5.4523177873666215e-05,241,211
2017-01-10,-0.0011840298204923922,-0.0014371936698874645,0.0,0.0018916689017548004,0.00025316384939507233,-0.003328862571642265,242,206
2017-01-11,0.003128556587288613,0.0028149076086857808,0.0028258478602478654,0.003803217107606725,0.00031364897860283215,-0.0009883094989209442,248,208
2017-01-12,-0.0017451273199886584,-0.0021389653098855097,-0.0025098706535511273,-0.0014807053959409908,0.0003938379898968513,-0.0006582599139445188,251,219
2017-01-13,0.001364172603336942,0.0013914641805667168,0.0022954541320057142,0.0028110623845067555,-2.7291577229774863e-05,-0.0014195982039400387,251,220
2017-01-17,-0.0014764540232033653,-0.0012767734629693113,-0.003523386155831365,-0.0019307299946948288,-0.00019968056023405407,0.0006539565317255176,251,218
2017-01-18,-0.0002608521472763384,-0.00019730738446535815,0.002210206913271673,0.0013639533442448607,-6.354476281098028e-05,-0.0015612607287102188,252,218
2017-01-19,-0.0042079785354994246,-0.004951705326053735,-0.0037050090239875155,-0.0034576271852177678,0.0007437267905543105,-0.0014940781408359673,251,260
2017-01-20,0.0038941777309037086,0.0037693298612044256,0.0036743623765296274,0.004132234105222587,0.00012484786969928306,-0.0003629042440181614,247,260
2017-01-23,-0.001267545650285912,-0.0016621568305846192,-0.0026024578733986337,-0.0020283467750921626,0.0003946111802987072,0.0003661899445075434,247,261
2017-01-24,0.005307574556200639,0.0064583327975537615,0.006411744727857549,0.0074009848734159,-0.0011507582413531224,-0.0009426520758621382,245,261
2017-01-25,0.006804014976625026,0.007953702857249511,0.008655871398303594,0.00870079395727898,-0.0011496878806244847,-0.0007470911000294692,244,260
2017-01-26,-0.003318982172667065,-0.003533295657867119,-0.0010457918484254591,-0.002243810923629559,0.000214313485200054,-0.00128948473423756,245,261
2017-01-27,-0.0011888773331790146,-0.0013791001375067957,-0.0015696329127042885,-0.0008684360410230119,0.00019022280432778112,-0.0005106640964837838,245,263
2017-01-30,-0.006448348504023436,-0.005483457639742279,-0.006201670902765799,-0.005378135248243357,-0.0009648908642811574,-0.00010532239149892153,247,262
2017-01-31,0.0029379030770222553,0.002823299821268647,-8.797501728086132e-05,-0.0010349777352461537,0.00011460325575360841,0.0038582775565148006,247,263
2017-02-01,-0.001588266960398935,-0.0011891527602515771,0.0003957272387746791,-8.626821773631648e-05,-0.0003991142001473578,-0.0011028845425152607,248,263
2017-02-02,-0.00030096667396587845,-0.0007157006336571943,0.0006592584887139541,-0.0005212714957633353,0.00041473395969131587,-0.00019442913789385896,250,263
2017-02-03,0.007939577622487948,0.006940870603819435,0.0068926201634660345,0.00800148350776766,0.0009987070186685135,-0.0010606129039482251,249,263
2017-02-06,-0.0017176245405583718,-0.0012691733550044795,-0.0017879786492810412,-0.0030918325861524778,-0.00044845118555389223,0.0018226592311479982,250,263
2017-02-07,-0.0011591829302317373,-0.0008458455489762015,4.391633457201394e-05,0.00012804018882587667,-0.0003133373812555357,-0.0009738857378020782,251,262
2017-02-08,0.0010187811117197284,0.0010251534924325578,0.0013104493242883652,0.00039674084999099976,-6.372380712829466e-06,0.0006284126424415581,253,260
2017-02-09,0.005863347551572465,0.005937515984430124,0.005932696343656785,0.0062182418672178065,-7.41684328576589e-05,-0.00028072588278768226,254,260
2017-02-10,0.0036701986860507483,0.003928932648703975,0.0039460293368656085,0.0039030265213217553,-0.00025873396265322637,2.5906127382219375e-05,253,271
2017-02-13,0.004811148760910907,0.0048090742120121405,0.005442558621731042,0.005366734690817078,2.074548898766196e-06,-0.0005576604788049373,254,273
2017-02-14,0.0031894887725939895,0.0031550199471421514,0.003995321545318564,0.0037271329594512105,3.446882545183813e-05,-0.0005721130123090591,254,270
2017-02-15,0.005824730971916728,0.0057880421036665824,0.005220464763040944,0.006466534438832747,3.668886825014539e-05,-0.0006784923351661649,256,267
2017-02-16,-0.00014391447245834575,-0.0006412694674421443,-0.0008513185305178972,-0.0006532924748766363,0.0004973549949837986,1.2023007434491936e-05,257,267
2017-02-17,0.002135399474030763,0.002022123067016188,0.0015761941706544658,0.0009745856823566482,0.00011327640701457508,0.0010475373846595398,257,265
2017-02-21,0.005855879970477578,0.005847325452118518,0.005955298914932516,0.004544624114083514,8.554518359059696e-06,0.0013027013380350044,256,265
2017-02-22,-0.002018214035735858,-0.001332866039824211,-0.000887953915927886,-0.0011009275589950861,-0.0006853479959116468,-0.0002319384808291249,260,265
2017-02-23,0.0015211285328755487,0.0007506960145630765,0.0006771196845691829,-9.330003787859496e-05,0.0007704325183124722,0.0008439960524416714,261,266
2017-02-24,0.0003793120394694907,0.001328967421778393,0.001268956307289848,0.0015248758463552064,-0.0009496553823089022,-0.00019590842457681344,260,266
2017-02-27,0.0017411650893375354,0.0021929516364411444,0.0015628950849462253,0.0017674232845706324,-0.00045178654710360897,0.000425528351870512,260,266
2017-02-28,-0.002819726423676285,-0.003637088934666466,-0.002699446985689913,-0.0036378700220722395,0.000817362510990181,7.810874057736367e-07,260,264
2017-03-01,0.012806001132313533,0.013374711955735908,0.013997914461053806,0.011781891910399916,-0.0005687108234223755,0.001592820045335992,262,264
2017-03-02,-0.004326156514227854,-0.004918693601221632,-0.006297811500502792,-0.005845393254696777,0.0005925370869937783,0.0009266996534751442,262,264
2017-03-03,0.0010482679163559235,0.0004647574028511494,0.0006294188569655468,0.0013654839327079471,0.000583510513504774,-0.0009007265298567977,264,264
2017-03-06,-0.0046870645424286145,-0.004302026195954562,-0.0029775590125286078,-0.004319977795721768,-0.00038503834647405245,1.7951599767205943e-05,264,264
2017-03-07,-0.004180012075761242,-0.0034070069477132653,-0.0029869744212527305,-0.0033888229740619475,-0.000773005128047977,-1.818397365131773e-05,264,264
2017-03-08,-0.0037737976486858895,-0.0032027760762178077,-0.0018567033902655572,-0.0020114799554414157,-0.0005710215724680817,-0.001191296120776392,266,266
2017-03-09,0.00040835552029498413,0.0002979967594468893,0.0012680125054702618,0.001449492730946037,0.00011035876084809483,-0.0011514959714991476,265,269
2017-03-10,0.003361045483642203,0.0035813561370522887,0.0035047225712938612,0.004240812845600181,-0.00022031065341008562,-0.0006594567085478923,266,272
2017-03-13,0.0004461686816142393,0.0005719233967280764,0.000504808459379058,0.0017857984368569496,-0.00012575471511383707,-0.0012138750401288732,266,272
2017-03-14,-0.004250890462280768,-0.0036956948103000573,-0.0038267657439445824,-0.003635209883680554,-0.0005551956519807104,-6.048492661950332e-05,266,274
2017-03-15,0.010423543799415071,0.010033102822166972,0.008653627341119519,0.009349577539265975,0.000390440977248099,0.0006835252829009968,264,276
2017-03-16,-0.00046050092527566915,-0.000942395722795251,-0.0019671806501917466,-5.4279521618823005e-05,0.00048189479751958186,-0.000888116201176428,264,275
2017-03-17,-0.0007232007145538602,-0.0002468588500633492,-0.0017561730473244497,-0.00014979896598393767,-0.000476341864490511,-9.705988407941155e-05,281,275
2017-03-20,-0.001648287176136838,-0.002134381162380285,-0.0010969835861349697,-0.0024435975753155704,0.0004860939862434469,0.00030921641293528554,282,275
2017-03-21,-0.010580440826985891,-0.011029493877741856,-0.012839361243141334,-0.012010551581000853,0.000449053050755965,0.0009810577032589966,283,275
2017-03-22,0.002006763862379893,0.0014644220831594554,0.002353427766558225,0.0015960660385383166,0.0005423417792204377,-0.00013164395537886117,281,275
2017-03-23,-0.00012134935267797514,-0.00016212350971915807,-0.001067434132180245,-0.0003339243290775463,4.077415704118293e-05,0.00017180081935838821,281,291
2017-03-24,-0.0005579485029673723,-0.0006125488322717411,-0.0007263890130563277,-0.000353096236058556,5.460032930436874e-05,-0.0002594525962131851,285,291
2017-03-27,0.0006438979131983281,0.0001763009576726027,-0.0010264715929488855,-2.603918426905524e-05,0.0004675969555257254,0.00020234014194165794,286,292
2017-03-28,0.00530350507997901,0.005355013353695579,0.0072769424547409756,0.006350057982401358,-5.1508273716568964e-05,-0.000995044628705779,286,292
2017-03-29,0.003271041942304609,0.00267816308441611,0.0009350256036630977,0.0013019975757569717,0.0005928788578884992,0.0013761655086591382,286,289
2017-03-30,0.0008041923138007844,0.0009923612702108517,0.0031841215309342807,0.0016326711830876798,-0.0001881689564100673,-0.0006403099128768281,288,289
2017-03-31,-0.00089885210781445,-0.0012086360135165266,-0.0023278555638263088,-0.0019312578127861882,0.0003097839057020766,0.0007226217992696616,287,289
2017-04-03,-0.002788599659292981,-0.0031038188993531266,-0.001738955729288616,-0.003218090505721808,0.00031521924006014564,0.00011427160636868139,287,286
2017-04-04,0.00011852490656955457,1.0475980517951868e-05,0.00063722725354598,7.751205396466907e-06,0.0001080489260516027,2.7247751214849615e-06,286,286
2017-04-05,-0.004177669021195709,-0.0035645877515822107,-0.0029721589080948796,-0.004052701621183937,-0.0006130812696134988,0.00048811386960172665,301,286
2017-04-06,0.0030404501058620787,0.003215969820832771,0.0028106987040519282,0.003915515351407678,-0.0001755197149706923,-0.0006995455305749067,306,286
2017-04-07,-0.0004319736626047051,-0.0007818407821169496,-0.0010193578075859966,-0.0008634345418031701,0.00034986711951224446,8.159375968622054e-05,306,287
2017-04-10,0.0013303863790862203,0.001189559979390767,0.0005953198699455431,0.0007403853674802839,0.0001408263996954533,0.0004491746119104831,304,287
2017-04-11,8.60175895044562e-05,0.00036985929670542634,-0.0011898561997196744,0.0009188173206611404,-0.00028384170720097016,-0.000548958023955714,305,286
2017-04-12,-0.0037313074229993657,-0.0037729867065019905,-0.004381822426717585,-0.004581906705602155,4.167928350262478e-05,0.0008089199991001645,305,290
2017-04-13,-0.006163071780055179,-0.006348121074858047,-0.006494879040586099,-0.007264052058540112,0.0001850492948028675,0.0009159309836820652,304,290
2017-04-17,0.008135148542440235,0.008164530596210536,0.008859833714102594,0.008071561266694274,-2.9382053770300384e-05,9.296932951626154e-05,304,290
2017-04-18,-0.002567599305780158,-0.0023005251719523754,-0.002983990484284549,-0.002808237175503526,-0.0002670741338277826,0.0005077120035511507,304,289
2017-04-19,-0.0019577841727485066,-0.0016202319826859096,-0.0018386913937914473,-0.0004069028076911573,-0.00033755219006259703,-0.0012133291749947524,303,289
2017-04-20,0.007706031442131234,0.008359622858175824,0.008139040932794384,0.008665909498339376,-0.0006535914160445905,-0.00030628664016355174,303,289
2017-04-21,-0.002844883547758598,-0.002236101211353615,-0.003186752488417488,-0.0030065297439467323,-0.0006087823364049828,0.0007704285325931173,303,287
2017-04-24,0.011333770989369513,0.01164971179852082,0.01099783666541132,0.01359362241120726,-0.0003159408091513074,-0.0019439106126864399,304,286
2017-04-25,0.006387711092297314,0.006239393326048604,0.00581851486373397,0.006506530319586592,0.0001483177662487097,-0.0002671369935379883,304,286
2017-04-26,0.0005170024868096829,0.0010854647934494424,-0.0006287741461949992,-0.0006648960795757555,-0.0005684623066397595,0.001750360873025198,305,287
2017-04-27,0.00016483140417678,0.0008845125416634531,0.0008390413740870795,0.0014559481459570874,-0.0007196811374866731,-0.0005714356042936344,304,286
2017-04-28,-0.0033662454392128054,-0.003888440381190567,-0.002179308113962719,-0.004782454333971001,0.0005221949419777615,0.0008940139527804343,303,287
2017-05-01,0.00014263896533357918,-2.3808742505196507e-05,0.0025199868841527806,0.0001793180758043374,0.0001664477078387757,-0.0002031268183095339,303,287
2017-05-02,-0.0007230171165825618,-0.0001230874336948607,0.0003770145324726304,0.0011060672140639624,-0.0005999296828877012,-0.001229154647758823,304,287
2017-05-03,-0.0015767220674662726,-0.0016454618425505918,-0.0012145396026795874,-0.0020069992660255733,6.873977508431916e-05,0.0003615374234749815,306,290
2017-05-04,0.0001858381286587879,0.0007744183720151195,0.0011741897475205931,0.0016353888069055246,-0.0005885802433563316,-0.0008609704348904051,305,290
2017-05-05,0.006629393356142014,0.006331949837631938,0.003936881598367359,0.005304320457064513,0.00029744351851007655,0.0010276293805674243,305,290
2017-05-08,-0.0011894722341087615,-0.0015264666297510707,-0.00016660305302673706,-0.002286611711174653,0.00033699439564230924,0.0007601450814235823,303,289
2017-05-09,-0.0004335837872166175,-0.0003559154624325397,-0.0009181667806196225,-0.0005429648722285555,-7.766832478407781e-05,0.0001870494097960158,303,289
2017-05-10,0.0026003542846527615,0.0019262249708975456,0.0017959927977106993,0.0011578639808465215,0.0006741293137552159,0.0007683609900510241,303,292
2017-05-11,-0.003699188964690742,-0.002933790007072985,-0.0020427215997183,-0.003391569342104349,-0.0007653989576177573,0.00045777933503136393,304,294
2017-05-12,-0.0004121603833676114,-0.0012827458476217886,-0.0016710647433784143,-0.000787774637076151,0.0008705854642541772,-0.0004949712105456375,302,287
2017-05-15,0.00682763373711931,0.0058707887514834025,0.0055234185620463006,0.005873623305728326,0.0009568449856359072,-2.8345542449235636e-06,304,287
2017-05-16,-0.0015093051773189888,-0.0011927655265804656,-0.0009155007323122799,-0.0002230254106045513,-0.0003165396507385232,-0.0009697401159759143,305,287
2017-05-17,-0.016021717377320978,-0.01544092007469212,-0.017744163187574213,-0.01583767627776592,-0.0005807973026288587,0.0003967562030738007,305,289
2017-05-18,0.002787737666121355,0.002335347003429255,0.004028412026888084,0.0019182233251960501,0.0004523906626921,0.00041712367823320477,305,289
2017-05-19,0.009150533570247409,0.009139804351834648,0.0065043491303531376,0.008140123372294255,1.0729218412761088e-05,0.0009996809795403926,304,288
2017-05-22,0.00436764516616364,0.004346651686094296,0.005077412054593777,0.005959192213344417,2.0993480069344053e-05,-0.0016125405272501211,303,287
2017-05-23,0.0006344127124671117,6.101392103812841e-05,0.0022125826358818657,-0.002698919797440934,0.0005733987914289832,0.0027599337184790627,301,287
2017-05-24,0.001132202513218454,0.0016147370257790926,0.0023329469278703385,0.0016138584373859538,-0.00048253451256063864,8.785883931388457e-07,300,287
2017-05-25,0.003666891280754485,0.00353171336768693,0.0047796238735542396,0.003365908943869452,0.00013517791306755494,0.00016580442381747794,302,285
2017-05-26,-5.7989177214641016e-05,0.0006042649058499436,-0.0002068084834931927,-0.00038606240928944116,-0.0006622540830645846,0.0009903273151393847,301,288
2017-05-30,-0.001616491832600903,-0.0012530034740825078,-0.0008685996930523077,-0.0005536780398698996,-0.00036348835851839523,-0.0006993254342126081,300,290
2017-05-31,0.00043622134785684314,0.001012264914505115,-0.0002485544806668516,0.0010799801835716246,-0.0005760435666482719,-6.771526906650962e-05,303,290
2017-06-01,0.008017974841936264,0.007827889845078649,0.007951911722909433,0.010767072011288726,0.00019008499685761564,-0.002939182166210077,302,290
2017-06-02,0.0023324778043443796,0.003226171194880482,0.0033286783338164483,0.0034778555944997933,-0.0008936933905361022,-0.00025168439961931145,302,290
2017-06-05,-0.0029094366350032644,-0.002680597686547398,-0.0007372200285978847,-0.0018212196945692784,-0.00022883894845586623,-0.0008593779919781198,302,293
2017-06-06,-0.0032915027277096863,-0.00307904543662996,-0.0031969286753064097,-0.003730403133295035,-0.0002124572910797264,0.000651357696665075,299,293
2017-06-07,-0.0007069428840089122,-0.0006848955018031256,0.001850325164924005,0.0010775057081455445,-2.2047382205786633e-05,-0.00176240120994867,296,295
2017-06-08,-6.033737488140984e-05,-0.00021362495087398744,0.0004923393792677366,0.0017626076347902692,0.0001532875759925776,-0.0019762325856642568,298,295
2017-06-09,0.002923063586959693,0.0030110733356826483,-0.0015177165475721566,0.001514303587306693,-8.800974872295517e-05,0.0014967697483759554,297,295
2017-06-12,0.0005782570826117494,0.0007500519823282089,-0.00020555193674032246,0.0004277905082486941,-0.0001717948997164595,0.00032226147407951475,297,295
2017-06-13,0.004279702573319507,0.004748979018081269,0.0048902204022116535,0.003757814718938301,-0.0004692764447617615,0.0009911642991429674,299,297
2017-06-14,-0.0017894049064914733,-0.0018062426471269588,-0.0012676998129655948,-0.0022592779184343135,1.6837740635485465e-05,0.0004530352713073547,299,297
2017-06-15,-0.004221366354865169,-0.0030000954507077696,-0.001924347334882115,-0.0020757692098001632,-0.0012212709041573996,-0.0009243262409076064,297,296
2017-06-16,0.00019543770285530889,0.00020485752562304392,0.0002185978367157393,0.00037682785970311565,-9.419822767735032e-06,-0.00017197033408007173,317,294
2017-06-19,0.007507606709795152,0.007385078063075808,0.008325067285928078,0.007827012949885396,0.0001225286467193441,-0.0004419348868095873,316,294
2017-06-20,-0.008580949960001208,-0.00830155869146461,-0.006744292730489376,-0.007901041468822223,-0.00027939126853659783,-0.0004005172226423867,317,294
2017-06-21,-0.001415381179787534,-0.001296989538764701,-0.00024675292130982296,-0.001278950473050904,-0.00011839164102283315,-1.8039065713796893e-05,319,296
2017-06-22,0.0009242752041727245,0.0007778384621434837,-0.0004530594808274113,-3.007620615329236e-05,0.0001464367420292408,0.0008079146682967761,320,296
2017-06-23,0.0018231250798953387,0.0020782200100568833,0.0011944043028124796,0.0019266952147395484,-0.00025509493016154456,0.00015152479531733488,320,296
2017-06-26,0.002695180754794764,0.0022565983416244833,0.0006580207993931442,0.0020231526783795655,0.00043858241317028084,0.00023344566324491785,318,295
2017-06-27,-0.006728570231766447,-0.006721941123498601,-0.0080561413844783,-0.006398834336661093,-6.629108267846261e-06,-0.00032310678683750756,319,296
2017-06-28,0.008572152183577484,0.008209858670306618,0.008950413149005687,0.009078131445296846,0.0003622935132708664,-0.000868272774990228,320,290
2017-06-29,-0.007721196323010598,-0.00828411285480147,-0.008788900993797588,-0.009365509501802831,0.0005629165317908727,0.0010813966470013606,321,290
2017-06-30,0.002931096184293943,0.0037933868450488336,0.0018647245897820408,0.003479788821094343,-0.0008622906607548904,0.00031359802395449074,322,290
2017-07-03,0.0038916297971243207,0.003722959954136519,0.001695443520105533,0.002698076700363063,0.00016866984298780172,0.0010248832537734561,323,290
2017-07-05,-0.0015449552283617674,-0.0023575186968953095,0.00231211125862818,-0.0005482306343871507,0.0008125634685335421,-0.0018092880625081588,316,290
2017-07-06,-0.009285879804457064,-0.009461058786727313,-0.009144536998774822,-0.010127182193204272,0.0001751789822702493,0.0006661234064769591,313,291
2017-07-07,0.006158109850793936,0.0062236262028876,0.006484989313749745,0.0064678329540699105,-6.551635209366396e-05,-0.0002442067511823102,313,291
2017-07-10,0.0003434417295450225,0.000496677686786182,0.0010738433013135484,-0.0006844695660350136,-0.00015323595724115954,0.0011811472528211956,313,291
2017-07-11,-0.0013859172423913103,-0.0004704474769859708,-0.0007423587984258795,-0.00046118417358784696,-0.0009154697654053395,-9.263303398123867e-06,313,290
2017-07-12,0.007344795816497938,0.007095649750682843,0.007514781538733528,0.007222949826914233,0.00024914606581509513,-0.00012730007623138959,339,293
2017-07-13,0.0025506132208207967,0.0027038425628016704,0.0016800879678566805,0.002166712488657608,-0.0001532293419808737,0.0005371300741440622,319,290
2017-07-14,0.005025923630882248,0.005021386842562223,0.004664139876527251,0.005447240426284552,4.5367883200250064e-06,-0.00042585358372232863,317,282
2017-07-17,-0.00027453745703498044,-0.0002738497932387853,-0.00012220276614027803,-2.425977124735347e-05,-6.876637961951231e-07,-0.00024959002199143184,317,284
2017-07-18,-0.0009489403942676527,-0.0008053029532390583,0.0005296578277105279,-0.0007084658771807697,-0.00014363744102859446,-9.683707605828858e-05,329,286
2017-07-19,0.006099203605186766,0.00569263004467874,0.005413921358542018,0.005312624638519627,0.00040657356050802663,0.0003800054061591125,328,285
2017-07-20,0.0006062946535764914,0.0007598958374664801,0.00044529251207392484,0.00041063260423103014,-0.0001536011838899887,0.00034926323323544994,327,285
2017-07-21,-0.0008406511815955303,-0.001101379453611651,-0.0008902598563034214,-0.0001904122281308658,0.0002607282720161208,-0.0009109672254807852,326,285
2017-07-24,-0.002242403928251949,-0.002148583983392466,-0.0002428848705752218,-0.0016273040678039148,-9.381994485948295e-05,-0.0005212799155885511,325,285
2017-07-25,0.0048561035036041094,0.0041272833624754,0.0024305796960384374,0.0035876690826217982,0.0007288201411287092,0.000539614279853602,325,285
2017-07-26,-0.000365768027837176,7.896133631888072e-06,4.047545931640251e-05,-0.0008250238424943581,-0.0003736641614690641,0.0008329199761262461,326,285
2017-07-27,-0.00016380986689374985,0.0005122770705808769,-0.0009295463873379983,7.439857704803303e-05,-0.0006760869374746267,0.0004378784935328438,326,280
2017-07-28,-0.000784507968509694,-4.4957429743336176e-05,-0.001173124129875358,-0.00014518922233288872,-0.0007395505387663579,0.00010023179258955255,327,280
2017-07-31,0.0006570981754224896,0.0009048518302184414,-0.0005669001723225264,0.0004537152021435018,-0.0002477536547959518,0.00045113662807493964,327,280
2017-08-01,0.0011923302164389906,0.0014184913523776564,0.0022286614651252368,0.0014034655423252075,-0.00022616113593866582,1.5025810052448837e-05,326,278
2017-08-02,-0.00011570504890430593,0.00019044250891041116,0.00048526140353621905,0.0006990220206886288,-0.0003061475578147171,-0.0005085795117782176,326,278
2017-08-03,-0.002381010522533714,-0.002365465456315657,-0.0019400330278620537,-0.003271175215060976,-1.5545066218057135e-05,0.0009057097587453189,326,277
2017-08-04,0.002406125773347152,0.0018867549186905985,0.0018223653134417095,0.0005211517755022017,0.0005193708546565533,0.0013656031431883969,327,277
2017-08-07,0.00030770752676804943,0.0004960195294064969,0.001859100604773234,0.0018450639289720916,-0.0001883120026384475,-0.0013490443995655948,326,277
2017-08-08,-0.0026854380223149243,-0.0033903230019567444,-0.0024609703759777,-0.0039549797918113,0.0007048849796418202,0.0005646567898545552,327,277
2017-08-09,-0.0007726233354551677,-0.0009522939408801486,-4.014574899935397e-05,6.106461623117142e-05,0.00017967060542498092,-0.00101335855711132,327,279
2017-08-10,-0.013718055027686298,-0.013375708079535488,-0.014115142915350432,-0.011404469745548441,-0.0003423469481508099,-0.0019712383339870465,328,279
2017-08-11,0.0011775995353666504,0.0010857083923592982,0.0014766115090787402,0.001515823270734544,9.189114300735225e-05,-0.0004301148783752459,328,256
2017-08-14,0.009342361162966786,0.009118659865713015,0.009913265684258432,0.008700293318524996,0.0002237012972537717,0.00041836654718801873,326,254
2017-08-15,-0.002828353873129248,-0.002790201501154005,-0.00012185976418310762,-0.0006231832544548074,-3.8152371975243207e-05,-0.0021670182466991977,327,254
2017-08-16,0.006245791509358733,0.005890405882179531,0.0017443705993589464,0.002322281837600732,0.00035538562717920153,0.003568124044578799,326,254
2017-08-17,-0.014748543040485519,-0.014267225841233005,-0.015590960633984352,-0.014226847200825055,-0.000481317199252514,-4.037864040794953e-05,326,256
2017-08-18,-0.0009378961478763914,-0.0017383528415529086,-0.0015628575952627566,-0.001371731243051963,0.0008004566936765172,-0.00036662159850094555,327,255
2017-08-21,0.0005481744615634078,0.0005536381719616968,0.0007827970007598939,0.0010666214552273515,-5.463710398288953e-06,-0.0005129832832656547,326,255
2017-08-22,0.010463429103159333,0.01015439246807401,0.010456856734773368,0.008977838418601895,0.00030903663508532325,0.0011765540494721154,320,257
2017-08-23,-0.001288050082981184,-0.000994416154030579,-0.0035852672321289303,-0.0031541834746185576,-0.000293633928950605,0.002159767320587979,319,256
2017-08-24,-0.0016447960680606246,-0.0018712290219932081,-0.002330698361746375,-0.00364841713083646,0.00022643295393258347,0.0017771881088432518,320,256
2017-08-25,0.005099014471381071,0.004550119730048534,0.00233614320689135,0.0022411507232777887,0.0005488947413325373,0.002308969006770745,323,257
2017-08-28,-0.0015592610698758268,-0.0018389149721103088,4.094878551952341e-05,-0.00027519481776184455,0.00027965390223448194,-0.0015637201543484643,324,257
2017-08-29,-0.0006791628763398725,-0.00035895847388059876,0.0011445040740214463,0.00040182390524849643,-0.00032020440245927374,-0.0007607823791290952,323,257
2017-08-30,0.0030826592072183807,0.003284845186062406,0.004737749659841084,0.00434388181384507,-0.0002021859788440255,-0.0010590366277826641,323,259
2017-08-31,0.004859650825530181,0.00569088877290537,0.00601604402412681,0.005742847777089236,-0.000831237947375189,-5.1959004183866654e-05,320,259
2017-09-01,0.004740316265462163,0.0040468325503095455,0.001413964461795647,0.0028162678375491996,0.0006934837151526176,0.001230564712760346,326,258
2017-09-05,-0.006656839013965352,-0.005791618041510669,-0.0071819837344241355,-0.00598025204878202,-0.0008652209724546826,0.00018863400727135108,325,257
2017-09-06,0.003152465909791927,0.003297145337228821,0.0034138664290426224,0.004238509418929568,-0.00014467942743689403,-0.000941364081700747,329,256
2017-09-07,-4.939613743321217e-05,-0.0006284658703057815,-0.00012161082014094937,0.0004131281186071865,0.0005790697328725693,-0.001041593988912968,328,256
2017-09-08,-0.0017017177459713452,-0.0015152692837031546,-0.001174621083821048,-0.001494107260768594,-0.0001864484622681906,-2.1162022934560635e-05,328,261
2017-09-11,0.01053412450195871,0.011048598678975683,0.010665891039904896,0.009885639206608746,-0.0005144741770169731,0.001162959472366937,350,263
2017-09-12,0.0053559940874749416,0.005112922665150655,0.0033707152586024414,0.004314003705193122,0.00024307142232428674,0.0007989189599575328,350,262
2017-09-13,0.001524838769208828,0.001979012536002994,0.000479892990479458,0.0005791892856268125,-0.00045417376679416613,0.0013998232503761817,351,260
2017-09-14,-5.7856966687268126e-05,-0.000170490368815629,-0.00031975175163456715,0.0002614191637698339,0.00011263340212836087,-0.0004319095325854629,351,261
2017-09-15,0.0030048522698431428,0.0029601329120806197,0.0013464130288753928,0.0034106663608020234,4.471935776252309e-05,-0.0004505334487214037,349,260
2017-09-18,0.0023958592432039953,0.0020446905114917067,0.0021267520614440816,0.0023242712499812667,0.00035116873171228864,-0.00027958073848956006,347,260
2017-09-19,0.00221760218415606,0.000883851637339205,0.00100105196717859,0.001684355029913044,0.0013337505468168551,-0.000800503392573839,347,260
2017-09-20,0.0005842589684212743,0.0008455294720133313,0.00036004353310947756,-0.00018858961773624596,-0.000261270503592057,0.0010341190897495774,347,260
2017-09-21,-0.003349473360038266,-0.00397284389469673,-0.0026792893579979937,-0.0021018257027590518,0.000623370534658464,-0.0018710181919376783,347,243
2017-09-22,0.0011976352454069127,0.0010607850125969286,0.00020055958652709371,0.0010079837656783127,0.00013685023280998417,5.280124691861587e-05,343,242
2017-09-25,-0.000903367820325047,-0.0005883181953271945,-0.002044792067521062,-0.0005050421140481223,-0.0003150496249978525,-8.32760812790722e-05,342,241
2017-09-26,0.0014654137458078513,0.0020413016816059983,0.0006028610466846107,0.0007145365713600952,-0.0005758879357981471,0.0013267651102459033,343,241
2017-09-27,0.0040977535909681615,0.004458780532008956,0.003893912008740008,0.0035390162102508617,-0.0003610269410407943,0.0009197643217580941,345,241
2017-09-28,0.0009296252944887371,0.0014275206077458513,0.0011999715082933182,9.673783952498998e-05,-0.0004978953132571142,0.0013307827682208612,346,242
2017-09-29,0.004515141329303245,0.0027254743230785243,0.003515291950204613,0.003946698573873862,0.0017896670062247204,-0.0012212242507953375,349,242
2017-10-02,0.0042541561774556685,0.004296109618586182,0.004338517428414956,0.003935596045874928,-4.195344113051315e-05,0.00036051357271125323,351,242
2017-10-03,0.0016391664156523407,0.0015264642677490592,0.0021400024709421483,0.002029639084307692,0.00011270214790328153,-0.0005031748165586329,351,243
2017-10-04,0.0005159837430069801,0.0015482272171270003,0.001186428422420116,0.0004211017219836859,-0.0010322434741200201,0.0011271254951433145,337,243
2017-10-05,0.004816628924024118,0.00590941467967912,0.005925181568549265,0.005002959820195592,-0.0010927857556550019,0.0009064548594835279,337,245
2017-10-06,-0.001652557489847824,-0.0012646121451445928,-0.0011388430551170226,-0.0019761280560016818,-0.00038794534470323124,0.000711515910857089,338,245
2017-10-09,-0.0026889475456490014,-0.0033249424406406637,-0.001651208546544769,-0.0031376183513122037,0.0006359948949916623,-0.00018732408932846,338,251
2017-10-10,0.003444707425348544,0.003478032988073912,0.002638455284048158,0.003577512600026762,-3.332556272536789e-05,-9.947961195284991e-05,338,281
2017-10-11,0.0005862350762781912,0.0005502600136748222,0.0015711074698174787,0.0019714626991505653,3.5975062603368934e-05,-0.001421202685475743,341,279
2017-10-12,-0.002376963225256913,-0.0021688709134675323,-0.001490286355972037,-0.0002905098724389753,-0.00020809231178938077,-0.0018783610410285571,342,278
2017-10-13,0.00199502841633834,0.0027242221046004105,0.0012174061360681332,0.00102244641838321,-0.0007291936882620705,0.0017017756862172005,344,278
2017-10-16,0.0013026362284975202,0.0020995439146653827,0.0013336647975210614,0.0003311184154018953,-0.0007969076861678625,0.0017684254992634874,343,279
2017-10-17,-0.0003872717849056057,-0.0003890554906502697,0.0007050811254900591,-0.0009934730929299002,1.7837057446639824e-06,0.0006044176022796306,346,280
2017-10-18,0.0013173206781508387,0.0016312915136300517,0.000978315145396147,0.0017452138277958985,-0.00031397083547921294,-0.00011392231416584679,346,287
2017-10-19,0.0004705750600711474,0.0010477323366099426,0.00027373721843404475,0.0035692216181521215,-0.0005771572765387951,-0.002521489281542179,346,287
2017-10-20,0.004081183849229724,0.004268098623415344,0.005160694616144212,0.0051195197949595326,-0.00018691477418561996,-0.0008514211715441884,349,287
2017-10-23,-0.0030758000270627393,-0.0028867582214215635,-0.0038893895749509966,-0.0032268794200183302,-0.00018904180564117577,0.0003401211985967667,352,287
2017-10-24,0.0010255510649175088,0.0013782644876370912,0.0017569908150834035,0.0027113202067939653,-0.00035271342271958237,-0.0013330557191568741,353,282
2017-10-25,-0.005485063125606864,-0.005118529932390562,-0.004949977681925066,-0.005244199764909118,-0.0003665331932163028,0.00012566983251855682,353,283
2017-10-26,0.00018776380079135542,0.0017347698358869124,0.0012926487300650713,0.0016856763487887233,-0.001547006035095557,4.9093487098189094e-05,356,281
2017-10-27,0.008191804880287649,0.00855959502410946,0.008176137815243623,0.002949095275947997,-0.0003677901438218119,0.005610499748161463,356,282
2017-10-30,-0.0039222601093196,-0.004207968388853598,-0.0037251888808782496,-0.004275809319863654,0.00028570827953399835,6.784093101005594e-05,369,282
2017-10-31,0.0028765854142299477,0.002825631823746389,0.0015581419619232761,0.001305806876782148,5.09535904835586e-05,0.001519824946964241,368,279
2017-11-01,0.002474385777248459,0.0025081490677026407,0.001322118470614031,0.0004388629266390684,-3.376329045418156e-05,0.0020692861410635723,367,280
2017-11-02,-0.0013785901554531574,-0.0014146139874685636,0.0003880928805701789,6.227278254492388e-05,3.602383201540627e-05,-0.0014768867700134876,369,280
2017-11-03,0.004079954684386574,0.004566304177261459,0.0033389147350910697,0.0042650333695163165,-0.0004863494928748855,0.00030127080774514266,369,280
2017-11-06,0.0017132967340167651,0.001716262055858941,0.0015475539797371596,-0.00018177953936685247,-2.9653218421759123e-06,0.0018980415952257936,369,300
2017-11-07,-0.0013199835316968693,-0.0005148911877215826,-0.0006952488173462834,0.0024367678790343317,-0.0008050923439752867,-0.0029516590667559143,369,300
2017-11-08,0.002670091391371508,0.002723346171412369,0.0017007396863544244,0.0021734875422598104,-5.325478004086087e-05,0.0005498586291525585,370,305
2017-11-09,-0.0017467359817042428,-0.004270639071899275,-0.003627604263122697,-0.002586309123206703,0.0025239030901950325,-0.0016843299486925725,372,306
2017-11-10,-0.0004922913902716758,-0.0007355854640442234,-0.00030980579782524664,-0.0004402945225094177,0.00024329407377254755,-0.00029529094153480566,372,310
2017-11-13,-0.0004790902440994575,-5.473486085151564e-05,0.0009297732783621893,0.000839006810128542,-0.00042435538324794186,-0.0008937416709800577,371,312
2017-11-14,-0.0015131910438266937,-0.0012929201427155155,-0.002322206213864253,-0.0013533346937804108,-0.00022027090111117814,6.0414551064895275e-05,370,311
2017-11-15,-0.004335135535789986,-0.003496821443284393,-0.005005580858437053,-0.006012234213901468,-0.0008383140925055928,0.0025154127706170748,369,311
2017-11-16,0.008497527634055823,0.008959070436652831,0.008501090303639103,0.008886703081662048,-0.0004615428025970085,7.236735499078356e-05,371,312
2017-11-17,0.0001659269145055842,0.0004224461582453058,-0.002938812525525303,0.0006007970591066285,-0.0002565192437397216,-0.00017835090086132268,371,312
2017-11-20,0.0026281249964951923,0.0029766231534465383,0.001706354022547485,0.0011835933924596279,-0.00034849815695134605,0.0017930297609869104,372,312
2017-11-21,0.005838339678745816,0.006108380131689067,0.006542786367675246,0.00557676295188657,-0.00027004045294325065,0.0005316171798024965,372,312
2017-11-22,0.0011749609024933978,0.0011611832228448477,-0.000884448220844547,2.130086052092961e-06,1.3777679648550086e-05,0.0011590531367927548,371,317
2017-11-24,0.003291972399043957,0.0033800926362675433,0.0023096914810962765,0.0014199208115911821,-8.812023722358639e-05,0.001960171824676361,371,314
2017-11-27,-0.0013347232316916046,-0.0009872574039357243,-0.0004993763849051591,-0.0010403480887249492,-0.00034746582775588026,5.3090684789224886e-05,372,313
2017-11-28,0.010348975769012253,0.011045020261898622,0.010144680188958644,0.011736443955005487,-0.0006960444928863687,-0.0006914236931068653,372,313
2017-11-29,0.00023925380314183812,0.0012160966376919809,-0.0006084001188818577,0.0016028137004368082,-0.0009768428345501429,-0.0003867170627448273,373,315
2017-11-30,0.0051961753686740695,0.004951442274659534,0.00875490901207665,0.0071296429973713975,0.0002447330940145353,-0.0021782007227118634,374,314
2017-12-01,-0.0018661211487156373,-0.0012624509965640414,-0.002075527471248617,-0.0028157631808762014,-0.000603670152151596,0.00155331218431216,374,314
2017-12-04,0.00037305312070707686,0.0013341881005332129,-0.0012099479161492566,0.00016177073437089438,-0.000961134979826136,0.0011724173661623186,372,314
2017-12-05,-0.003660699130561766,-0.003521145286701863,-0.003596448544357589,-0.0037821187921687066,-0.00013955384385990312,0.0002609735054668436,372,315
2017-12-06,-0.001738013884838701,-0.001394939481636148,0.00018991044531402324,-0.003355295836024773,-0.000343074403202553,0.001960356354388625,370,313
2017-12-07,0.0028407296584945416,0.0029782494494308117,0.0031528196080230497,0.0036469504502246964,-0.00013751979093627005,-0.0006687010007938848,370,312
2017-12-08,0.006147544658657585,0.006311281209448985,0.0054533046653553185,0.005254847388250383,-0.0001637365507914006,0.001056433821198602,371,308
2017-12-11,0.003058805141214032,0.002921550086871546,0.0030130719700074415,0.002664625486802574,0.000137255054342486,0.00025692460006897233,369,309
2017-12-12,0.0007151280216220078,0.0009227352285039231,0.0017649278880504937,0.00027274573630599113,-0.0002076072068819153,0.000649989492197932,368,310
2017-12-13,0.0010821569088485458,0.001028317389569596,-0.00011264924301479518,0.00025275998160597746,5.383951927894989e-05,0.0007755574079636185,361,312
2017-12-14,-0.005826426499640512,-0.0060281353957457135,-0.004085964732481462,-0.004807029650375809,0.00020170889610520142,-0.0012211057453699048,336,313
2017-12-15,0.007115593009370035,0.007196042122289619,0.008327216762099132,0.007281659345628037,-8.044911291958407e-05,-8.561722333841771e-05,339,313
2017-12-18,0.008312739095317542,0.008580142429481376,0.006341345956138333,0.0076617920991705,-0.0002674033341638349,0.0009183503303108768,339,315
2017-12-19,-0.0027679222353883125,-0.0031243832233514342,-0.0038404455161074047,-0.002351050226668577,0.00035646098796312175,-0.0007733329966828572,338,314
2017-12-20,-0.0002851481676502105,-0.00012246950947150797,-0.0005239552346316678,-0.00046424083280415565,-0.00016267865817870252,0.0003417713233326477,338,314
2017-12-21,0.004014258877539919,0.00390449972478762,0.002059595818349802,0.0028794521314743676,0.00010975915275229873,0.0010250475933132525,339,314
2017-12-22,-0.00015868382955452272,-0.00014236095415599725,-0.0002614459779353151,-0.001271667686735008,-1.6322875398525462e-05,0.0011293067325790108,339,315
2017-12-26,1.9301255351998908e-05,-9.49595332257914e-05,-0.0011963874414230302,5.722669790393501e-05,0.00011426078857779031,-0.00015218623112972642,338,314
2017-12-27,0.001111016694247922,0.0012983876518315503,0.00048641894058887303,0.0009245371335061837,-0.00018737095758362835,0.0003738505183253667,339,314
2017-12-28,0.0027705350769163905,0.002074097277357875,0.0020574271490565454,0.002328032002358711,0.0006964377995585156,-0.0002539347250008362,338,315
2017-12-29,-0.003589228706758647,-0.003815393576182268,-0.0037705689424076816,-0.004669610533379256,0.00022616486942362082,0.000854216957196988,336,315
2018-01-02,0.00885695205603068,0.0073772861430147505,0.007157485109112738,0.009290425511560093,0.0014796659130159292,-0.0019131393685453421,335,316
2018-01-03,0.00527095912887224,0.004165789224787464,0.006325300501854203,0.005460137988493912,0.0011051699040847754,-0.0012943487637064478,331,316
2018-01-04,0.004822029816417462,0.004200602602393974,0.0042146486144705175,0.005726097133105801,0.0006214272140234881,-0.0015254945307118274,332,317
2018-01-05,0.0069590170497614064,0.006790919359836027,0.006664340974076088,0.00720768022932176,0.0001680976899253797,-0.00041676086948573294,334,318
2018-01-08,0.0015237676329994312,0.0012857534112909123,0.0018285665635127124,0.0014787853744094679,0.00023801422170851888,-0.00019303196311855559,335,327
2018-01-09,-0.0004083967517342659,-1.673045624702267e-05,0.0022631211314307897,-0.00020601449920892918,-0.0003916662954872433,0.0001892840429619065,336,327
2018-01-10,-0.0009704655616522394,-0.0020982049847006264,-0.0015297964090021932,-0.0012442631451412976,0.0011277394230483871,-0.0008539418395593287,318,324
2018-01-11,0.008920960551909123,0.008102575499175837,0.007296354028647256,0.009675633844736319,0.0008183850527332861,-0.0015730583455604817,319,326
2018-01-12,0.006674505787205851,0.0064546924632904006,0.006519013753303549,0.007104493342748868,0.00021981332391545014,-0.0006498008794584677,320,320
2018-01-16,-0.002628118845720726,-0.003058578934433668,-0.0034184859804834433,-0.0035034308674436626,0.00043046008871294207,0.00044485193300999436,324,320
2018-01-17,0.008530122105577739,0.008015064429996428,0.009531568381856648,0.006907424429408768,0.0005150576755813107,0.0011076400005876601,307,313
2018-01-18,-0.001548770547426985,-0.0020008861038568393,-0.001680903517733312,-0.0019810564372914974,0.00045211555642985434,-1.982966656534184e-05,309,313
2018-01-19,0.005420927028827048,0.005669955411192868,0.004549963583812211,0.005454774601101722,-0.00024902838236581966,0.00021518081009114579,310,285
2018-01-22,0.007341420865750689,0.007386791995862542,0.008130805232507532,0.006596764437571031,-4.5371130111852495e-05,0.0007900275582915107,311,284
2018-01-23,0.004035737745584078,0.004034801969535601,0.002122522611590405,0.0035333221594859797,9.357760484768676e-07,0.0005014798100496216,311,284
2018-01-24,-0.001881519454973716,-0.002038627020210434,-0.0003889036196206286,0.00029418757871341205,0.00015710756523671797,-0.002332814598923846,312,284
2018-01-25,-0.0007517056867816817,-0.0007948774928358364,0.0004242501509332808,-0.001211748676728735,4.317180605415468e-05,0.0004168711838928986,311,286
2018-01-26,0.01071892361939921,0.010221837941639573,0.01157770181484219,0.010081474192343398,0.0004970856777596379,0.0001403637492961747,314,286
2018-01-29,-0.005815311937899317,-0.0066095084318216635,-0.006629885850248596,-0.006789694765043366,0.0007941964939223462,0.00018018633322170255,315,285
2018-01-30,-0.011532873675107648,-0.011084334408465731,-0.010256821120535276,-0.01189464241530031,-0.0004485392666419164,0.0008103080068345789,321,284
2018-01-31,0.0015093009526078705,0.0012610934300076788,0.0004968239198268609,-0.002986847147418061,0.0002482075226001917,0.0042479405774257396,320,284
2018-02-01,-0.001509927381224236,-0.0010256455202000052,-0.0011351307483339346,-0.001588626346323776,-0.0004842818610242309,0.0005629808261237708,321,281
2018-02-02,-0.021446204893848502,-0.02086306632214564,-0.02177008373808842,-0.020793197912454927,-0.0005831385717028625,-6.986840969071262e-05,321,281
2018-02-05,-0.038100301996834375,-0.037862700634684256,-0.04182236539346529,-0.03766369728386957,-0.0002376013621501194,-0.000199003350814686,322,283
2018-02-06,0.01574165217621811,0.01646899158540284,0.019702163199641243,0.016792607937712183,-0.0007273394091847282,-0.0003236163523093437,322,286
2018-02-07,-0.003666607025100842,-0.003772572393643295,-0.005424754594435033,-0.002547672358200775,0.00010596536854245303,-0.0012249000354425201,326,288
2018-02-08,-0.0333861013946363,-0.03340572034864984,-0.03750933305212123,-0.03456439397823452,1.96189540135408e-05,0.001158673629584682,327,284
2018-02-09,0.009515887922744867,0.00987164139326124,0.015021795501901858,0.011439653688628692,-0.0003557534705163727,-0.0015680122953674516,328,284
2018-02-12,0.012775130092357062,0.012406945336379219,0.014684341821562752,0.012488514801012702,0.0003681847559778434,-8.156946463348282e-05,328,290
2018-02-13,0.003153713693361557,0.003690068999350375,0.002487467282220601,0.0013259627961621186,-0.0005363553059888181,0.0023641062031882565,330,291
2018-02-14,0.01555756631786223,0.014421853742101145,0.013496201843272049,0.01320600869034086,0.0011357125757610852,0.0012158450517602837,330,292
2018-02-15,0.010455464611155728,0.010311020312186614,0.012760387834819475,0.01002532274139459,0.00014444429896911387,0.00028569757079202444,332,292
2018-02-16,0.0012314403403788365,0.0018142824377745976,0.000292794579394684,-0.00017680227847573213,-0.000582842097395761,0.0019910847162503296,331,296
2018-02-20,-0.006064195601289875,-0.005776666773016958,-0.006261277633411777,-0.007467489217133213,-0.00028752882827291684,0.0016908224441162549,330,299
2018-02-21,-0.006761823655375554,-0.006793358760643731,-0.004974019230443272,-0.005935217703202977,3.153510526817706e-05,-0.0008581410574407542,330,299
2018-02-22,-0.0011883382751291648,-0.0009502417043481391,0.0012957894424421301,0.0008716504084301853,-0.00023809657078102577,-0.0018218921127783243,332,298
2018-02-23,0.014820511445374487,0.015346738712431033,0.01593949973912201,0.014930728744903162,-0.0005262272670565459,0.0004160099675278705,335,297
2018-02-26,0.00977693921024928,0.010191758990943926,0.011612253731169142,0.011133282777916495,-0.0004148197806946464,-0.0009415237869725684,333,300
2018-02-27,-0.012131934616272854,-0.012609062237580189,-0.01248665762461576,-0.013056099184727965,0.0004771276213073345,0.0004470369471477765,331,300
2018-02-28,-0.011863877075025267,-0.011839799104411512,-0.010130074656356292,-0.01204871563574052,-2.407797061375512e-05,0.00020891653132900853,332,303
2018-03-01,-0.011121335345943499,-0.010836169068887428,-0.014540280759743007,-0.011641533938314604,-0.0002851662770560707,0.0008053648694271755,337,303
2018-03-02,0.00642686337991114,0.006786854861317379,0.005154651588966441,0.006643991979428694,-0.00035999148140623827,0.00014286288188868502,338,302
2018-03-05,0.010187921349164525,0.010385677573875643,0.011557931664519794,0.009809361233268884,-0.0001977562247111181,0.0005763163406067584,341,302
2018-03-06,0.004716173856213045,0.0040395254307051265,0.002534907550675314,0.004341643163514437,0.0006766484255079181,-0.0003021177328093108,338,302
2018-03-07,-0.0002625245042796583,-0.00048799302899794986,-0.00036632221183274805,0.00015704304993843766,0.00022546852471829154,-0.0006450360789363875,339,304
2018-03-08,0.0036536223022501898,0.0034976294095673665,0.004839052032025615,0.0015359220371455665,0.00015599289268282326,0.0019617073724218,334,308
2018-03-09,0.01413029988732926,0.01428057507762684,0.01740202971236071,0.014008172654148904,-0.00015027519029757984,0.0002724024234779347,337,312
2018-03-12,-9.409621844073901e-05,0.0002397616794146906,-0.0012549321771170296,-0.0009019276116479192,-0.0003338578978554296,0.0011416892910626098,338,309
2018-03-13,-0.006120464557685654,-0.00570643907031545,-0.006462466383613807,-0.005654052455157066,-0.0004140254873702034,-5.238661515838405e-05,314,308
2018-03-14,-0.004680580223067501,-0.004608461231967192,-0.00513176903160617,-0.005661278139302951,-7.211899110030895e-05,0.0010528169073357584,314,309
2018-03-15,-0.002670592156928222,-0.0022834355177376604,-0.001089369639663107,-0.0022332199308888988,-0.00038715663919056164,-5.021558684876158e-05,315,308
2018-03-16,0.003441307785844049,0.0026086829575728116,0.001083968187802098,0.003629205148941202,0.0008326248282712373,-0.0010205221913683906,317,307
2018-03-19,-0.013552815783951053,-0.012753358875281288,-0.013530373910298765,-0.013574275338951452,-0.0007994569086697649,0.0008209164636701644,310,307
2018-03-20,0.0016447218496520586,0.0014290368387022661,0.0017010048901966446,0.0005405336619238873,0.00021568501094979247,0.0008885031767783788,312,307
2018-03-21,-0.0004634979854785929,-0.0005735697872614888,-0.0019193480544840158,-0.0005004586109263128,0.00011007180178289588,-7.3111176335176e-05,312,308
2018-03-22,-0.02365434604292682,-0.022576960755600593,-0.024997068851099313,-0.022371818297864388,-0.001077385287326229,-0.00020514245773620501,313,307
2018-03-23,-0.017366339146614906,-0.016679530734330827,-0.021314665920538878,-0.01820481494979714,-0.000686808412284079,0.0015252842154663132,312,307
2018-03-26,0.023298089244225748,0.023412383948995103,0.027359041341031398,0.024394336345645223,-0.00011429470476935488,-0.0009819523966501202,312,307
2018-03-27,-0.013954103358824658,-0.013504706602258672,-0.017011955946813595,-0.014563353830865811,-0.0004493967565659864,0.0010586472286071395,323,307
2018-03-28,-0.0023960431841971337,-0.0018537644440252733,-0.00295454164048381,7.451544072039415e-05,-0.0005422787401718604,-0.0019282798847456675,324,307
2018-03-29,0.012875086206697311,0.0128460626750143,0.01277765629043004,0.012476178548637033,2.9023531683011403e-05,0.00036988412637726717,323,313
2018-04-02,-0.021463907659184097,-0.02104911403644359,-0.021584838974347154,-0.022399452852996007,-0.00041479362274050857,0.001350338816552419,320,313
2018-04-03,0.012151262658669676,0.01185584048666665,0.01281699483460641,0.012055966765899507,0.0002954221720030247,-0.0002001262792328557,318,313
2018-04-04,0.011496044468690333,0.010285093618566698,0.010699254625316179,0.01125388233738015,0.0012109508501236353,-0.0009687887188134514,317,314
2018-04-05,0.008419617798866763,0.008351326528596268,0.007892002293839129,0.008042108378898386,6.829127027049506e-05,0.00030921814969788256,316,314
2018-04-06,-0.01765415912402512,-0.017731281961022454,-0.022285715443009946,-0.018456774726805708,7.712283699733494e-05,0.000725492765783254,332,314
2018-04-09,0.0031634779709988703,0.003977563768027857,0.004928668613989773,0.0027459906733818236,-0.0008140857970289871,0.0012315730946460338,332,316
2018-04-10,0.01628679930985029,0.015884415895334177,0.015899782848387112,0.016237330860883088,0.0004023834145161116,-0.00035291496554891097,332,314
2018-04-11,-0.003586593467802769,-0.003115754462685108,-0.005242046884149976,-0.00426054131603823,-0.0004708390051176609,0.0011447868533531217,332,308
2018-04-12,0.005908434411229259,0.006336560881122123,0.008226779152106012,0.006270877437330485,-0.00042812646989286423,6.568344379163753e-05,332,283
2018-04-13,-0.001998311582889055,-0.0019154250634780274,-0.002932979432794136,-0.0020980102490829526,-8.288651941102776e-05,0.00018258518560492517,330,290
2018-04-16,0.008632432223026548,0.009522663745633849,0.008221747026501358,0.008531648656521996,-0.0008902315226073012,0.000991015089111853,331,289
2018-04-17,0.009604192606489512,0.009394980683322257,0.010698716008662235,0.008957079355770885,0.00020921192316725526,0.0004379013275513724,329,301
2018-04-18,0.0011108264456819064,0.0009328266791437667,0.0007401982978649801,0.0007357121139464727,0.00017799976653813969,0.000197114565197294,329,301
2018-04-19,-0.006508917593451524,-0.0067770011773851165,-0.005547573622501467,-0.0076914355429189875,0.00026808358393359214,0.000914434365533871,324,300
2018-04-20,-0.007172778453319811,-0.0068498256584711165,-0.008479341407568897,-0.008359960713160417,-0.0003229527948486943,0.001510135054689301,324,293
2018-04-23,0.00012370890890555403,8.615303920440842e-05,-0.00015017073377443513,-0.00024135695263651747,3.75558697011456e-05,0.0003275099918409259,326,294
2018-04-24,-0.00943736156044916,-0.009200330702344175,-0.013467396630787554,-0.008797605933848216,-0.00023703085810498382,-0.0004027247684959597,324,294
2018-04-25,0.0009277724687453299,0.001524929645922792,0.0024716654969578755,0.0018659650506454043,-0.0005971571771774621,-0.00034103540472261236,324,294
2018-04-26,0.008742194685047113,0.008931191483279529,0.010165824720608896,0.009953990299020573,-0.00018899679823241623,-0.0010227988157410443,324,294
2018-04-27,0.0012829599479422154,0.0014623925788943364,0.0009389891031907904,0.004747061351600946,-0.00017943263095212105,-0.0032846687727066093,324,292
2018-04-30,-0.006223972700843838,-0.0061054265314583606,-0.007690742651111138,-0.007021412500314456,-0.00011854616938547762,0.0009159859688560954,322,293
2018-05-01,0.0009466191031698022,0.0014925254823142102,0.0017770551312901173,-0.0007558801827530238,-0.000545906379144408,0.002248405665067234,321,293
2018-05-02,-0.00583531485287332,-0.005164347676526624,-0.006717514835846372,-0.005868257282895553,-0.0006709671763466957,0.000703909606368929,304,293
2018-05-03,-0.0017212552500756575,-0.0022888962700590184,-0.0022037414415615464,-0.0028299501499510363,0.0005676410199833609,0.0005410538798920179,304,294
2018-05-04,0.013221001304208897,0.013537483798238473,0.012946284724030255,0.012879959199703804,-0.0003164824940295758,0.0006575245985346694,304,294
2018-05-07,0.0036770609528390765,0.003290877602466069,0.003383432772189554,0.002628251154260072,0.00038618335037300753,0.000662626448205997,305,295
2018-05-08,-0.0019358780534535992,-0.001977235040782444,0.0,-0.0005978231700586897,4.135698732884497e-05,-0.0013794118707237545,308,295
2018-05-09,0.00763268542172297,0.006923891012800074,0.009665562185792842,0.00818754510934169,0.000708794408922896,-0.0012636540965416153,309,274
2018-05-10,0.009666121603802787,0.00955628068388727,0.009350740206830688,0.007966033732672467,0.00010984091991551696,0.0015902469512148031,309,273
2018-05-11,0.0011415205366733829,0.0007417894609881904,0.003051566244398618,0.0033251373296204214,0.00039973107568519245,-0.002583347868632231,309,271
2018-05-14,0.0012123480262667995,0.0018225692130625654,0.00047633655527823393,0.0025741475934734173,-0.0006102211867957659,-0.0007515783804108518,308,275
2018-05-15,-0.0055794403574329545,-0.005888478421767116,-0.006887348322261455,-0.005633793679103697,0.00030903806433416146,-0.0002546847426634193,306,270
2018-05-16,0.0049551436428296545,0.004853345824189324,0.004205110339895679,0.006191759977487902,0.0001017978186403307,-0.0013384141532985783,307,282
2018-05-17,0.0006937077883803202,8.451908776770297e-05,-0.0008443977530324664,0.0010185570257210115,0.0006091887006126173,-0.0009340379379533085,305,283
2018-05-18,-0.0023455805660808553,-0.0024347052658092454,-0.0025001157992695644,-0.003910677307726672,8.912469972839013e-05,0.0014759720419174264,306,283
2018-05-21,0.0072591964616533534,0.00752883199718955,0.00751837859992599,0.006687012778237545,-0.0002696355355361968,0.0008418192189520056,306,283
2018-05-22,-0.003548908532948819,-0.0034228613377099717,-0.002780085416270728,-0.0037364971696995496,-0.00012604719523884745,0.00031363583198957797,307,283
2018-05-23,0.0003299765588943264,0.0009467130491960243,0.0027510398681152015,0.0009645269200075733,-0.0006167364903016979,-1.781387081154905e-05,307,285
2018-05-24,-0.0013653124878827104,-0.0014834279538909595,-0.0020481916084456042,-0.0011361885174306393,0.00011811546600824915,-0.0003472394364603202,307,287
2018-05-25,-0.0013326772425001731,-0.0014919256276735757,-0.0023830102230432137,-0.0017753706887774115,0.00015924838517340258,0.00028344506110383576,307,282
2018-05-29,-0.008859687738674116,-0.008814687852476877,-0.01150083201890606,-0.010241791153279082,-4.499988619723928e-05,0.001427103300802205,308,282
2018-05-30,0.0119009601518334,0.012168175773138003,0.013344616628375494,0.013348487423150375,-0.0002672156213046027,-0.001180311650012372,307,281
2018-05-31,-0.007516827498854627,-0.007753171343128759,-0.006125892381846465,-0.006775060810365285,0.00023634384427413148,-0.0009781105327634739,306,281
2018-06-01,0.008161391447250962,0.00793003337001201,0.009817758950398048,0.010380336016155728,0.0002313580772389523,-0.002450302646143718,306,279
2018-06-04,0.004750415280947919,0.004620311329504215,0.00475107023086796,0.00553375172131084,0.00013010395144370367,-0.0009134403918066251,306,279
2018-06-05,0.0004609311927391439,0.0001447997693252216,0.0007278952174316622,0.0020039357944594146,0.0003161314234139223,-0.001859136025134193,308,279
2018-06-06,0.007773371866438829,0.008205832657606053,0.008360605869822901,0.00825024993463627,-0.0004324607911672237,-4.441727703021793e-05,307,280
2018-06-07,0.0006123875776626718,0.0018923821752334818,-0.00010829408845658417,-0.000501592387524118,-0.0012799945975708101,0.0023939745627575997,308,281
2018-06-08,0.0033922072305481465,0.003564951529812117,0.002956229495959972,0.0032443331859407618,-0.00017274429926397066,0.0003206183438713554,328,281
2018-06-11,0.0033166586183149553,0.003058811329362838,0.001330337324262132,0.0036297652722903635,0.0002578472889521173,-0.0005709539429275255,328,281
2018-06-12,0.0011607920908770731,0.0008200807990496502,0.0012923106674225249,0.001876216513262304,0.00034071129182742296,-0.0010561357142126538,328,281
2018-06-13,-0.003624635533084726,-0.003529479649091553,-0.0031907989111636947,-0.003978908579426163,-9.515588399317291e-05,0.0004494289303346101,330,282
2018-06-14,0.0029505505557967547,0.0029264621278850306,0.002517765458187826,0.0030062688145641205,2.4088427911724084e-05,-7.980668667908987e-05,332,280
2018-06-15,-0.00026884046116662025,-0.0003804900182622224,-0.0012760188709330933,0.00019451685717380838,0.00011164955709560214,-0.0005750068754360308,334,278
2018-06-18,-0.0019434004744820258,-0.0022894857785684983,-0.002056869290703922,-0.002680951019634497,0.00034608530408647246,0.0003914652410659989,333,276
2018-06-19,-0.0036592077564231674,-0.003214272204283392,-0.0038322891082152033,-0.0033341717640703455,-0.00044493555213977534,0.00011989955978695347,331,281
2018-06-20,0.002679101057016821,0.0027104841144371134,0.0017058760412211882,0.0026186186109196105,-3.1383057420292324e-05,9.186550351750287e-05,330,282
2018-06-21,-0.006415006566815299,-0.006118270386041238,-0.006268976635390833,-0.00589540680170552,-0.00029673618077406035,-0.00022286358433571806,330,283
2018-06-22,0.004083085383419888,0.004655809449064657,0.0018230814663149353,0.0043645194902622066,-0.0005727240656447693,0.00029128995880245076,334,284
2018-06-25,-0.014353725602172499,-0.014193609557721441,-0.013612887837257337,-0.013505416179792786,-0.0001601160444510575,-0.0006881933779286555,331,284
2018-06-26,0.0024006769303633892,0.002171153314165049,0.002214134119277622,0.003101135384097873,0.00022952361619834032,-0.0009299820699328241,331,285
2018-06-27,-0.008968273059857519,-0.008748486942567846,-0.008284182510279736,-0.010157594130352747,-0.00021978611728967236,0.0014091071877849002,332,284
2018-06-28,0.0050963241016350564,0.00535327962985469,0.005717542361846517,0.005376122842202713,-0.0002569555282196335,-2.2843212348022668e-05,331,285
2018-06-29,0.00134893615354785,0.0013522189585924128,0.0014396117869841518,-0.0001224326771973024,-3.2828050445627647e-06,0.0014746516357897151,332,285
2018-07-02,-1.421184395676853e-05,-6.578156519815894e-05,0.0021379715789253684,0.000572051113786799,5.156972124139042e-05,-0.000637832678984958,332,285
2018-07-03,-0.0012782720979658798,-0.0012396259550013396,-0.0035313439424268234,-0.0002481167277540952,-3.86461429645402e-05,-0.0009915092272472443,331,285
2018-07-05,0.008913347978916212,0.009277731700728119,0.008158074955283201,0.008949051077439865,-0.0003643837218119065,0.00032868062328825394,331,285
2018-07-06,0.007936096032631502,0.00789117438894891,0.008458399342751388,0.008300052592829102,4.492164368259145e-05,-0.0004088782038801919,332,284
2018-07-09,0.008577927445878502,0.00831911574697114,0.00900389908632393,0.006828088352342054,0.00025881169890736196,0.0014910273946290853,331,283
2018-07-10,0.003451468022886384,0.003944209687813438,0.0035987029375637025,0.0027075289425660073,-0.0004927416649270541,0.0012366807452474306,331,279
2018-07-11,-0.008935204375568913,-0.009070649556604282,-0.007314323179795967,-0.007870502104187046,0.00013544518103536865,-0.001200147452417236,329,280
2018-07-12,0.007278740621122921,0.007221661053136076,0.009065651039175338,0.007291292485652596,5.707956798684487e-05,-6.963143251651968e-05,329,303
2018-07-13,0.0006267007827809891,0.00030657243102117103,0.0007875672354218377,0.0004959041264562704,0.0003201283517598181,-0.00018933169543509937,337,299
2018-07-16,-0.002488316164256191,-0.0024959381295787514,-0.0008942837582386343,-0.0013954726996317193,7.621965322560358e-06,-0.001100465429947032,336,299
2018-07-17,0.003080681102924918,0.002348532112121813,0.004045320503792915,0.0037688656714544837,0.0007321489908031051,-0.0014203335593326706,334,302
2018-07-18,0.0005190356067577142,0.0009537175456822356,0.0021037695803123313,0.002855136119403482,-0.0004346819389245214,-0.0019014185737212465,333,303
2018-07-19,-0.0010461380931328333,-0.0009040737589686737,-0.0037716064716282194,-0.001280052864853628,-0.00014206433416415957,0.00037597910588495426,332,303
2018-07-20,-0.002053259107277486,-0.0015243873694172397,-0.0011427504485388429,-0.001127987987025968,-0.0005288717378602462,-0.00039639938239127183,332,303
2018-07-23,0.0003475843254855724,0.0003275045247388966,0.0018595263785943228,0.0009756603413806051,2.007980074667583e-05,-0.0006481558166417086,325,303
2018-07-24,0.00029067365418370626,0.000368306765355691,0.005031787025541634,7.801292588398282e-05,-7.763311117198472e-05,0.00029029383947170814,324,303
2018-07-25,0.00786520919148251,0.008065090503164627,0.008522303568635925,0.00966490727468633,-0.0001998813116821166,-0.0015998167715217029,324,303
2018-07-26,0.0009247293860186777,0.002279472973099184,-0.0023587757895860983,-0.002235505924858405,-0.0013547435870805062,0.00451497889795759,324,302
2018-07-27,-0.0046067104921501635,-0.005264075389242071,-0.0067761649094438825,-0.009287709707035813,0.0006573648970919074,0.004023634317793743,325,302
2018-07-30,-0.00348301104667425,-0.00296104877258096,-0.005223863966137499,-0.003259423326990566,-0.0005219622740932897,0.000298374554409606,325,302
2018-07-31,0.006594358951055105,0.0061659431951712855,0.004929330910582452,0.005658579733165811,0.00042841575588381964,0.0005073634620054749,317,302
2018-08-01,-0.0033431761866479855,-0.004476572179567074,-0.0016704647872827216,-0.00435474454408968,0.0011333959929190882,-0.0001218276354773935,317,304
2018-08-02,0.0041388170947721445,0.004603600680230315,0.00544742955204236,0.0050956201032027314,-0.0004647835854581705,-0.0004920194229724164,317,304
2018-08-03,0.004613282869066204,0.0044439281764601084,0.0042852652144902414,0.004005230017092083,0.00016935469260609577,0.00043869815936802524,318,307
2018-08-06,0.0027372955255846048,0.0029722636105390093,0.0036669759793670487,0.0027919550475637273,-0.00023496808495440452,0.00018030856297528196,319,306
2018-08-07,0.0023510348803291196,0.0017825718068383556,0.003302381335788196,0.003264975620013085,0.000568463073490764,-0.0014824038131747294,323,306
2018-08-08,-0.00033812065779342164,-0.000756813623826027,-0.000420097706595679,-0.0017786891718843054,0.0004186929660326054,0.0010218755480582782,317,307
2018-08-09,9.107810984844315e-05,0.00018322621832677093,-0.0013660124009958752,-6.659974711302828e-05,-9.214810847832777e-05,0.0002498259654397992,319,307
2018-08-10,-0.0056862248799635865,-0.005241179897157745,-0.006700434800685162,-0.007219918094011835,-0.0004450449828058414,0.00197873819685409,319,308
2018-08-13,-0.004667002017958111,-0.005087287194038346,-0.0037436352983147847,-0.005724223476928557,0.00042028517608023574,0.0006369362828902107,318,299
2018-08-14,0.005573085050090916,0.005208773488034174,0.006380671899743673,0.006718658110667635,0.00036431156205674227,-0.0015098846226334617,318,298
2018-08-15,-0.00803394106259082,-0.007846881705060198,-0.007467025960238516,-0.009065115422267359,-0.000187059357530623,0.0012182337172071608,315,315
2018-08-16,0.00924224678709277,0.009335504923183899,0.008091335472571348,0.0077540460024447325,-9.325813609112853e-05,0.0015814589207391663,316,315
2018-08-17,0.004296026751044893,0.0034908420849393304,0.003520114422573384,0.006408038174207342,0.0008051846661055622,-0.0029171960892680113,317,313
2018-08-20,0.00438540472330044,0.004441733352587522,0.0021402007238209286,0.003988553705507869,-5.63286292870821e-05,0.0004531796470796535,318,306
2018-08-21,0.003882150149242131,0.004021034242571705,0.002345491744361272,0.005461525949415715,-0.0001388840933295738,-0.0014404917068440107,318,306
2018-08-22,0.00019227717319196107,5.161692656250805e-05,-0.000593719569232265,0.000265119357240878,0.00014066024662945302,-0.00021350243067836996,317,347
2018-08-23,-0.0034547930316996974,-0.0036216189544552675,-0.001327908519630383,-0.0020055782997215298,0.0001668259227555701,-0.0016160406547337377,315,347
2018-08-24,0.005772637473742107,0.005021929640740137,0.00601826444599296,0.0055185390302288926,0.0007507078330019701,-0.0004966093894887558,316,345
2018-08-27,0.008381590804589577,0.007724709047685649,0.007895645493791958,0.007703990868179965,0.0006568817569039282,2.0718179505683186e-05,315,345
2018-08-28,-0.000967334112185108,-0.0007272633623476251,0.0004829903739975716,0.0002702152304876495,-0.0002400707498374829,-0.0009974785928352746,315,343
2018-08-29,0.0030919098666999222,0.0027703830403567626,0.005380826964704433,0.0037791006887254253,0.00032152682634315963,-0.0010087176483686627,338,344
2018-08-30,-0.005663598117479985,-0.005623062144921782,-0.004048726019925564,-0.00475244780100048,-4.053597255820277e-05,-0.0008706143439213016,337,343
2018-08-31,0.00034205382345231847,-0.00033480766518446573,3.4637331663756044e-05,0.002356754352752498,0.0006768614886367842,-0.0026915620179369638,335,343
2018-09-04,-0.003221594261347616,-0.003190873191155201,-0.0017222251250977871,-0.002730075789398719,-3.072107019241486e-05,-0.000460797401756482,335,342
2018-09-05,-0.002531900742203904,-0.0014002234421497456,-0.0026916138433723535,-0.0037632758848986122,-0.0011316773000541584,0.0023630524427488667,334,341
2018-09-06,-0.0037174521469613437,-0.0035990914562365798,-0.0030101906412229873,-0.003369277331284568,-0.00011836069072476392,-0.0002298141249520119,331,339
2018-09-07,-0.0021821671222737506,-0.0023999945906704925,-0.001943063700868386,-0.002782194134180042,0.00021782746839674183,0.0003821995435095496,330,335
2018-09-10,0.0023232870177081915,0.0027596149994696686,0.0017387535940938115,0.004121690563803556,-0.00043632798176147704,-0.0013620755643338873,329,334
2018-09-11,0.0022321821815207126,0.0012109924431474373,0.003297141991194019,0.002459041012384802,0.0010211897383732753,-0.0012480485692373646,329,339
2018-09-12,0.0033165780031427674,0.002832996154013078,0.0002422546067823994,0.0029821183898568115,0.0004835818491296896,-0.00014912223584373366,329,339
2018-09-13,0.005337521288644918,0.005430944659617373,0.005914349406924702,0.004060579208605951,-9.342337097245461e-05,0.001370365451011422,328,338
2018-09-14,0.0009007248229402807,0.0008136639586779862,0.0001719205401560231,0.0008881816372519306,8.706086426229446e-05,-7.45176785739444e-05,329,338
2018-09-17,-0.004288680439675565,-0.002809841555369928,-0.0052942305686563,-0.004299363875860916,-0.0014788388843056366,0.0014895223204909884,333,338
2018-09-18,0.005417364413723264,0.004989039890507175,0.005426307107068151,0.005048106422449742,0.00042832452321608927,-5.906653194256723e-05,334,339
2018-09-19,-5.697453338498681e-05,0.000173625119077118,0.0010654477089666603,0.0004877733162504714,-0.0002305996524621048,-0.00031414819717335337,336,338
2018-09-20,0.0070820496343502555,0.007490624267635005,0.008103853290343022,0.007953407451705625,-0.0004085746332847494,-0.0004627831840706203,335,338
2018-09-21,-0.0008269208424088957,-0.000936190165712789,-0.000913695606245768,-0.0017737138963320996,0.00010926932330389337,0.0008375237306193106,336,338
2018-09-24,-0.006071837408313666,-0.005763404959240845,-0.003321787519164121,-0.006156185239099823,-0.0003084324490728206,0.0003927802798589777,338,339
2018-09-25,-0.0015569793314304968,-0.0019919327777048338,-0.0009279807288271602,-0.0012909933055403567,0.000434953446274337,-0.000700939472164477,325,339
2018-09-26,-0.003354003891296117,-0.003425299389810169,-0.0029920304801421826,-0.002266615983303872,7.129549851405195e-05,-0.0011586834065062971,325,341
2018-09-27,0.0010498550822222977,0.0013777595891760206,0.0027941784448481943,0.00029648238025376146,-0.0003279045069537229,0.0010812772089222591,325,362
2018-09-28,-0.00015243466095529103,-0.001027615927667751,0.0001029499174685089,-0.0020036329157567165,0.0008751812667124599,0.0009760169880889656,328,362
2018-10-01,0.0025619178565320687,0.002390978992764279,0.0034743795273333156,0.004786833457241672,0.00017093886376778975,-0.0023958544644773934,328,362
2018-10-02,-0.0015582477843493763,-0.0014390511533377251,-0.000582718081534539,-0.003663069660193997,-0.00011919663101165115,0.0022240185068562717,330,361
2018-10-03,0.0019655430221574136,0.001824494151545942,0.0005487256198470902,0.0017230776228113617,0.00014104887061147154,0.00010141652873458043,331,396
2018-10-04,-0.010270434122937456,-0.009112936315707244,-0.0078157887351612,-0.01032445224591181,-0.0011574978072302119,0.001211515930204566,334,413
2018-10-05,-0.006726714779701712,-0.006358554381452318,-0.005596912710409407,-0.007092521174644517,-0.0003681603982493937,0.0007339667931921985,333,414
2018-10-08,-0.001286360232086222,-0.0008418348779481042,0.0,-0.0007928866254453727,-0.0004445253541381179,-4.8948252502731444e-05,334,414
2018-10-09,-0.0039528332623737835,-0.004278635784517422,-0.0014591964302841376,-0.003776746642384489,0.00032580252214363826,-0.0005018891421329327,336,415
2018-10-10,-0.028500948139684613,-0.02812938158885481,-0.03166342053271387,-0.029725265369028343,-0.00037156655082980217,0.0015958837801735327,335,422
2018-10-11,-0.018638129440225183,-0.018423559506571662,-0.022026095489324105,-0.01599789225700823,-0.00021456993365352034,-0.002425667249563432,338,426
2018-10-12,0.01192996005449359,0.010748744988324243,0.013887845332740456,0.010916428630291256,0.0011812150661693471,-0.0001676836419670126,341,427
2018-10-15,-0.0011831165193895072,-0.0016293365501362453,-0.005616975743373165,-0.003186827173347539,0.00044622003074673805,0.001557490623211294,341,416
2018-10-16,0.022268744503417384,0.021254004108984273,0.02186611014299733,0.02248817360727983,0.0010147403944331113,-0.0012341694982955578,342,415
2018-10-17,-0.0029482235364115946,-0.002654783308875656,0.00017830925289463728,-0.0024790594584713334,-0.0002934402275359387,-0.0001757238504043225,341,416
2018-10-18,-0.014855197968585098,-0.014655467191012494,-0.014441087883798609,-0.014797512884491803,-0.00019973077757260392,0.00014204569347930907,348,416
2018-10-19,-0.0028980145173030537,-0.0022704816143258363,-0.0005426069000930012,-0.0016269730582649663,-0.0006275329029772174,-0.00064350855606087,346,415
2018-10-22,-0.004158117966107917,-0.004635541357567427,-0.004488525167032464,-0.003543618836500512,0.00047742339145951003,-0.0010919225210669148,345,416
2018-10-23,-0.0074199418094254045,-0.007237613272097299,-0.005090948252355676,-0.0056130072180905445,-0.00018232853732810545,-0.0016246060540067546,326,416
2018-10-24,-0.034290261353028616,-0.03219805027709647,-0.03029836722842827,-0.03309498090292649,-0.002092211075932146,0.0008969306258300169,327,416
2018-10-25,0.016852043759028677,0.015763233334157134,0.017940534482812298,0.014639423103520456,0.0010888104248715433,0.0011238102306366776,328,416
2018-10-26,-0.016120354542434538,-0.015436391889681217,-0.01758766369131104,-0.013962500205665845,-0.0006839626527533216,-0.0014738916840153719,329,416
2018-10-29,-0.008076412737763123,-0.0055056130802207505,-0.005540053081209639,-0.007101479746442172,-0.0025707996575423725,0.0015958666662214214,331,416
2018-10-30,0.018340669466653636,0.017533476816931397,0.014818470364819314,0.01719877159086913,0.0008071926497222395,0.00033470522606226724,331,416
2018-10-31,0.014455028799283128,0.011385880926376334,0.010680656870192706,0.01149388473126602,0.0030691478729067932,-0.00010800380488968503,331,417
2018-11-01,0.01874222708825379,0.016782072391514333,0.01064188789840581,0.015693506138039673,0.0019601546967394565,0.0010885662534746605,332,417
2018-11-02,-0.004212142997134583,-0.004814217188273953,-0.005922955050877143,-0.004323138711758615,0.0006020741911393701,-0.0004910784765153374,333,417
2018-11-05,0.004028733582627231,0.004460593525314446,0.005516959555222245,0.0019009312404309996,-0.00043185994268721533,0.0025596622848834466,333,417
2018-11-06,0.0056396158145137765,0.005497565047994307,0.006327805143562459,0.00756039686460896,0.00014205076651946976,-0.0020628318166146537,337,418
2018-11-07,0.017069012358089282,0.01632672220305913,0.02140922346093066,0.01927804415376951,0.0007422901550301515,-0.0029513219507103783,337,417
2018-11-08,-0.0038118642521543576,-0.004271135849858241,-0.0018152097167640768,-0.004486542378210343,0.00045927159770388316,0.0002154065283521021,337,419
2018-11-09,-0.011146508350918636,-0.009693944946964333,-0.009768133448198713,-0.01080605227708579,-0.0014525634039543028,0.0011121073301214573,339,417
2018-11-12,-0.019407750805012173,-0.018499171308565814,-0.018685243920577355,-0.019452363279539198,-0.0009085794964463594,0.0009531919709733841,339,422
2018-11-13,-0.00039512548003207265,0.00038400007399462456,-0.0018712910658976734,-0.0008200308950598168,-0.0007791255540266972,0.0012040309690544413,338,410
2018-11-14,-0.005378857276271106,-0.0059848732099032475,-0.006836607341430101,-0.006358102664921911,0.0006060159336321418,0.00037322945501866347,337,409
2018-11-15,0.010596282365548583,0.009588050082371584,0.010436736712339467,0.01047855400325596,0.0010082322831769987,-0.0008905039208843765,337,410
2018-11-16,4.899533031634948e-05,-0.0009003636665464172,0.0026003454066054754,0.0018794087852643953,0.0009493589968627667,-0.0027797724518108125,336,410
2018-11-19,-0.01734110319809661,-0.016965132354591888,-0.016914202746623475,-0.019481544884286998,-0.0003759708435047207,0.00251641252969511,336,413
2018-11-20,-0.018761339527862204,-0.018866264107338517,-0.018506431751037722,-0.018424323324943297,0.00010492457947631345,-0.00044194078239521983,337,415
2018-11-21,0.009013250759476968,0.008328197372796843,0.003407856465901915,0.008021172785737125,0.0006850533866801251,0.00030702458705971804,339,417
2018-11-23,-0.005414524851601447,-0.0049573300160525085,-0.006679188861351437,-0.006483107791702138,-0.0004571948355489384,0.0015257777756496295,339,417
2018-11-26,0.017342420628250567,0.016482138008268893,0.016144661814709416,0.013935340611296282,0.000860282619981674,0.002546797396972611,339,417
2018-11-27,-0.0007279409934158268,-0.00017050263726704106,0.00336447439603349,-0.002016406551748048,-0.0005574383561487858,0.0018459039144810068,337,417
2018-11-28,0.022949046959840354,0.022258818855252004,0.023025004251726378,0.022211904517605557,0.0006902281045883495,4.691433764644759e-05,339,416
2018-11-29,-0.0021308652912451135,-0.001911365860957239,-0.0021847520106965668,0.0002690925239539108,-0.0002194994302878745,-0.00218045838491115,340,418
2018-11-30,0.006785785159138601,0.006475659573931623,0.006095219155068721,0.003639520419490145,0.000310125585206978,0.0028361391544414775,341,421
2018-12-03,0.012383092317639226,0.01167095019652785,0.013241502223940493,0.01165416274928381,0.0007121421211113751,1.678744724404116e-05,338,421
2018-12-04,-0.03554108363457477,-0.035282206774707045,-0.032402561730491386,-0.03329714305114035,-0.0002588768598677238,-0.001985063723566695,338,420
2018-12-06,-0.004330584332370041,-0.004873511233027545,-0.0015167070706093577,-0.0027047651235715536,0.0005429269006575034,-0.002168746109455991,334,420
2018-12-07,-0.021169988742409513,-0.022406298678208897,-0.02323604915395061,-0.024626402763488427,0.0012363099357993838,0.0022201040852795305,319,420
2018-12-10,-0.0031462167396464416,-0.0035247890029360238,0.0018965582270913384,-0.0019627909210183534,0.0003785722632895822,-0.0015619980819176703,319,428
2018-12-11,-0.002179978595220288,-0.001901327226675902,0.00022763293144456576,-0.0029886494773030963,-0.00027865136854438597,0.0010873222506271943,320,428
2018-12-12,0.008683033892825952,0.009219461999565045,0.005034914982007477,0.007048675303521968,-0.0005364281067390935,0.0021707866960430774,319,424
2018-12-13,-0.0036774870047489765,-0.003831215693860037,-0.0003387868579725062,-0.0024532376190209296,0.00015372868911106043,-0.0013779780748391073,317,424
2018-12-14,-0.01616995374293285,-0.01596245864867881,-0.018464794214937408,-0.015442083196563884,-0.00020749509425404059,-0.0005203754521149271,318,425
2018-12-17,-0.020190594693383593,-0.020346110655235717,-0.019618397771420604,-0.018646578836912942,0.00015551596185212416,-0.0016995318183227748,317,430
2018-12-18,-0.00203316073545608,-0.0018982232648767205,-0.0010964321468867055,-0.0014455288931661358,-0.00013493747057935967,-0.00045269437171058463,319,428
2018-12-19,-0.014168286803957859,-0.013479787203374128,-0.014975555541920427,-0.013111385256181692,-0.0006884996005837307,-0.00036840194719243644,321,428
2018-12-20,-0.014893115590212414,-0.014423707763885425,-0.01627812752351021,-0.01635830837109108,-0.0004694078263269893,0.0019346006072056554,324,428
2018-12-21,-0.02163867529702247,-0.020951182450885477,-0.020489578292822053,-0.01975596831757275,-0.0006874928461369917,-0.0011952141333127254,332,428
2018-12-24,-0.02384523386660446,-0.023953238649479205,-0.026422919446841053,-0.023755471247546116,0.00010800478287474602,-0.00019776740193308898,380,428
2018-12-26,0.04647229536296954,0.046885962178034785,0.05052507687166252,0.04503751356368731,-0.0004136668150652445,0.0018484486143474713,385,427
2018-12-27,0.00363441506541524,0.003946837892814477,0.007677176962648469,0.003338502046153474,-0.00031242282739923693,0.0006083358466610028,386,427
2018-12-28,0.0008324156291317291,0.00162614060594081,-0.0012900119096049822,0.0020552417941226103,-0.0007937249768090809,-0.0004291011881818003,387,427
2018-12-31,0.008835373960335461,0.008183489395954608,0.008758979199460448,0.008124931567130683,0.000651884564380853,5.855782882392517e-05,390,427
2019-01-02,0.0038918572756090567,0.005398472119391479,0.0010401064983667219,0.003791149880163211,-0.0015066148437824223,0.0016073222392282678,390,427
2019-01-03,-0.02102429912339878,-0.0204945116117361,-0.02386259926089873,-0.020079671670864725,-0.0005297875116626813,-0.00041483994087137405,390,430
2019-01-04,0.03738879065306977,0.036381909054661585,0.03349587263692677,0.03580520423780267,0.0010068815984081853,0.0005767048168589181,391,430
2019-01-07,0.012614979951643084,0.013461466216836136,0.007884412357693105,0.01422541692102966,-0.000846486265193052,-0.000763950704193524,404,431
2019-01-08,0.011369544305466706,0.011469446016468602,0.00939540174363307,0.011299002348437549,-9.990171100189571e-05,0.00017044366803105337,404,433
2019-01-09,0.008443086759271738,0.008653296463523643,0.004673620081389718,0.008914907368374877,-0.00021020970425190445,-0.00026161090485123453,405,432
2019-01-10,0.004187525478127244,0.004469534101441766,0.0035274368127673483,0.004301109479482395,-0.00028200862331452265,0.0001684246219593715,410,433
2019-01-11,0.0004601733422561053,0.0010550496965696385,0.0003863985338257159,0.0018893136288896976,-0.0005948763543135332,-0.0008342639323200591,410,422
2019-01-14,-0.005260080437245646,-0.00474824645167512,-0.00610102208164065,-0.004987407892619181,-0.000511833985570526,0.00023916144094406067,410,424
2019-01-15,0.007855052699373023,0.008211746267562667,0.011460909949376319,0.007015867307826289,-0.0003566935681896446,0.001195878959736378,412,427
2019-01-16,0.003540907901350347,0.0027167624761012216,0.0024199090240308863,0.0025361634126758654,0.0008241454252491255,0.00018059906342535615,414,425
2019-01-17,0.00863046527344336,0.00888401609571982,0.007586637789150696,0.00813327468385152,-0.0002535508222764604,0.0007507414118683008,411,424
2019-01-18,0.013954775120495358,0.013758534651155205,0.013310018405016555,0.014525130222378314,0.00019624046934015212,-0.0007665955712231089,411,425
2019-01-22,-0.01584016334327465,-0.015319925051666822,-0.013510659590711849,-0.0166559102142562,-0.0005202382916078274,0.0013359851625893773,417,425
2019-01-23,0.0003331667456352781,-2.0167553414471427e-05,0.002092493998236522,0.00025415979717710477,0.00035333429904974955,-0.0002743273505915762,417,425
2019-01-24,0.005644349432998636,0.0052891083739807524,0.0005313951583187926,0.003653657252688802,0.0003552410590178835,0.0016354511212919504,429,425
2019-01-25,0.011406068347007503,0.010980384245049457,0.008461473680713816,0.014293240219170425,0.00042568410195804526,-0.003312855974120968,432,462
2019-01-28,-0.005060781179141759,-0.0055985115597586566,-0.007600299909916397,-0.005441779353109654,0.0005377303806168975,-0.0001567322066490023,432,462
2019-01-29,-0.00050814804414927,-0.0006465904428940893,-0.0013269195861317362,-7.585787432806004e-05,0.0001384423987448193,-0.0005707325685660292,436,462
2019-01-30,0.014042161627458392,0.013291731793512134,0.01583065515193649,0.01223919552860243,0.0007504298339462579,0.0010525362649097033,436,463
2019-01-31,0.008364600880052624,0.007807938751250686,0.008782575360260614,0.010492199582262562,0.0005566621288019382,-0.0026842608310118756,434,464
2019-02-01,0.0009089017028299403,0.0007486711066387058,0.00048156490730977275,0.0023981176489095155,0.00016023059619123454,-0.0016494465422708096,433,464
2019-02-04,0.007575698482791624,0.007598432707007334,0.007035428700522095,0.005192520198385749,-2.2734224215710183e-05,0.0024059125086215855,433,467
2019-02-05,0.005691524668737937,0.006048849611783669,0.004191954969933187,0.006141099983388636,-0.0003573249430457318,-9.225037160496673e-05,435,464
2019-02-06,-0.0019957921795388986,-0.0008200530787273627,-0.0013182920519980712,-0.0012583582480494584,-0.001175739100811536,0.0004383051693220957,439,469
2019-02-07,-0.010983398833517038,-0.011421898678157481,-0.009532883504631329,-0.012035190841412744,0.00043849984464044284,0.0006132921632552631,425,471
2019-02-08,-6.308130615069961e-07,-0.0003146447617434525,0.0012215859729345357,0.0010376111050162745,0.0003140139486819455,-0.001352255866759727,427,463
2019-02-11,0.0022318812252254613,0.002187530262333583,0.0005543187487062617,0.0013756147712780872,4.43509628918785e-05,0.0008119154910554956,424,463
2019-02-12,0.01348668376277422,0.01315470592208776,0.012859603666839359,0.012847606626449935,0.00033197784068646034,0.0003070992956378249,425,464
2019-02-13,0.0035532344463589105,0.0033162857838390327,0.003247056454427799,0.0035748850639832357,0.00023694866251987778,-0.00025859928014420296,426,464
2019-02-14,-0.001221368757615243,-0.0009624671574215938,-0.002218325100191487,-0.001142012380692408,-0.0002589016001936491,0.00017954522327081409,427,464
2019-02-15,0.011300055837775172,0.011191438434770362,0.010897231121135942,0.011758235715209097,0.00010861740300481017,-0.0005667972804387356,428,453
2019-02-19,0.004728097537826797,0.004266335464233916,0.001730828009724128,0.0029013433139947814,0.00046176207359288103,0.0013649921502391343,438,453
2019-02-20,0.0022445780037824528,0.0027108748882340387,0.002015112854073964,0.004243561910262228,-0.0004662968844515859,-0.0015326870220281896,442,453
2019-02-21,-0.003457109205639251,-0.0043182893971471055,-0.003555469188656568,-0.00447273401175371,0.0008611801915078543,0.00015444461460660443,444,468
2019-02-22,0.007380198452756817,0.007958302430659035,0.006199616520345064,0.006051532709815267,-0.0005781039779022175,0.0019067697208437675,444,468
2019-02-25,0.002515420548912258,0.002341395244560798,0.0013613154731455523,0.0025003509627313163,0.00017402530435146023,-0.0001589557181705184,447,429
2019-02-26,-0.0025285176383600797,-0.0023559590184842123,-0.0007149990878989598,-0.0023876993752743785,-0.0001725586198758674,3.174035679016614e-05,447,429
2019-02-27,3.2721564708981136e-05,0.00043734022203525627,-0.0004298083903054861,0.0004992676267982707,-0.00040461865732627515,-6.192740476301442e-05,452,434
2019-02-28,-0.003718521605842961,-0.004211777581501302,-0.0018627322788568046,-0.0027379404485311245,0.0004932559756583407,-0.0014738371329701774,466,434
2019-03-01,0.0061610853346846075,0.00566686402548789,0.006243990734917437,0.005645132840586244,0.0004942213091967173,2.1731184901646605e-05,468,433
2019-03-04,-0.00427635843226084,-0.0035617761140463618,-0.003637425086952306,-0.004793108037323014,-0.0007145823182144783,0.0012313319232766526,442,434
2019-03-05,-0.0017771822395835986,-0.0021362259791806045,-0.001360354289427601,-0.0011081689842406025,0.0003590437395970059,-0.001028056994940002,441,434
2019-03-06,-0.00771022885583704,-0.00857134597087801,-0.006056822089331226,-0.008143091272532429,0.0008611171150409696,-0.00042825469834558046,441,438
2019-03-07,-0.008191629125153447,-0.008864459783888673,-0.008365292130120605,-0.010706462892500735,0.0006728306587352254,0.001842003108612062,447,438
2019-03-08,-0.0022164879259620996,-0.0031988983656428423,-0.0019997357478723776,-0.00235972955083779,0.0009824104396807427,-0.0008391688148050524,448,446
2019-03-11,0.014993074803285726,0.015573321141506677,0.014500812194258916,0.014225716680553127,-0.0005802463382209508,0.0013476044609535501,447,446
2019-03-12,0.0025640465339498496,0.002663193731972753,0.0037709453893046696,0.002519373465718608,-9.914719802290358e-05,0.00014382026625414527,449,453
2019-03-13,0.005450819398024931,0.005660866247360957,0.006619345712971292,0.005425117287236265,-0.00021004684933602618,0.0002357489601246916,451,453
2019-03-14,-0.0011747722670903313,-0.0007466087155492182,-0.0006401749823774505,-0.0014404477728882433,-0.0004281635515411131,0.000693839057339025,454,467
2019-03-15,0.0036078183181061036,0.004523635947567314,0.00494070923890555,0.005239082745060229,-0.0009158176294612108,-0.0007154467974929144,463,466
2019-03-18,0.005671427200171784,0.005621254280587319,0.003625994158806378,0.005490677127848536,5.0172919584465236e-05,0.0001305771527387832,465,470
2019-03-19,-0.00033453268970121044,-0.0003605979165892943,0.00024807138667193307,-0.00024426309985490504,2.606522688808387e-05,-0.00011633481673438927,466,470
2019-03-20,-0.0036665601354242527,-0.003775729430259915,-0.003009937876965685,-0.004897678667886692,0.0001091692948356625,0.0011219492376267769,466,471
2019-03-21,0.010190122064939727,0.009618126430437222,0.01129493489617106,0.010284565515393085,0.0005719956345025048,-0.0006664390849558631,469,471
2019-03-22,-0.021755234643453834,-0.022488951819742746,-0.019246611552893755,-0.02073027619352417,0.0007337171762889123,-0.0017586756262185747,471,471
2019-03-25,-0.0013701879078878189,-0.0012638097024009352,-0.0007518737403234832,4.666861124376669e-05,-0.00010637820548688366,-0.001310478313644702,475,474
2019-03-26,0.006839896861790869,0.007091675497931983,0.007454110983877715,0.00829927975904347,-0.000251778636141114,-0.0012076042611114867,493,473
2019-03-27,-0.00406201309745924,-0.003989679976554344,-0.0052293772158859,-0.00442717217762874,-7.233312090489628e-05,0.0004374922010743961,491,476
2019-03-28,0.004468575039360836,0.004493520593474836,0.0037902749049660844,0.003776390511270546,-2.494555411400052e-05,0.0007171300822042901,490,476
2019-03-29,0.00650160869905633,0.006524791737697929,0.006305926686847707,0.006721208845714242,-2.3183038641599006e-05,-0.00019641710801631285,490,476
2019-04-01,0.012648851288830256,0.013121402893406952,0.011859094371994061,0.013285595209945761,-0.00047255160457669587,-0.00016419231653880956,486,458
2019-04-02,-0.0008288263179595844,-0.0002415567823721115,0.0004894718290437972,-0.00068139011788987,-0.0005872695355874729,0.0004398333355177585,487,457
2019-04-03,0.004745654053684661,0.0043177986342315886,0.0015740208923293864,0.004053700028695556,0.0004278554194530725,0.0002640986055360327,489,461
2019-04-04,0.0025056480987924942,0.002568556863490431,0.002653561088014733,0.002871933048217242,-6.290876469793689e-05,-0.00030337618472681084,492,463
2019-04-05,0.0062202020953255836,0.006150324971231771,0.00484040740708247,0.006441980658740106,6.987712409381279e-05,-0.000291655687508335,491,427
2019-04-08,0.0007729209537882373,0.0010653980860416145,0.0007621023121469062,0.0005247742607676118,-0.0002924771322533773,0.0005406238252740027,493,432
2019-04-09,-0.0078042440466580855,-0.0078507921657189,-0.0051245628971271495,-0.0065742927617413556,4.6548119060813714e-05,-0.0012764994039775436,492,431
2019-04-10,0.005238868844411727,0.004992465506773864,0.0034105477520534055,0.005620991937269117,0.00024640333763786305,-0.0006285264304952531,492,444
2019-04-11,0.0005135333454471043,0.001015412511342308,-0.0002776658072923821,-0.0009972852717121186,-0.0005018791658952036,0.0020126977830544268,494,450
2019-04-12,0.007026688281863442,0.006958084976862313,0.006765893310329396,0.005329930233569903,6.860330500112893e-05,0.00162815474329241,494,442
2019-04-15,-0.0009375753139144751,-0.0011494212793653512,-0.0006546636778298476,-0.00024021441529904934,0.00021184596545087615,-0.0009092068640663019,493,438
2019-04-16,0.000584858384751472,0.00023547495779738196,0.0006550925431234589,0.0028222682394560984,0.00034938342695409,-0.0025867932816587163,498,437
2019-04-17,-0.003030516605241865,-0.0025085743346749964,-0.00244686270122052,-0.002183813048759254,-0.0005219422705668685,-0.00032476128591574227,505,440
2019-04-18,0.0013590900412325765,0.0012123422992743895,0.0019692789658163345,0.0007557866341328022,0.00014674774195818697,0.0004565556651415873,508,448
2019-04-22,-0.001055028424057974,-0.0007388845225864279,0.000862074835562332,-0.0011206591032384954,-0.00031614390147154613,0.00038177458065206753,513,446
2019-04-23,0.008648010170614338,0.008396399621356977,0.008991849424615284,0.00806634638214364,0.00025161054925736115,0.00033005323921333693,505,446
2019-04-24,-0.0015202567243589038,-0.002315895966110944,-0.0022196460238307347,-0.002357731422981917,0.0007956392417520402,4.183545687097296e-05,506,447
2019-04-25,-0.00422221782547085,-0.004524006773032179,-0.0006161210496101743,-0.005086238158560581,0.00030178894756132876,0.0005622313855284024,508,448
2019-04-26,0.005720159110076468,0.005434096044767631,0.004657099943911058,0.006689846070487807,0.0002860630653088369,-0.001255750025720176,513,448
2019-04-29,0.0012498953646508497,0.0011206360197724312,0.0015676445771786174,0.00043445925347918404,0.00012925934487841842,0.0006861767662932472,510,450
2019-04-30,0.001434445982956248,0.001621960037346651,0.0005107233362562358,0.0024727916141254634,-0.00018751405439040294,-0.0008508315767788125,508,455
2019-05-01,-0.007533323337741613,-0.008421295012847382,-0.00751681701072715,-0.008235711659438816,0.0008879716751057686,-0.00018558335340856588,510,456
2019-05-02,-0.00098644995150997,-0.0012842483861815125,-0.0021590605986142597,-0.0009752200578597729,0.0002977984346715426,-0.0003090283283217396,512,456
2019-05-03,0.01160407394287007,0.012037743023431762,0.00978801177283617,0.010766530090633292,-0.0004336690805616921,0.0012712129327984694,511,457
2019-05-06,-0.004229785394717907,-0.004131187069660553,-0.004115176300512391,-0.004019274978807089,-9.859832505735352e-05,-0.00011191209085346411,511,457
2019-05-07,-0.016439827315697722,-0.01602568276344276,-0.016699769152746513,-0.01746785927919301,-0.0004141445522549622,0.0014421765157502514,513,457
2019-05-08,-0.0021820882780203775,-0.0023770315880449733,-0.0013897100907710458,-0.0011166117052876204,0.00019494331002459578,-0.001260419882757353,513,456
2019-05-09,-0.0036061188189293867,-0.003886623516310368,-0.003025333795635743,-0.0043621488641025375,0.0002805046973809811,0.0004755253477921697,512,457
2019-05-10,0.004530150778793409,0.0056021523344208755,0.005023434697605689,0.004735660499188839,-0.0010720015556274663,0.0008664918352320368,518,461
2019-05-13,-0.025853239703525925,-0.026048751014896846,-0.02513031776059682,-0.024467030541236424,0.000195511311370921,-0.0015817204736604216,516,465
2019-05-14,0.009849062338378132,0.010289734251056304,0.009043503265840913,0.00910191367614391,-0.00044067191267817274,0.0011878205749123946,521,462
2019-05-15,0.0043865322051961685,0.004932651592346638,0.005857527444488531,0.004706581544079754,-0.0005461193871504691,0.00022607004826688364,522,462
2019-05-16,0.006356513540309769,0.006698747440493806,0.00926154306655147,0.0059995374713473874,-0.00034223390018403663,0.0006992099691464186,525,461
2019-05-17,-0.00832246832119924,-0.007858655725612623,-0.006464973964713017,-0.00718310877440836,-0.00046381259558661743,-0.0006755469512042629,523,466
2019-05-20,-0.008275246227825233,-0.008042249626145392,-0.006612282296050598,-0.007987701320308401,-0.00023299660167984057,-5.45483058369909e-05,523,468
2019-05-21,0.010837277071126509,0.010659396485231521,0.009015296211779322,0.009229576661139707,0.0001778805858949871,0.0014298198240918145,527,468
2019-05-22,-0.006619989306549292,-0.006040005493402311,-0.0030711613869580656,-0.005452522125399268,-0.0005799838131469804,-0.0005874833680030436,528,473
2019-05-23,-0.013760527392462273,-0.013763905421659487,-0.012218721692467294,-0.012481407005509749,3.3780291972141524e-06,-0.001282498416149738,528,474
2019-05-24,0.004247414599867431,0.003938113380933794,0.0022683587992957666,0.0021975108990567494,0.0003093012189336365,0.0017406024818770447,529,472
2019-05-28,-0.008379026851683524,-0.008370061197025559,-0.009300516400359116,-0.009872914329613378,-8.965654657964658e-06,0.0015028531325878194,528,469
2019-05-29,-0.00805224551250346,-0.0077870693543992155,-0.006710548440335917,-0.005999033831048721,-0.0002651761581042439,-0.0017880355233504943,528,469
2019-05-30,-3.246648942970155e-05,-0.00017053433142361874,0.002731156764984588,0.0016705705810640856,0.00013806784199391718,-0.0018411049124877044,529,470
2019-05-31,-0.012632167267033761,-0.012974576190410658,-0.013475271073746575,-0.011163810512264755,0.0003424089233768964,-0.001810765678145903,533,470
2019-06-03,0.002641683828757886,0.002311073076073466,-0.002542791755899887,0.0030958106972890746,0.00033061075268441984,-0.0007847376212156087,532,470
2019-06-04,0.0230740106641303,0.023527289037086497,0.02170643437012898,0.021242958234451055,-0.0004532783729561986,0.002284330802635442,532,468
2019-06-05,0.002606647848187211,0.0028990195796020773,0.008662351269449475,0.0035000632824225184,-0.0002923717314148662,-0.0006010437028204411,538,468
2019-06-06,0.004521352366208979,0.004876952297863651,0.006502939513968631,0.0046650735356590775,-0.00035559993165467166,0.0002118787622045733,537,476
2019-06-07,0.008732242394516022,0.008844047977875615,0.010006796568599707,0.010058548935733514,-0.00011180558335959281,-0.0012145009578578992,537,476
2019-06-10,0.006073730072789055,0.005866755164846509,0.004589015646733419,0.0055558780724690405,0.00020697490794254533,0.0003108770923774687,537,476
2019-06-11,0.001326228522478379,0.0011092286135483298,-0.00024237108438729393,0.0012669536400430792,0.00021699990893004912,-0.00015772502649474937,536,476
2019-06-12,-0.002881567640657692,-0.002812970073108264,-0.0017653653908005218,-0.0028659431042702965,-6.859756754942813e-05,5.2973031162032586e-05,536,461
2019-06-13,0.007827457793093478,0.007813541313881523,0.004126234511419691,0.0049125403313476515,1.3916479211954075e-05,0.002901000982533872,536,462
2019-06-14,-0.005243058579355099,-0.00521917807872537,-0.0011046574450795932,-0.005057569783427868,-2.3880500629729073e-05,-0.00016160829529750145,536,461
2019-06-17,0.0005350146089065879,-0.0001923136426159094,0.0003802011040192621,0.0005474384393566159,0.0007273282515224973,-0.0007397520819725253,537,464
2019-06-18,0.011833432208149733,0.012151881627290539,0.010470735994325686,0.010804714606278309,-0.00031844941914080556,0.00134716702101223,538,464
2019-06-19,0.004132005534658473,0.003958280216261943,0.0022574088914382173,0.0031875810981981997,0.00017372531839653007,0.0007706991180637434,538,459
2019-06-20,0.008018122635002218,0.008536136003155817,0.009554196368861678,0.00925096462651173,-0.0005180133681535991,-0.0007148286233559127,539,465
2019-06-21,-0.003028960874365953,-0.002424050057512116,-0.00145350476480266,-0.002905905940520223,-0.0006049108168538373,0.0004818558830081074,540,465
2019-06-24,-0.005379235445827821,-0.004909365831559615,-0.0012245421998563488,-0.004611035068306535,-0.0004698696142682061,-0.00029833076325307996,537,465
2019-06-25,-0.007704211896275839,-0.007884634850272337,-0.00980788676596489,-0.007677419743105308,0.00018042295399649765,-0.0002072151071670289,530,465
2019-06-26,-0.000436676385324529,0.00047494735257559066,-0.0009974256187237351,-0.000633623763068769,-0.0009116237379001197,0.0011085711156443596,486,466
2019-06-27,0.008680630970958125,0.007914911090110166,0.0035457435446144547,0.008270551741089264,0.0007657198808479586,-0.00035564065097909783,483,463
2019-06-28,0.009322931803549319,0.00874562426953715,0.005145806172038192,0.007615225168892333,0.0005773075340121687,0.001130399100644817,484,463
2019-07-01,0.006182232318481128,0.00602190863002484,0.009078433161636035,0.006317749678152798,0.00016032368845628805,-0.00029584104812795803,483,463
2019-07-02,0.0007777248856306738,0.00044179785072360795,0.002604260976196704,0.0026445405866572743,0.0003359270349070658,-0.002202742735933666,483,463
2019-07-03,0.008248150241600336,0.008077828915801466,0.007995382939830042,0.008593537989312004,0.00017032132579886984,-0.0005157090735105375,483,464
2019-07-05,-0.0012283619431409825,-0.0008859065266191927,-0.0011377384780023592,-0.0015090681495082065,-0.0003424554165217898,0.0006231616228890138,484,462
2019-07-08,-0.006750832699509963,-0.007137915799007603,-0.005494907211780475,-0.006506777843327712,0.00038708309949764003,-0.0006311379556798906,484,464
2019-07-09,0.00026198813152056587,-0.0005762235001545452,0.0012460135272662765,0.0005459454741954378,0.000838211631675111,-0.001122168974349983,469,462
2019-07-10,0.0028762137161410235,0.0029400050938860555,0.00477866916463765,0.001972100645134938,-6.379137774503198e-05,0.0009679044487511173,470,462
2019-07-11,0.0023018436551998697,0.0026525335294641577,0.0023442131952911005,0.0020067890817037958,-0.0003506898742642881,0.000645744447760362,468,461
2019-07-12,0.006818985813037191,0.006922007844781307,0.004476633296443211,0.005776151915537268,-0.00010302203174411637,0.0011458559292440397,462,460
2019-07-15,-0.0002789938509027469,-0.00010718152680759293,0.0003323577860305793,-0.000299592873630235,-0.000171812324095154,0.00019241134682264208,464,452
2019-07-16,-0.002351842217583531,-0.002190331401905661,-0.0032249062265904405,-0.002803830265067289,-0.00016151081567787,0.0006134988631616282,459,451
2019-07-17,-0.006624434842373105,-0.007199882751014456,-0.006805132372127876,-0.005768644796313322,0.0005754479086413512,-0.0014312379547011334,456,446
2019-07-18,0.002394869701745742,0.0026795937359609077,0.0036612820222767795,0.003206887105775482,-0.00028472403421516594,-0.0005272933698145742,455,445
2019-07-19,-0.004586513914262582,-0.004117441156512507,-0.005555002472997117,-0.0050405980716314875,-0.00046907275775007456,0.0009231569151189802,457,445
2019-07-22,-0.00031398812989135946,3.619051934751778e-05,0.002456253612347359,0.0013394679464172874,-0.0003501786492388772,-0.0013032774270697696,457,450
2019-07-23,0.009594622101730814,0.009509507256704935,0.0071501780805292015,0.007104185762099579,8.511484502587811e-05,0.002405321494605357,454,451
2019-07-24,0.008279936471865985,0.007689532234387476,0.0046996658938920355,0.006687004381417033,0.0005904042374785092,0.001002527852970443,455,451
2019-07-25,-0.006384829715078247,-0.00652470680107219,-0.004777049658700294,-0.006891699250877963,0.00013987708599394293,0.0003669924498057725,441,450
2019-07-26,0.00652332301149132,0.006177722814173639,0.006699957125695821,0.008607543963237554,0.000345600197317681,-0.0024298211490639153,438,407
2019-07-29,-0.002876623550359468,-0.002961262911638965,-0.0018212502305593459,-0.002801376508213253,8.463936127949684e-05,-0.00015988640342571182,439,406
2019-07-30,0.0005017857871081722,0.0007100591883360681,-0.0024546821215314374,-0.0014507037563410994,-0.00020827340122789588,0.0021607629446771673,435,407
2019-07-31,-0.010028582110406647,-0.009327040713121345,-0.010940349988439513,-0.009180465819758779,-0.0007015413972853018,-0.00014657489336256622,433,407
2019-08-01,-0.010735604580478581,-0.011677982526778591,-0.008707965650255112,-0.009590173279483619,0.00094237794630001,-0.002087809247294972,433,406
2019-08-02,-0.007703016777279276,-0.00919199946753016,-0.007529619599007109,-0.007631051880974624,0.001488982690250884,-0.001560947586555536,435,408
2019-08-05,-0.02945768132269191,-0.030123703431698214,-0.030072951741567766,-0.029284128458524787,0.0006660221090063027,-0.0008395749731734264,431,402
2019-08-06,0.011136914512214192,0.012043295674689694,0.014022882610029486,0.013272984903013768,-0.0009063811624755013,-0.001229689228324074,428,402
2019-08-07,0.00207180020640212,0.001857563566016346,0.0005907885260816315,0.0022707167446615302,0.00021423664038577417,-0.00041315317864518424,427,397
2019-08-08,0.016517077306841075,0.01573449196103423,0.019619588807814337,0.01775415738547417,0.0007825853458068438,-0.0020196654244399384,429,392
2019-08-09,-0.008175659977488281,-0.00868255657903972,-0.006811153156548677,-0.007827655982045394,0.0005068966015514386,-0.000854900596994326,426,392
2019-08-12,-0.013075893726118127,-0.012301710892128018,-0.012173514556663267,-0.010694475763981845,-0.0007741828339901096,-0.0016072351281461728,425,391
2019-08-13,0.012279600175493389,0.01303766418500989,0.015551713186774396,0.013785200935916616,-0.0007580640095165014,-0.0007475367509067257,424,392
2019-08-14,-0.029919454299569458,-0.029547664649887437,-0.02956740602989416,-0.02763982450793044,-0.00037178964968202083,-0.0019078401419569957,428,398
2019-08-15,0.00038846683541890204,-0.00026286765916199426,0.0026417792352415592,0.0023391125380896297,0.0006513344945808964,-0.002601980197251624,438,398
2019-08-16,0.017332097181158503,0.017054818524818965,0.014754841462113921,0.01522892333840346,0.00027727865633953713,0.0018258951864155056,439,398
2019-08-19,0.011143242341313302,0.011610830034534707,0.01204755112191358,0.009954285947825303,-0.00046758769322140584,0.0016565440867094047,426,397
2019-08-20,-0.008378952229414835,-0.00839752068692953,-0.0076624280115195065,-0.007078536756000555,1.856845751469459e-05,-0.0013189839309289738,425,389
2019-08-21,0.008477071681819923,0.008580138495550374,0.00813566607466254,0.008099967146218976,-0.00010306681373045169,0.0004801713493313986,424,376
2019-08-22,-0.0007311766534646727,-0.00109952845933531,-0.0003079608576883608,-0.002259091597955354,0.0003683518058706373,0.001159563138620044,425,376
2019-08-23,-0.025620248460599293,-0.025911333045235376,-0.025687304430103253,-0.02448626876312755,0.0002910845846360831,-0.0014250642821078269,422,379
2019-08-26,0.008150312704669337,0.00858771616344112,0.011058479628856643,0.008421033347592432,-0.00043740345877178385,0.00016668281584868855,420,379
2019-08-27,-0.0069482771910422975,-0.006649782914652305,-0.003923932742531555,-0.005329616646176501,-0.00029849427638999233,-0.0013201662684758043,416,378
2019-08-28,0.008939924244446822,0.008519340544550216,0.00704181433082085,0.0076955840869087746,0.00042058369989660636,0.0008237564576414414,407,379
2019-08-29,0.0158831689712876,0.015226373251914707,0.012772724809644753,0.014260447536864783,0.0006567957193728911,0.0009659257150499249,404,379
2019-08-30,0.0033635600708029627,0.0039293826894313275,-0.00044401718117181854,0.00189548119183138,-0.0005658226186283648,0.0020339014975999476,403,377
2019-09-03,-0.009650842275653512,-0.008908324343363132,-0.005847316992406482,-0.008220222559150524,-0.0007425179322903801,-0.000688101784212608,404,380
2019-09-04,0.012337010628532114,0.012239242278815662,0.011350272286029028,0.012195805156701265,9.776834971645179e-05,4.3437122114397056e-05,403,376
2019-09-05,0.015785459409720915,0.01622649306687531,0.012855429142337504,0.013464090094097514,-0.0004410336571543938,0.0027624029727777947,400,379
2019-09-06,-0.0005230105108119599,0.0005450226057740013,0.0007724034546878755,0.0014124690395127427,-0.0010680331165859613,-0.0008674464337387413,399,364
2019-09-09,0.005085406555188215,0.004939167041309721,0.0005032833926599256,0.000993860692142328,0.00014623951387849384,0.003945306349167393,399,363
2019-09-10,0.00700768422019552,0.005565389503248607,-0.00023475501393988019,0.002666827443179523,0.0014422947169469126,0.002898562060069084,399,359
2019-09-11,0.010970426065907523,0.009781469941118955,0.007110905623827879,0.008590122016042097,0.001188956124788568,0.0011913479250768577,401,360
2019-09-12,0.0022295763769294564,0.0018491925254420169,0.003463879011831761,0.002143113724507227,0.00038038385148743956,-0.0002939211990652102,402,350
2019-09-13,0.0006731546020466917,0.0012199055680334877,-0.0006639782146768969,0.0003867841210411639,-0.000546750965986796,0.0008331214469923238,396,360
2019-09-16,-0.0007488746576635198,-0.0013485502244451294,-0.003088582272651852,-0.0028896423802458895,0.0005996755667816095,0.00154109215580076,394,355
2019-09-17,0.00013437717373178032,0.00028912576129106924,0.0025320288098142907,0.0024050784085420792,-0.00015474858755928892,-0.00211595264725101,394,355
2019-09-18,-0.004677872960112654,-0.004222597235421568,0.0005981349494688093,-0.0022510863307004386,-0.00045527572469108556,-0.0019715109047211297,393,363
2019-09-19,-3.7980890904812046e-05,-0.0005556141013298926,-6.695737043660444e-05,0.0004883568513277735,0.0005176332104250806,-0.001043970952657666,391,363
2019-09-20,-0.0038021076007765876,-0.003407364978996679,-0.0047245808300478975,-0.003681026903972026,-0.0003947426217799088,0.0002736619249753473,389,364
2019-09-23,-0.0010949360934111084,-0.0011424513880734328,-0.00023429173957656424,-0.0010869887277965115,4.7515294662324415e-05,-5.546266027692129e-05,383,362
2019-09-24,-0.010332977246571517,-0.010377804764176757,-0.007847106457957942,-0.008505177094438507,4.4827517605240674e-05,-0.001872627669738251,377,363
2019-09-25,0.006746166235213362,0.0072451918245762595,0.0059152629744207985,0.00513755198071387,-0.0004990255893628972,0.0021076398438623894,377,361
2019-09-26,-0.0040581957919470215,-0.004163806525962392,-0.002083495767052801,-0.00427087668115175,0.00010561073401537009,0.00010707015518935867,378,361
2019-09-27,-0.006006710997834176,-0.004944073786361454,-0.005387289431071363,-0.004942778948823551,-0.001062637211472722,-1.2948375379025212e-06,376,360
2019-09-30,0.00553434432707831,0.005841771151630424,0.004637892702318069,0.005046272723576246,-0.0003074268245521145,0.0007954984280541784,377,359
2019-10-01,-0.015186933422764448,-0.015504862724319024,-0.011894885138019395,-0.012571027781359389,0.00031792930155457623,-0.0029338349429596355,378,359
2019-10-02,-0.01772863287288861,-0.017419197973610998,-0.01766490159123635,-0.01687334831148796,-0.0003094348992776115,-0.000545849662123038,378,365
2019-10-03,0.007272708378540916,0.006450008336692676,0.008193040751051761,0.0074898251475747826,0.0008227000418482401,-0.001039816810882107,372,365
2019-10-04,0.010324592797763084,0.010709202872497917,0.013532332160791416,0.011219980187789906,-0.0003846100747348334,-0.0005107773152919892,372,364
2019-10-07,-0.0033354389077234117,-0.00412766823881202,-0.004314806227318613,-0.003730341760781767,0.0007922293310886081,-0.0003973264780302529,371,354
2019-10-08,-0.01899251866405766,-0.018521324027342814,-0.015524938537911814,-0.016430366903040353,-0.0004711946367148452,-0.0020909571243024616,372,353
2019-10-09,0.007646582448670832,0.007742736181005324,0.009496763086148219,0.008212846319440555,-9.615373233449152e-05,-0.0004701101384352313,370,344
2019-10-10,0.005770186848047386,0.006010568468401148,0.006763210064104852,0.006733917690126427,-0.00024038162035376186,-0.0007233492217252795,367,338
2019-10-11,0.015421530526246108,0.015188615889644257,0.010367086461551711,0.014783670678996351,0.00023291463660185183,0.0004049452106479057,368,339
2019-10-14,-0.0012768026017290796,-0.0008674164369496551,-0.0011137951682418379,-0.0011381211253913128,-0.00040938616477942445,0.0002707046884416576,386,338
2019-10-15,0.011593336289471802,0.011042411265329764,0.009900512798537875,0.009410609519719925,0.000550925024142038,0.0016318017456098382,384,342
2019-10-16,-0.0019435824533745028,-0.0015354807178313183,-0.0016063928001102123,-0.0019238611285911358,-0.0004081017355431844,0.00038838041075981745,383,338
2019-10-17,0.004293427051201545,0.004526925022247223,0.002949283357939869,0.004368915746560005,-0.0002334979710456788,0.00015800927568721847,377,327
2019-10-18,-0.004059228639658408,-0.00296836408786997,-0.0043773885488498365,-0.0016156080071615005,-0.0010908645517884378,-0.0013527560807084693,369,334
2019-10-21,0.006357181907602084,0.0066732928377146805,0.006779229349531901,0.004594113090343439,-0.00031611093011259684,0.0020791797473712417,371,334
2019-10-22,-1.1115768478053283e-05,9.009592299363536e-05,-0.0032667834145981844,-0.0022711714303717723,-0.00010121169147168864,0.0023612673533654075,371,333
2019-10-23,0.0035939728411422092,0.0037948842389975155,0.0029097652425404963,0.003847884618750576,-0.00020091139785530622,-5.300037975306069e-05,372,338
2019-10-24,0.002574450002884037,0.0012148846516631452,0.0016338781318341322,0.003617447765699273,0.0013595653512208919,-0.0024025631140361277,366,338
2019-10-25,0.007492752511290486,0.0062352224008656665,0.004094819430781049,0.005689363276369135,0.0012575301104248192,0.0005458591244965312,366,335
2019-10-28,0.005876951685782464,0.006039842107621821,0.005636477296745435,0.00516442654376803,-0.00016289042183935745,0.000875415563853791,365,333
2019-10-29,-0.0014919773158837387,-0.000996287827748725,-0.0002966912915990383,0.0006209944428032739,-0.0004956894881350136,-0.001617282270551999,363,331
2019-10-30,0.001847491043565236,0.001391230077029755,0.0030673502232074767,0.0029250750548367667,0.000456260966535481,-0.0015338449778070117,361,331
2019-10-31,-0.005394726420263742,-0.005284573794218721,-0.0026630680020525155,-0.003947329056540391,-0.00011015262604502103,-0.0013372447376783303,361,330
2019-11-01,0.014072262239554939,0.013583943435421493,0.009263677105612489,0.011936959531288422,0.0004883188041334453,0.0016469839041330717,361,331
2019-11-04,0.009711151167632279,0.009437552365356401,0.004017642061551641,0.006277735868107857,0.00027359880227587757,0.0031598164972485446,363,331
2019-11-05,-0.0005819268575276893,-4.566524558064879e-06,-0.0011060898144928943,-0.0010587562779835018,-0.0005773603329696245,0.001054189753425437,363,329
2019-11-06,-0.002401204663760593,-0.001908832819771197,0.0002282737844145899,0.00013456441075049766,-0.0004923718439893961,-0.002043397230521695,359,329
2019-11-07,0.004442042109413038,0.0048943722022013305,0.003516788571606755,0.007766820744222993,-0.0004523300927882926,-0.0028724485420216625,354,325
2019-11-08,0.002780544482033247,0.002178863745139894,0.002465743619792571,0.002163469524967285,0.000601680736893353,1.539422017260905e-05,358,319
2019-11-11,-0.0017250610755893247,-0.001728462878225651,-0.0019096626506471814,-0.0009511837517471758,3.4018026363262076e-06,-0.0007772791264784751,358,317
2019-11-12,0.001241117735865879,0.001149403131369687,0.0021081264429585467,0.001277316634005711,9.171460449619194e-05,-0.00012791350263602385,361,321
2019-11-13,-0.0008398935732088031,-0.0005598530703922676,0.000323527312188876,-0.0007926958120929111,-0.00028004050281653554,0.00023284274170064353,356,319
2019-11-14,0.00047918871814929857,-0.00036383804374720525,0.0014558385103875526,0.001277292735287406,0.0008430267618965038,-0.0016411307790346113,357,305
2019-11-15,0.008754436875109265,0.008486482211728893,0.007236250002723876,0.008835858534440104,0.00026795466338037227,-0.0003493763227112104,361,307
2019-11-18,-0.0003868482226851921,-0.00012248653583912624,0.0007377572590392401,0.0009364069333891924,-0.0002643616868460659,-0.0010588934692283187,361,315
2019-11-19,-0.0021540088549940367,-0.002372679980278956,-0.0002882915058426416,0.000713705998671647,0.0002186711252849193,-0.003086385978950603,366,307
2019-11-20,-0.0031844583398440572,-0.0034693770316907174,-0.0037190272983848027,-0.004367343643623904,0.00028491869184666015,0.0008979666119331869,381,304
2019-11-21,-0.00032134241490027745,0.0006489403750099522,-0.0016088576600520321,-0.001647705182274066,-0.0009702827899102297,0.0022966455572840183,378,305
2019-11-22,0.004088123662873018,0.0042113747948313175,0.00222400571703929,0.002901131599929943,-0.00012325113195829976,0.0013102431949013746,378,306
2019-11-25,0.010579714173176153,0.010149734472965544,0.007750205919415887,0.009736411105665931,0.0004299797002106087,0.00041332336729961276,384,306
2019-11-26,0.0014242168922682851,0.0005978311473902115,0.002265398640416416,0.0012640239390848608,0.0008263857448780736,-0.0006661927916946493,383,306
2019-11-27,0.0038926576852514536,0.00432468603354698,0.004457520343362997,0.005179813639256376,-0.0004320283482955262,-0.0008551276057093965,381,307
2019-11-29,-0.004574005136607338,-0.005540651137075605,-0.0037086108857976585,-0.004334999025338446,0.0009666460004682667,-0.0012056521117371592,380,308
2019-12-02,-0.008355860211810982,-0.007310276230998418,-0.008494628363630796,-0.009484484730402058,-0.0010455839808125632,0.0021742084994036395,381,327
2019-12-03,-0.008751115727083114,-0.00862997470547486,-0.006706539880194207,-0.007064840777910893,-0.00012114102160825507,-0.0015651339275639664,373,326
2019-12-04,0.006963353799857817,0.007072681877441979,0.006170092679961048,0.0048583677878671514,-0.00010932807758416187,0.002214314089574828,373,317
2019-12-05,0.0010758298062710015,0.0011450645820268565,0.0017981583739494766,0.0009851423824694797,-6.9234775755855e-05,0.00015992219955737676,373,320
2019-12-06,0.008853842413618451,0.009111798391049163,0.009133987233669538,0.008791054405233095,-0.0002579559774307117,0.00032074398581606774,374,320
2019-12-09,-0.003078417351051469,-0.0033256647952825827,-0.003143895508267769,-0.0031016557756567576,0.0002472474442311136,-0.0002240090196258251,379,329
2019-12-10,-0.000874059844948058,-0.0009428113403693617,-0.0011152777470336828,-0.0021507994748623097,6.875149542130373e-05,0.0012079881344929481,381,329
2019-12-11,0.003310904141745445,0.004017891788589712,0.002838694325397517,0.0034215373047442247,-0.0007069876468442666,0.000596354483845487,381,331
2019-12-12,0.009561209282442258,0.010878903004348335,0.008618985345858476,0.010930283700617554,-0.0013176937219060766,-5.138069626921954e-05,381,332
2019-12-13,-0.0013424411555082185,-0.0021036037586445533,0.0005993049339014789,0.0005828440985709368,0.0007611626031363348,-0.0026864478572154902,381,335
2019-12-16,0.007362717190588806,0.007244345505730529,0.006869968880318655,0.007833012386214967,0.00011837168485827766,-0.0005886668804844378,378,336
2019-12-17,0.002957373956674379,0.002805592340728861,0.00021904757481072679,0.0018245652260872837,0.00015178161594551825,0.0009810271146415772,379,336
2019-12-18,-5.340196060727493e-05,-0.0003100964691145744,6.26919346826682e-05,-0.00014818127937115048,0.00025669450850729944,-0.0001619151897434239,379,358
2019-12-19,0.003856125566165065,0.003905283182377814,0.004098782364661213,0.003976861134010062,-4.915761621274899e-05,-7.157795163224758e-05,376,358
2019-12-20,0.003892541178985763,0.004544324653023961,0.004384436747287168,0.004395569043406959,-0.000651783474038198,0.00014875560961700226,378,358
2019-12-23,0.00251844221911461,0.0022525460863049504,0.0015276186290360538,0.0022079642419680183,0.0002658961328096598,4.45818443369321e-05,379,356
2019-12-24,8.876554043519182e-05,2.8404480596551123e-05,3.1136867639558474e-05,-0.00013412509815632489,6.0361059838640696e-05,0.00016252957875287602,375,359
2019-12-26,0.0034528720657859163,0.0030742324868708484,0.005323193757440503,0.0030661441333208876,0.00037863957891506785,8.088353549960854e-06,375,360
2019-12-27,-0.0016132668307798643,-0.0009411395201935609,-0.0002475604075455884,-0.00043122385126788263,-0.0006721273105863034,-0.0005099156689256782,374,360
2019-12-30,-0.005573819610107291,-0.004868839337106432,-0.005513377393780439,-0.005226187237730381,-0.0007049802730008589,0.00035734790062394873,374,360
2019-12-31,0.0033006372201444694,0.003618575727934948,0.0024291076463265338,0.003253125449911344,-0.00031793850779047875,0.0003654502780236044,375,360
2020-01-02,0.00753362721701007,0.007105549600079955,0.009352103722801264,0.00817711333509887,0.00042807761693011443,-0.0010715637350189149,389,359
2020-01-03,-0.006319818004927701,-0.006352848745662121,-0.007572475065081519,-0.007189316161388569,3.303074073441985e-05,0.0008364674157264477,387,361
2020-01-06,0.0035917153366899976,0.0036614597334602727,0.0038152836410942914,0.0030342125461096324,-6.974439677027511e-05,0.0006272471873506403,389,358
2020-01-07,0.0009317953291461445,0.0006758885632360105,-0.0028117494685904187,-0.0001841617234967357,0.000255906765910134,0.0008600502867327462,389,358
2020-01-08,0.003174657297048972,0.002884946773933708,0.005329339561243929,0.003464465672280163,0.00028971052311526366,-0.0005795188983464547,390,360
2020-01-09,0.0046232295874795775,0.004884246343136268,0.006780779285318728,0.004771017934602668,-0.0002610167556566902,0.00011322840853360012,392,360
2020-01-10,-0.0035837584460149782,-0.0028881129549491657,-0.002877697989567274,-0.0032417386152156346,-0.0006956454910658125,0.0003536256602664689,394,360
2020-01-13,0.00934408596926405,0.009553628134452399,0.006877275057512344,0.007891165624889075,-0.00020954216518834917,0.0016624625095633238,395,358
2020-01-14,0.001366647683052573,0.0016150188411521392,-0.0015243832234947963,0.0001512858015356565,-0.00024837115809956626,0.0014637330396164827,403,362
2020-01-15,0.0009432439929820767,0.0013546698853359241,0.002259880056620034,0.0003474695849453468,-0.0004114258923538474,0.0010072003003905772,404,363
2020-01-16,0.009270149436938014,0.009027913882337505,0.008318199510386037,0.009519788008686627,0.00024223555460050825,-0.0004918741263491219,406,363
2020-01-17,0.002586951823324388,0.0026937962156551917,0.0031126846616149617,0.001525061849458812,-0.00010684439233080373,0.0011687343661963797,404,363
2020-01-21,-0.004752522154979934,-0.005012619273538516,-0.001958071032095332,-0.0042817294540263675,0.00026009711855858215,-0.0007308898195121484,405,364
2020-01-22,-0.0006397633774684563,-0.000981002725136839,0.00012055540584632318,-0.0010499018255053561,0.0003412393476683826,6.889910036851719e-05,407,364
2020-01-23,0.0005863801189039835,0.0006602810109572369,0.0011465564308557052,0.00020764480902334665,-7.390089205325343e-05,0.00045263620193389026,408,364
2020-01-24,-0.010238256787464303,-0.010310540593249958,-0.008892912209443438,-0.010456771509426864,7.228380578565459e-05,0.00014623091617690584,408,364
2020-01-27,-0.01679348137613821,-0.01741653159516637,-0.016029448335762364,-0.016730236970733548,0.0006230502190281602,-0.0006862946244328219,406,364
2020-01-28,0.009511930704697538,0.009515538179149819,0.010479242892468266,0.010130425034555073,-3.607474452280504e-06,-0.0006148868554052538,407,364
2020-01-29,-0.0012941650464751916,-0.0014460615381312958,-0.0008260107234570047,-0.0009574672011667456,0.00015189649165610417,-0.0004885943369645502,409,363
2020-01-30,0.001115025024444634,0.0011806258078766673,0.003245221875514348,0.0022405074227012417,-6.56007834320333e-05,-0.0010598816148245744,411,362
2020-01-31,-0.017586123788850445,-0.01707857974549143,-0.018157721932919202,-0.019609792492545474,-0.0005075440433590164,0.002531212747054045,409,362
2020-02-03,0.007868595434414993,0.007634578822861253,0.007428454649215599,0.008140773635316916,0.00023401661155374003,-0.0005061948124556633,408,360
2020-02-04,0.017200394563297874,0.017046554101779948,0.01524140237014393,0.01853880196724107,0.00015384046151792688,-0.0014922478654611215,410,360
2020-02-05,0.012946692367083262,0.012651059527602041,0.011547761284456781,0.012138769640702152,0.0002956328394812212,0.0005122898868998894,410,361
2020-02-06,0.0004328554891434068,0.0002420216476431097,0.003364875363689679,0.001662836172517687,0.00019083384150029713,-0.0014208145248745772,410,359
2020-02-07,-0.00940355045456067,-0.009550405891071562,-0.005329507319291937,-0.009688324604513956,0.00014685543651089122,0.00013791871344239447,408,361
2020-02-10,0.00653127636560556,0.006282624427056921,0.007465300597820246,0.0049714094584137475,0.0002486519385486389,0.0013112149686431733,415,361
2020-02-11,0.005951121976302234,0.00620507374723209,0.0017331076409068391,0.005815681589344513,-0.00025395177092985607,0.00038939215788757683,414,363
2020-02-12,0.008554113343020331,0.009437805909663033,0.0064429097509102196,0.009566612967130416,-0.0008836925666427017,-0.00012880705746738316,417,367
2020-02-13,-0.0011637027124398876,-0.0019121507811788142,-0.00106691091094957,-0.0032325144991731114,0.0007484480687389265,0.0013203637179942972,409,364
2020-02-14,0.0012449332080892508,0.0014128549337697606,0.001601876486729381,0.0017134886769047638,-0.00016792172568050974,-0.0003006337431350032,400,364
2020-02-18,-0.0037701196191895483,-0.003257897158370087,-0.0025768778500249168,-0.004294833416398256,-0.0005122224608194613,0.0010369362580281687,403,364
2020-02-19,0.005048415029824219,0.00507759225660792,0.0047812347624243134,0.005063201345119468,-2.9177226783701216e-05,1.4390911488451966e-05,404,374
2020-02-20,-0.001798756663964537,-0.0006904467699713998,-0.004108233002500961,-0.001896070674510846,-0.0011083098939931374,0.0012056239045394462,407,382
2020-02-21,-0.01032640204052294,-0.010239188666661563,-0.010298507299150494,-0.010219543683214354,-8.72133738613768e-05,-1.9644983447208303e-05,404,385
2020-02-24,-0.03325559106624009,-0.03452829546373944,-0.0331654946407125,-0.03450193983098959,0.0012727043974993524,-2.6355632749851254e-05,403,385
2020-02-25,-0.03174659620562185,-0.032553916034582076,-0.030301781135678385,-0.03283096149451926,0.0008073198289602276,0.00027704545993718216,406,380
2020-02-26,-0.006254585401442879,-0.007007568953225522,-0.0036782466022594607,-0.007121761679869039,0.0007529835517826435,0.000114192726643517,408,385
2020-02-27,-0.03725465944688734,-0.03701844905623335,-0.04491175777207823,-0.03708072164716239,-0.0002362103906539889,6.227259092903698e-05,409,388
2020-02-28,-0.008269258378288824,-0.007467429457015894,-0.004201273976175646,-0.005478396235664972,-0.0008018289212729296,-0.0019890332213509223,411,387
2020-03-02,0.034354118018258994,0.03433798059017181,0.0433062289176076,0.03365958431000872,1.613742808718316e-05,0.0006783962801630919,421,387
2020-03-03,-0.023244022899990516,-0.023281536105440148,-0.02863255352940164,-0.02317803346893162,3.7513205449632436e-05,-0.00010350263650852828,426,387
2020-03-04,0.03282092976851082,0.03196629047068673,0.04203283552924719,0.033350031737846224,0.000854639297824096,-0.0013837412671594967,430,381
2020-03-05,-0.03313344144698083,-0.03314316739059883,-0.033241106291102995,-0.03572214571149123,9.725943618005273e-06,0.0025789783208923986,432,385
2020-03-06,-0.01918166937318452,-0.018644714728821586,-0.01653139440252238,-0.023122297323647276,-0.0005369546443629337,0.0044775825948256895,430,384
2020-03-09,-0.08759760215738456,-0.08863738637572458,-0.07809459527463669,-0.09361872304022296,0.0010397842183400147,0.00498133666449839,430,383
2020-03-10,0.04206352632558234,0.043096141999716835,0.051744946359475685,0.044325684449357895,-0.001032615674134492,-0.0012295424496410606,431,382
2020-03-11,-0.05349117431680009,-0.05460258461929265,-0.04874867659787496,-0.055992321849719494,0.001111410302492559,0.0013897372304268463,435,385
2020-03-12,-0.10813211921850935,-0.10893120320881977,-0.09567701425389741,-0.10932110345591627,0.000799083990310423,0.0003899002470964946,433,401
2020-03-13,0.08357272396219913,0.08367692554398243,0.08548632827890157,0.08552079581300513,-0.0001042015817833003,-0.0018438702690227043,424,400
2020-03-16,-0.12129605028853381,-0.1225511374168498,-0.10942352251653509,-0.1259999332568046,0.0012550871283159848,0.0034487958399548185,423,399
2020-03-17,0.04760480001254328,0.04656365380827415,0.053991772334476495,0.042752191617646075,0.0010411462042691291,0.0038114621906280774,432,399
2020-03-18,-0.06934989241864475,-0.06959817013072066,-0.05063279543293042,-0.07616167033333554,0.0002482777120759033,0.006563500202614883,433,401
2020-03-19,0.028308519485178336,0.03172888795901018,0.002124889880024128,0.030015321876257904,-0.0034203684738318453,0.001713566082752277,534,395
2020-03-20,-0.03001978938261588,-0.029121958583998905,-0.04309405996552007,-0.029814653419201437,-0.0008978307986169769,0.0006926948352025328,542,395
2020-03-23,-0.02904615385918787,-0.02647313299767813,-0.025568134794989095,-0.02464648483653469,-0.0025730208615097373,-0.0018266481611434425,547,394
2020-03-24,0.10944758228389283,0.1069213980222367,0.09060309623804175,0.11230829594332821,0.002526184261656128,-0.00538689792109151,551,394
2020-03-25,0.02758405690641628,0.024125119474274034,0.014970132807953895,0.027308516408547406,0.003458937432142248,-0.003183396934273372,552,396
2020-03-26,0.055245890437364664,0.05559163261392688,0.05838979706856162,0.055765404607692824,-0.00034574217656221234,-0.00017377199376594765,556,395
2020-03-27,-0.03866401476067234,-0.040103447945333555,-0.029785454590513516,-0.04234276279729348,0.0014394331846612138,0.0022393148519599254,555,395
2020-03-30,0.023102730846642,0.02455782459609537,0.03247564489569643,0.017539190335385313,-0.0014550937494533685,0.007018634260710057,560,394
2020-03-31,-0.011496669440984753,-0.010993755464017195,-0.014905529724725253,-0.009347007524616247,-0.0005029139769675579,-0.0016467479394009481,561,398
2020-04-01,-0.051680481399861616,-0.05110135310783581,-0.04500503026866998,-0.05343103071417083,-0.0005791282920258045,0.002329677606335019,568,398
2020-04-02,0.014793305498054724,0.017293953662037266,0.023075511741800003,0.014250343091244903,-0.0025006481639825422,0.0030436105707923634,569,387
2020-04-03,-0.019675711151283692,-0.020299346459422624,-0.014454015398457254,-0.01989933193022616,0.0006236353081389319,-0.00040001452919646505,589,388
2020-04-06,0.07567983071087549,0.07424922233200715,0.06716615407801219,0.08132870521382601,0.0014306083788683394,-0.007079482881818866,592,387
2020-04-07,0.009487082848733093,0.009644063153571846,0.0010195491269804347,0.011778498068991743,-0.00015698030483875247,-0.002134434915419897,595,387
2020-04-08,0.036998359383029936,0.03761536273927146,0.03356863032334023,0.03995585468736,-0.0006170033562415272,-0.0023404919480885383,594,399
2020-04-09,0.024763998151144606,0.02372656270572924,0.015217014631941472,0.022208018616738243,0.0010374354454153675,0.0015185440889909953,597,469
2020-04-13,-0.015699002046298066,-0.014357412381685492,-0.009130122369438443,-0.014471763509341883,-0.001341589664612574,0.00011435112765639105,597,469
2020-04-14,0.024291901178579874,0.023795913207437555,0.029492897625400305,0.0271562838460224,0.0004959879711423192,-0.003360370638584846,598,481
2020-04-15,-0.031119544874845494,-0.03144661510773285,-0.021248295004216877,-0.03035340410884741,0.000327070232887354,-0.0010932109988854369,588,490
2020-04-16,-0.0044415851714493335,-0.003710295959673157,0.004824412665703548,-0.005189390811873033,-0.0007312892117761764,0.0014790948521998756,592,491
2020-04-17,0.03964779784406476,0.03937786222353945,0.02701547899488488,0.0385225516869102,0.0002699356205253106,0.0008553105366292529,593,492
2020-04-20,-0.01626524636770275,-0.015122820818867504,-0.017618045467778787,-0.017915748669482263,-0.001142425548835247,0.00279292785061476,594,539
2020-04-21,-0.02862654500465286,-0.028775165066718934,-0.030363121322378395,-0.03000053778917049,0.00014862006206607312,0.0012253727224515558,593,536
2020-04-22,0.018631071143270308,0.018937852445210075,0.022194428751296735,0.01873200271486166,-0.00030678130193976735,0.0002058497303484147,593,536
2020-04-23,0.0032666009257175566,0.0035877937822755062,-7.173092153256455e-05,0.004749390142683395,-0.00032119285655794966,-0.0011615963604078884,593,536
2020-04-24,0.012373653797474151,0.0120681024444773,0.01393897544277145,0.01334374550460311,0.00030555135299685163,-0.0012756430601258105,594,522
2020-04-27,0.027094400430491408,0.027917157961267345,0.014418237245357846,0.028889680761035215,-0.0008227575307759374,-0.00097252279976787,594,525
2020-04-28,0.008089848272349561,0.008619440338868054,-0.0045981252268142425,0.008207178601522942,-0.0005295920665184927,0.0004122617373451126,600,525
2020-04-29,0.035994953488974454,0.03551506019148673,0.02617811807765169,0.0363797490252423,0.000479893297487724,-0.0008646888337555669,601,583
2020-04-30,-0.020282868094226046,-0.0214916801077205,-0.00931030417408063,-0.021073338207908854,0.0012088120134944522,-0.0004183418998116445,606,585
2020-05-01,-0.032774187529177934,-0.03242364851633151,-0.026473714668651005,-0.033587919309693286,-0.00035053901284642225,0.001164270793361774,609,585
2020-05-04,0.001736065101546313,0.002015777957255347,0.002758170531538928,0.0014467351291105933,-0.0002797128557090339,0.0005690428281447536,609,585
2020-05-05,0.0038648605175244624,0.0034928067420066516,0.009239213377232547,0.004039365902391068,0.0003720537755178108,-0.0005465591603844161,608,594
2020-05-06,-0.008137061068503265,-0.007748155972159511,-0.006778298299455976,-0.008932237273241777,-0.00038890509634375344,0.001184081301082266,611,600
2020-05-07,0.017558311893254713,0.016819089350572282,0.012066405906555833,0.018412238584411683,0.0007392225426824314,-0.0015931492338394013,610,602
2020-05-08,0.024877055936680728,0.026671867922613755,0.016546671470031526,0.02837264319149602,-0.0017948119859330265,-0.0017007752688822653,607,601
2020-05-11,-0.005041110235455303,-0.005212375963985614,0.00020457772612947345,-0.00843444866857384,0.00017126572853031104,0.003222072704588225,610,616
2020-05-12,-0.022118054597540793,-0.022696082521254022,-0.019931240352134783,-0.02369632984535546,0.0005780279237132292,0.0010002473241014394,610,617
2020-05-13,-0.024874069834971382,-0.024767623830579212,-0.017686153016708284,-0.027434985711169965,-0.00010644600439217028,0.002667361880590753,608,617
2020-05-14,0.011195837470386246,0.010569767209384195,0.011967746495445075,0.013267081702781352,0.000626070261002051,-0.0026973144933971575,607,617
2020-05-15,0.006203801944693525,0.005495538161252846,0.0045969103282832435,0.0036308895433962256,0.0007082637834406793,0.00186464861785662,606,632
2020-05-18,0.048804712529629986,0.051043324656116745,0.030459758928522485,0.05285900865549963,-0.0022386121264867595,-0.0018156839993828874,608,632
2020-05-19,-0.011616479252053592,-0.012084492104445833,-0.010271326575589934,-0.0124728609842224,0.0004680128523922404,0.0003883688797765676,606,632
2020-05-20,0.017380971983240078,0.01811895999554287,0.016988089675025186,0.01964212768018367,-0.0007379880123027927,-0.0015231676846407978,608,629
2020-05-21,-0.002844810975178208,-0.002975723428039017,-0.006904179118499054,-0.0028172589732787666,0.00013091245286080914,-0.00015846445476025038,608,626
2020-05-22,0.0003923977264182501,-0.0001193549288608201,0.001898949456170751,-0.0003135887388086654,0.0005117526552790702,0.00019423380994784532,609,626
2020-05-26,0.026829345478134294,0.028069914214271026,0.01232079328687763,0.030026964417494043,-0.0012405687361367324,-0.0019570502032230166,609,625
2020-05-27,0.0213993945912122,0.02189143700611502,0.014878965463074767,0.024466699684178563,-0.000492042414902822,-0.002575262678063541,607,626
2020-05-28,-0.0064580915687349446,-0.006607026520926359,-0.0018450529298460472,-0.010433619086481319,0.00014893495219141413,0.00382659256555496,609,626
2020-05-29,-0.0011492915001980533,-0.0011930495930819517,0.004456070028394432,6.873844284209683e-06,4.375809288389835e-05,-0.0011999234373661614,612,626
2020-06-01,0.011005004977575231,0.010950500580124548,0.0040415835428901925,0.011735477731760325,5.4504397450683834e-05,-0.0007849771516357778,612,627
2020-06-02,0.011143595527174843,0.012056014326410344,0.008280391941027032,0.01122416008335039,-0.0009124187992355006,0.000831854243059954,612,627
2020-06-03,0.024230580833465323,0.02500797054044279,0.013307958023299093,0.0269928336454433,-0.000777389706977466,-0.0019848631050005117,615,627
2020-06-04,0.0028918745489592986,0.002788170590960407,-0.002626550930547644,0.004850391675229273,0.00010370395799889172,-0.0020622210842688657,620,627
2020-06-05,0.030398213609106873,0.03016329721645806,0.025629427111966363,0.03253027511274258,0.00023491639264881445,-0.002366977896284518,620,626
2020-06-08,0.019955973889240964,0.019400083891479937,0.012087667404935942,0.021108225892629572,0.000555889997761027,-0.0017081420011496352,626,626
2020-06-09,-0.01738380454665575,-0.017309892287174763,-0.00745684586229145,-0.0174620686825816,-7.391225948098767e-05,0.00015217639540683614,625,626
2020-06-10,-0.015231366996489915,-0.014015705284236634,-0.005579861448436141,-0.017853658404126463,-0.0012156617122532805,0.003837953119889829,625,624
2020-06-11,-0.06712910343030619,-0.06548714284854387,-0.05764888535439916,-0.06798232230686833,-0.0016419605817623167,0.002495179458324462,633,624
2020-06-12,0.020999326691222554,0.020322201458577733,0.011975695638048345,0.021091544894781857,0.0006771252326448207,-0.0007693434362041236,634,627
2020-06-15,0.011740899813678644,0.011052308171191896,0.009335384707856331,0.011806896577605948,0.0006885916424867484,-0.0007545884064140522,635,627
2020-06-16,0.01905090524731092,0.019106266457029016,0.019247790567764378,0.019045962329648905,-5.5361209718093884e-05,6.030412738011054e-05,637,620
2020-06-17,-0.008311482994779535,-0.007395216193176092,-0.0041540085724270925,-0.009050039741065587,-0.0009162668016034431,0.0016548235478894948,635,640
2020-06-18,0.0005090638790621238,0.0005949580522520312,0.0003853149090211616,-0.00022656182750898493,-8.589417318990739e-05,0.0008215198797610161,634,643
2020-06-19,-0.00854940948528674,-0.008582899573446419,-0.005714997552978107,-0.007378185500210233,3.349008815967808e-05,-0.0012047140732361853,633,643
2020-06-22,0.005103237832238183,0.005561825420455893,0.006415079311261618,0.004465589485224694,-0.00045858758821770967,0.001096235935231199,633,643
2020-06-23,0.004304968684322061,0.004353773075229921,0.004603746867717362,0.00499657517465212,-4.880439090786028e-05,-0.0006428020994221984,635,642
2020-06-24,-0.032213270004047244,-0.03205158044528115,-0.025508833145822973,-0.032855198024013196,-0.00016168955876609548,0.0008036175787320479,636,642
2020-06-25,0.010258895770936853,0.011094302020301618,0.010720647348679169,0.010945290583689786,-0.0008354062493647653,0.00014901143661183273,638,642
2020-06-26,-0.026340082901681904,-0.02634558877241618,-0.023751542676445525,-0.02608671848269375,5.505870734275747e-06,-0.0002588702897224279,638,641
2020-06-29,0.018269552363480816,0.018685559490175495,0.014697464602104082,0.020524614756939445,-0.00041600712669467854,-0.0018390552667639504,640,642
2020-06-30,0.012050448513259865,0.012063334273267534,0.012809688217352067,0.012146397581394644,-1.2885760007668584e-05,-8.306330812711017e-05,639,642
2020-07-01,0.0017551349104423955,0.00031055750816330905,0.007004819988407851,-0.0004036610425696198,0.0014445774022790864,0.0007142185507329289,640,645
2020-07-02,0.005418854389396846,0.005720027115378103,0.005506889763779554,0.005083414317979868,-0.0003011727259812566,0.0006366127973982351,634,645
2020-07-06,0.014093282147235387,0.014930337971091775,0.015437390423372443,0.014413052066838702,-0.0008370558238563874,0.0005172859042530727,638,644
2020-07-07,-0.014942278227313376,-0.01569526488698848,-0.010314063684510266,-0.014136286201315731,0.0007529866596751034,-0.0015589786856727485,636,644
2020-07-08,0.007856405174576789,0.007997474866700638,0.007648753405121944,0.0077847435765802265,-0.00014106969212384843,0.00021273129012041106,636,656
2020-07-09,-0.013450807704594971,-0.013414900650830995,-0.0056926265356459504,-0.012526911317569153,-3.590705376397586e-05,-0.0008879893332618422,634,655
2020-07-10,0.01659226647798916,0.01626312509007487,0.010210289224955815,0.016648696797090815,0.00032914138791428904,-0.00038557170701594354,633,657
2020-07-13,-0.009082578555028921,-0.00799415515110638,-0.008659187811237645,-0.00763845582860671,-0.001088423403922541,-0.0003556993224996703,630,659
2020-07-14,0.013773982447791377,0.013210992121507774,0.012959367798863752,0.015348936135218358,0.0005629903262836036,-0.002137944013710584,626,669
2020-07-15,0.02351744128628194,0.023471434972554665,0.009187238074444659,0.023553401241503277,4.600631372727454e-05,-8.196626894861267e-05,617,662
2020-07-16,-0.0045386697110941085,-0.004676007376270146,-0.0032934726938413927,-0.002470294934249691,0.0001373376651760379,-0.0022057124420204553,617,660
2020-07-17,-2.5850302211147754e-05,0.0003056261106381121,0.0028993368713174927,0.001604447936720487,-0.00033147641284925986,-0.0012988218260823747,617,660
2020-07-20,0.0010847406486072986,7.160386060847862e-05,0.008081188367657033,-0.0007105113929764805,0.00101313678799882,0.0007821152535849591,618,660
2020-07-21,0.009890415071312861,0.010070083172083341,0.002127608576564244,0.011988201136746687,-0.00017966810077047965,-0.0019181179646633462,615,653
2020-07-22,0.005031208428605566,0.004674518619974217,0.005692105229534894,0.005589262460542038,0.0003566898086313488,-0.0009147438405678211,616,654
2020-07-23,-0.006666134307197459,-0.006368334514554938,-0.011931623976795369,-0.004178841902173033,-0.0002977997926425207,-0.002189492612381905,619,654
2020-07-24,-0.007678553008295818,-0.007632551181936222,-0.0064404592339976086,-0.007823100433696727,-4.600182635959658e-05,0.0001905492517605056,621,654
2020-07-27,0.005271480031661066,0.0055573058596590594,0.0072925353463666465,0.004963897037668634,-0.00028582582799799305,0.0005934088219904255,622,655
2020-07-28,-0.006550139030499769,-0.007123379937437489,-0.006342673113319153,-0.006619271993881629,0.0005732409069377194,-0.0005041079435558595,624,655
2020-07-29,0.013524993131120067,0.014676035158188315,0.012298890035078447,0.01401453440577832,-0.0011510420270682484,0.000661500752409996,626,656
2020-07-30,-0.008574952557174238,-0.00930609104983682,-0.003567806303379939,-0.009063710177278679,0.0007311384926625818,-0.0002423808725581407,617,656
2020-07-31,-0.0011312181232897584,-0.00228089597840939,0.007902053463325398,-0.0024760552912034754,0.0011496778551196318,0.0001951593127940852,619,664
2020-08-03,0.007774101338153744,0.007351809594632877,0.006951998753055744,0.007867176913248551,0.00042229174352086726,-0.0005153673186156747,619,665
2020-08-04,0.008239915755783395,0.008529253052467054,0.003862927115036552,0.008029158763019982,-0.00028933729668365916,0.0005000942894470718,619,668
2020-08-05,0.010479181322092905,0.010025410429176103,0.0062107275104450466,0.010778644062229021,0.00045377089291680217,-0.0007532336330529181,626,668
2020-08-06,0.0031451621227155083,0.002974187913302946,0.006684541190761895,0.0024418041192204964,0.00017097420941256233,0.0005323837940824495,626,670
2020-08-07,0.004987308464516547,0.004517769678354277,0.0007181096991808467,0.0045224714767274615,0.0004695387861622701,-4.7017983731845875e-06,626,670
2020-08-10,0.009782320931075937,0.009854596850635378,0.0029887354461739513,0.00867405036320492,-7.227591955944086e-05,0.0011805464874304582,625,670
2020-08-11,-0.0030264222737953323,-0.0024316109773885614,-0.0082544247745997,-0.003148145958827274,-0.0005948112964067709,0.0007165349814387124,629,668
2020-08-12,0.010002105487063685,0.010124761609909943,0.013941987063316619,0.010431415162745625,-0.00012265612284625797,-0.00030665355283568223,627,667
2020-08-13,-0.0032790526045312785,-0.0032789431084913907,-0.001807623067715869,-0.0018783823886829502,-1.094960398878575e-07,-0.0014005607198084404,626,667
2020-08-14,7.787538024629607e-05,-0.00023815330970565672,2.9785454973341174e-05,-0.000617747920348122,0.00031602868995195277,0.00037959461064246533,629,667
2020-08-17,0.0004904228495070975,0.0009285739719933098,0.003176494571367927,0.002140672737632324,-0.00043815112248621227,-0.001212098765639014,624,668
2020-08-18,-0.003706719627144085,-0.0037215279596151153,0.002160211968771808,-0.003452143864238886,1.4808332471030142e-05,-0.00026938409537622917,622,661
2020-08-19,-0.003862389676023718,-0.0038102558918212234,-0.004163470235420852,-0.0029254934954490073,-5.213378420249439e-05,-0.0008847623963722162,623,656
2020-08-20,-0.0028912063670327635,-0.0033581295654878654,0.0031133206760685095,-0.0034325737242583763,0.0004669231984551019,7.444415877051096e-05,622,658
2020-08-21,-0.0017357112092112924,-0.0015858152432400069,0.0035475427590168085,0.00036289023510779086,-0.00014989596597128553,-0.0019487054783477978,623,662
2020-08-24,0.015754437602854294,0.015645191552595066,0.010133235841227162,0.016677497098060975,0.00010924605025922768,-0.0010323055454659093,620,662
2020-08-25,0.0010479768943101593,0.0011105860903641628,0.0034992498908694714,0.0019121761376569126,-6.260919605400347e-05,-0.0008015900472927498,620,647
2020-08-26,0.0018855127366674217,0.001987385626270275,0.010025467680585542,0.0017124828125451097,-0.00010187288960285344,0.0002749028137251654,619,646
2020-08-27,0.004621949511234806,0.004768439193144067,0.002186768725431776,0.005102972006197708,-0.00014648968190926048,-0.00033453281305364114,616,647
2020-08-28,0.010215360442533034,0.009905553874640791,0.006459299204947699,0.00970767366713189,0.0003098065678922429,0.00019788020750890166,617,647
2020-08-31,-0.00790330907949279,-0.00876616533691673,-0.003622450932789678,-0.007507899362584787,0.0008628562574239402,-0.001258265974331943,612,647
2020-09-01,0.004799076412891944,0.0041766660158616045,0.009418205569875937,0.0067978824178682225,0.0006224103970303395,-0.002621216402006618,611,647
2020-09-02,0.013541233416665282,0.014206421545598927,0.014464268906777544,0.01481004867938146,-0.0006651881289336456,-0.0006036271337825326,612,649
2020-09-03,-0.026105644129093008,-0.02509168670722585,-0.03441434009934241,-0.027467356511676956,-0.0010139574218671586,0.002375669804451107,614,648
2020-09-04,-0.004416204773743941,-0.0038510768526094953,-0.008164589883395412,-0.004297910083810553,-0.000565127921134446,0.0004468332312010581,613,648
2020-09-08,-0.02159164094019121,-0.021122660703801904,-0.02732283148444492,-0.01980932002576089,-0.00046898023638930475,-0.0013133406780410153,614,649
2020-09-09,0.014807906694075357,0.014165519850012664,0.01974734327596339,0.015849914581546606,0.000642386844062693,-0.0016843947315339416,604,648
2020-09-10,-0.014815953258543894,-0.014419932360461907,-0.017364014281971207,-0.012844954244771282,-0.00039602089808198765,-0.001574978115690625,606,645
2020-09-11,0.0016523449161368862,0.0021772029937711926,0.0005094184709566463,0.0021408618942379684,-0.0005248580776343063,3.6341099533224175e-05,606,646
2020-09-14,0.01689275050889046,0.016552787939978903,0.013171508252554087,0.017824573738829216,0.00033996256891155596,-0.0012717857988503133,606,644
2020-09-15,0.0008821060225529755,0.0011004990266683498,0.005052194460165138,0.003000436511778808,-0.00021839300411537438,-0.0018999374851104583,601,646
2020-09-16,0.004251176051509775,0.004798906679975307,-0.003968468275350134,0.004855712302763153,-0.000547730628465532,-5.680562278784565e-05,598,648
2020-09-17,-0.007065594800559054,-0.00612941114512706,-0.008795398566714296,-0.007006601648821066,-0.0009361836554319936,0.0008771905036940057,506,648
2020-09-18,-0.010334685876801239,-0.009904642983916873,-0.011512775563442212,-0.008690332150621576,-0.0004300428928843657,-0.001214310833295297,496,648
2020-09-21,-0.01771761230861001,-0.020643093984968938,-0.011129900947574156,-0.021560217544680023,0.002925481676358928,0.0009171235597110854,490,648
2020-09-22,0.005312132787668612,0.005846790304358103,0.010184612675664395,0.006194606047926473,-0.0005346575166894907,-0.00034781574356836965,488,648
2020-09-23,-0.024825554652390835,-0.023631917520875012,-0.023190988310240024,-0.022779376853052424,-0.0011936371315158234,-0.0008525406678225877,486,647
2020-09-24,0.0006042053901189667,0.0010516007518101556,0.002665494810228042,0.001369624019855977,-0.0004473953616911889,-0.0003180232680458214,487,646
2020-09-25,0.014520053181793571,0.012426383569626295,0.016166983791694234,0.015019992720370414,0.0020936696121672763,-0.0025936091507441188,486,646
2020-09-28,0.018698944247160402,0.01983630602818898,0.016609521685231998,0.020046261365024257,-0.0011373617810285785,-0.0002099553368352762,475,648
2020-09-29,-0.0027579621526160752,-0.004706077464515781,-0.005446050927432666,-0.004571390827603388,0.001948115311899706,-0.0001346866369123928,474,648
2020-09-30,0.004670157643020287,0.0048383586268207004,0.007582100262280456,0.007341814539666995,-0.00016820098380041382,-0.002503455912846294,465,648
2020-10-01,0.007466421984168628,0.0060624042487389986,0.006419832714430473,0.006354776409149468,0.0014040177354296291,-0.0002923721604104696,465,647
2020-10-02,0.001468945891432566,0.0007094333495943078,-0.009494496035386213,5.117795211773803e-05,0.0007595125418382581,0.0006582553974765697,434,647
2020-10-05,0.017603310344133736,0.018161513507872255,0.01773336372826928,0.01714962430834378,-0.0005582031637385194,0.0010118891995284755,431,647
2020-10-06,-0.010966683015920195,-0.010197021070374816,-0.014216153588528013,-0.010177227863339505,-0.0007696619455453795,-1.9793207035311358e-05,426,646
2020-10-07,0.016162195086534166,0.016204685316356052,0.01740654312939216,0.016953272971155682,-4.249022982188641e-05,-0.0007485876547996297,423,632
2020-10-08,0.015501284134579595,0.014942348462928282,0.00886252009751276,0.009745239305465107,0.0005589356716513127,0.0051971091574631745,425,562
2020-10-09,0.004225224621077463,0.003866427380119291,0.008930289286357418,0.004788483085752497,0.00035879724095817236,-0.0009220557056332057,422,566
2020-10-12,0.011102612011738846,0.01062798358045814,0.016087431802417562,0.0072277531919996306,0.0004746284312807051,0.00340023038845851,421,560
2020-10-13,-0.006369279271618875,-0.00816549978292383,-0.006526287900431416,-0.007867176035976278,0.0017962205113049544,-0.00029832374694755207,415,563
2020-10-14,-0.004348209404269126,-0.004503408835086774,-0.006283100721451884,-0.005446829583759502,0.000155199430817648,0.0009434207486727283,416,562
2020-10-15,-0.00040283669705743353,2.8301567033101837e-05,-0.0012359213757718868,0.0008225811121050373,-0.0004311382640905354,-0.0007942795450719356,415,565
2020-10-16,-0.003531969078225058,-0.0027819187179929524,-0.0006042522754201585,-0.001405053131148227,-0.0007500503602321058,-0.0013768655868447255,414,522
2020-10-19,-0.012444031840138458,-0.012439754033611031,-0.01520347488397844,-0.011919032799967907,-4.277806527426889e-06,-0.000520721233643124,422,523
2020-10-20,0.004958933646018807,0.005744619732243088,0.004005682488809281,0.004356770833168563,-0.000785686086224281,0.0013878488990745246,424,523
2020-10-21,-0.004196360660083882,-0.0034453033050605084,-0.0018928049706486982,-0.006769467069667341,-0.0007510573550233738,0.0033241637646068325,423,523
2020-10-22,0.014191610288166148,0.013190218464853465,0.005485284575505567,0.010668865709359545,0.0010013918233126827,0.00252135275549392,422,524
2020-10-23,0.003374000864650096,0.004159757832477573,0.003395041754625572,0.0041800081865769455,-0.0007857569678274769,-2.0250354099372522e-05,425,522
2020-10-26,-0.023175988259262436,-0.023391937562430406,-0.018479935366158107,-0.021674089741404962,0.0002159493031679699,-0.0017178478210254436,422,523
2020-10-27,-0.01036792726194547,-0.010579572186455855,-0.0034472595802355066,-0.008942927287072803,0.00021164492451038533,-0.001636644899383052,420,459
2020-10-28,-0.03313097403800209,-0.03248783236583237,-0.034178998674789685,-0.029756794711628762,-0.0006431416721697156,-0.00273103765420361,401,460
2020-10-29,0.0100330086006888,0.011504912469377572,0.010163684549376217,0.010954663877264088,-0.001471903868688772,0.0005502485921134847,397,460
2020-10-30,-0.014035359385426356,-0.011434468304789353,-0.010424914145996333,-0.010615979954721437,-0.0026008910806370033,-0.0008184883500679165,398,461
2020-11-02,0.013672833920113158,0.015085253157957355,0.011208276120075134,0.01597966212112929,-0.0014124192378441973,-0.0008944089631719339,397,453
2020-11-03,0.018770206926935262,0.018856180600134095,0.017655987224070024,0.01933443434621316,-8.597367319883309e-05,-0.0004782537460790645,398,443
2020-11-04,0.010491947715410397,0.009076215589956695,0.022349274345244696,0.012217617532543912,0.0014157321254537024,-0.003141401942587217,404,443
2020-11-05,0.025465965295670297,0.024007736334380355,0.01950271017052918,0.02447836564380305,0.0014582289612899424,-0.000470629309422696,407,443
2020-11-06,-0.0045075723630032165,-0.005241207102866497,-0.00022834102264090994,-9.48008722941011e-05,0.0007336347398632804,-0.0051464062305723954,421,419
2020-11-09,0.03188916320183773,0.03416282957410746,0.012565498853403856,0.025018243513550392,-0.0022736663722697295,0.00914458606055707,421,429
2020-11-10,0.0027528529022991274,0.004362040988524226,-0.0014663662449638792,0.00012748927718454764,-0.0016091880862250988,0.004234551711339679,421,428
2020-11-11,0.0056565449354241066,0.0037610920458142124,0.007428393429428359,0.006105918228053935,0.0018954528896098942,-0.002344826182239723,414,429
2020-11-12,-0.009801463303423156,-0.011431824934387365,-0.00970084162586804,-0.011228343244164506,0.0016303616309642083,-0.00020348169022285818,415,404
2020-11-13,0.016563704120354322,0.01740743441476622,0.013844468353286121,0.01617334421517697,-0.0008437302944118985,0.0012340901995892516,415,405
2020-11-16,0.01774583358746613,0.01924612783546275,0.012482499571267125,0.01583331328704893,-0.001500294247996619,0.003412814548413818,446,400
2020-11-17,0.0037433953372432516,0.0022233109752294597,-0.005378325805131312,0.0028388222765155305,0.0015200843620137919,-0.0006155113012860708,448,400
2020-11-18,-0.007201366418484887,-0.008191516487591229,-0.01203477352588389,-0.009033199614467545,0.0009901500691063417,0.0008416831268763161,452,407
2020-11-19,0.009298927046958222,0.008801639671102498,0.004210321216814972,0.009143367754596992,0.000497287375855724,-0.0003417280834944938,453,408
2020-11-20,-0.006142075992230057,-0.007303916390841279,-0.006848010186330744,-0.003260363374148586,0.001161840398611222,-0.004043553016692693,457,408
2020-11-23,0.017400309381269873,0.01726310398802604,0.005994482662289968,0.011658710968389812,0.00013720539324383121,0.005604393019636229,469,409
2020-11-24,0.01916236077717416,0.020511675702773815,0.016114133812892728,0.0171255778048766,-0.0013493149255996532,0.003386097897897216,463,409
2020-11-25,-0.00045911499788571947,-0.0029731559651241675,-0.001541995533706042,-0.0003762390445874313,0.002514040967238448,-0.002596916920536736,464,409
2020-11-27,0.002190905862842429,0.0011418138866645684,0.0027851155527345295,0.004311975118276719,0.0010490919761778606,-0.003170161231612151,463,408
2020-11-30,-0.011196000318569852,-0.012078837930829322,-0.004427558606717064,-0.008580447951363292,0.0008828376122594697,-0.00349838997946603,463,406
2020-12-01,0.0077502706465449435,0.008452734947071218,0.01093767563768755,0.008050605464153412,-0.0007024643005262747,0.00040212948291780577,464,401
2020-12-02,0.00478482590685352,0.0051434701426334726,0.002103697240442015,0.0008616236254039307,-0.00035864423577995283,0.004281846517229542,465,403
2020-12-03,0.008776324729377151,0.00813032264038331,-0.0002727955700309037,0.0020237222602738554,0.0006460020889938415,0.0061066003801094546,464,413
2020-12-04,0.015483668946791675,0.015986595097206638,0.00861760300301384,0.012853425628116963,-0.0005029261504149625,0.003133169469089675,457,455
2020-12-07,-0.0010199064804658697,-0.0014386612260793047,-0.002054805182675312,-0.0017512215021759203,0.00041875474561343506,0.00031256027609661554,457,460
2020-12-08,0.007035968149238523,0.0063566525269936275,0.0029262015571147604,0.006587724710324795,0.0006793156222448951,-0.00023107218333116766,458,459
2020-12-09,-0.009402571079603128,-0.007704427260552712,-0.008968859987262379,-0.009354799588001374,-0.001698143819050416,0.0016503723274486617,455,459
2020-12-10,0.008510301739249422,0.008163794687357569,-0.0003268682155566083,0.003982429793950026,0.00034650705189185303,0.004181364893407542,455,467
2020-12-11,-0.004387489395344619,-0.004268213949054377,-0.0011725630002238363,-0.0015373795410756437,-0.00011927544629024203,-0.002730834407978733,456,475
2020-12-14,-0.003492061744732305,-0.005016936123819427,-0.004477338116531615,-0.004913318791491731,0.0015248743790871222,-0.00010361733232769604,457,474
2020-12-15,0.01472030357637798,0.014580185593976053,0.013519373413178437,0.01680952112414667,0.00014011798240192753,-0.0022293355301706164,455,448
2020-12-16,-0.0006915378247245069,-0.0014285466944269937,0.0015693143844597301,-0.0011447524617675788,0.0007370088697024868,-0.00028379423265941493,458,447
2020-12-17,0.00901920873014649,0.007715777220257034,0.005592107174381855,0.007876190948913814,0.0013034315098894552,-0.00016041372865677975,460,451
2020-12-18,0.0007278941090101193,-0.0009054307099937419,-0.003992733825330164,-0.0010874239881180036,0.001633324819003861,0.00018199327812426166,460,451
2020-12-21,-0.007187367209639624,-0.007942311295640044,-0.0035758086243146137,-0.0027922105521266654,0.0007549440860004199,-0.005150100743513379,462,451
2020-12-22,0.0026856722092386707,0.0007881496560045311,-0.0016853634198663592,0.0010261091076828395,0.0018975225532341395,-0.0002379594516783084,460,451
2020-12-23,0.004309525215375164,0.004193833910122385,0.0008986972523388204,0.004860225044742925,0.00011569130525277901,-0.0006663911346205401,468,451
2020-12-24,-0.0013014179165128632,-0.000678712698504763,0.0038904995100907946,-0.000791452720706952,-0.0006227052180081003,0.00011274002220218904,470,451
2020-12-28,-0.0020359090029370827,-0.000527511177581466,0.008590699236773247,0.0028266357059940107,-0.0015083978253556166,-0.003354146883575477,471,454
2020-12-29,-0.005777731903149685,-0.005282800978393049,-0.001907794478037128,-0.005314578044993175,-0.000494930924756636,3.177706660012665e-05,472,454
2020-12-30,0.00422220622641287,0.0035735561406456747,0.0014267954419180384,0.006791821597919493,0.0006486500857671956,-0.0032182654572738187,473,459
2020-12-31,0.0038641254434609923,0.004382071878956428,0.005080997833361689,0.0037536054339866198,-0.0005179464354954358,0.0006284664449698082,473,460
2021-01-04,-0.011553334145743445,-0.012136802000289482,-0.013613898467949581,-0.012795665690038802,0.0005834678545460371,0.0006588636897493193,471,457
2021-01-05,0.01443166262762228,0.01526093384569185,0.006887138974422058,0.013813836749683284,-0.0008292712180695706,0.001447097096008567,470,454
2021-01-06,0.013370447313148735,0.01245458359927223,0.005978383305955903,0.017205234964093735,0.0009158637138765042,-0.0047506513648215044,472,454
2021-01-07,0.019295750383916697,0.01704359674541952,0.014857489414251468,0.018898354805956592,0.0022521536384971785,-0.0018547580605370734,473,454
2021-01-08,0.003111284072453207,0.002156643744005409,0.005697761308829374,0.006213189435104148,0.0009546403284477977,-0.004056545691098739,472,452
2021-01-11,-0.0036972385538557805,-0.003662777507050896,-0.006740780512246469,-0.0037609392678463367,-3.4461046804884574e-05,9.816176079544079e-05,472,452
2021-01-12,0.011451592646560293,0.010814278660910833,0.0002110729789610577,0.006697320606049561,0.0006373139856494601,0.004116958054861272,477,444
2021-01-13,0.0023647880194870947,0.0026537329118516244,0.0026929176995187376,-0.001080585209805425,-0.00028894489236452967,0.0037343181216570494,479,462
2021-01-14,0.005687355068146466,0.005807666478228875,-0.0035016798329562393,0.0029044372463124194,-0.00012031141008240955,0.002903229231916456,482,462
2021-01-15,-0.009737195938823977,-0.009297054649342268,-0.00729288501676939,-0.011555282705151677,-0.00044014128948170923,0.0022582280558094085,479,462
2021-01-19,0.009454699598387371,0.00849813392552076,0.007852034885148518,0.010563025158943784,0.0009565656728666109,-0.0020648912334230232,482,462
2021-01-20,0.006589235740504339,0.007582543325487832,0.01383866263387068,0.009039589812029533,-0.0009933075849834928,-0.001457046486541701,483,460
2021-01-21,0.0016166260732764172,0.0015173387246061034,0.0009115580166638715,0.0002469366184910856,9.928734867031374e-05,0.0012704021061150177,483,460
2021-01-22,-0.0017593893984508583,-0.0019542734831022664,-0.003539242200011783,-0.0012730966644822065,0.00019488408465140805,-0.0006811768186200599,490,460
2021-01-25,-0.000945086403968531,-0.0010038596074115754,0.003943609516225521,-0.0010120776731863809,5.877320344304445e-05,8.218065774805465e-06,492,462
2021-01-26,-0.003089895757115271,-0.002337153546953667,-0.0015605159799887414,-0.003678821962449225,-0.0007527422101616041,0.001341668415495558,492,462
2021-01-27,-0.024770068415661383,-0.025417163582404496,-0.02444068085293427,-0.024924691263037514,0.0006470951667431127,-0.0004924723193669815,485,461
2021-01-28,0.009563472726890072,0.010336441340989147,0.008599976486639349,0.011826556489671361,-0.0007729686140990743,-0.0014901151486822143,482,464
2021-01-29,-0.015647161682835215,-0.0166708684090671,-0.020019491374586917,-0.018216042010708308,0.0010237067262318864,0.001545173601641206,486,464
2021-02-01,0.016935474818968763,0.01666817154411168,0.01664570428828216,0.01677173641294187,0.000267303274857085,-0.00010356486883019225,482,451
2021-02-02,0.014512324408340672,0.015174874291764447,0.014139952107856901,0.013615441777107664,-0.0006625498834237752,0.0015594325146567837,482,450
2021-02-03,0.005350621718210296,0.004272020860106039,0.0007863248217514496,0.005267806501340942,0.0010786008581042568,-0.0009957856412349027,480,452
2021-02-04,0.014553796510372526,0.01386132586718227,0.011365917020850214,0.011962579526876767,0.0006924706431902568,0.0018987463403055023,473,455
2021-02-05,0.007582804039440178,0.006741644788223755,0.003935915575148385,0.006058511352780185,0.0008411592512164228,0.0006831334354435699,471,454
2021-02-08,0.012396483121734993,0.011987543187526234,0.007221717722029508,0.012273423716031236,0.0004089399342087595,-0.0002858805285050024,474,459
2021-02-09,0.0033218958606363747,0.0023452627195822877,-0.0006656034223608831,0.0013417146009748312,0.000976633141054087,0.0010035481186074565,477,460
2021-02-10,-0.00043921372500476237,0.0009073770618883845,-0.0004357291485324044,-0.0013604462700497276,-0.001346590786893147,0.002267823331938112,476,461
2021-02-11,0.004822770869288154,0.005287801861316108,0.0016148686503392184,0.005558650427315947,-0.00046503099202795366,-0.00027084856599983963,477,458
2021-02-12,0.005393527791130434,0.004811975952334763,0.004940096835410079,0.004703135527914251,0.0005815518387956714,0.00010884042442051156,477,465
2021-02-16,2.6645346238850985e-05,0.0004125719556551405,-0.0008660697518027005,-0.0006443263913128138,-0.00038592660941628954,0.0010568983469679543,477,462
2021-02-17,-0.005584616732602429,-0.004988129007583384,0.00022928203731442665,-0.004042817651952927,-0.0005964877250190454,-0.0009453113556304564,483,462
2021-02-18,-0.012841062752383727,-0.0115110088613045,-0.004255859395171702,-0.011323534045617914,-0.0013300538910792272,-0.00018747481568658596,483,471
2021-02-19,0.008279817360522869,0.005653294347317301,-0.0017659492403011567,0.006710855002016575,0.0026265230132055672,-0.0010575606546992739,481,461
2021-02-22,-0.008987460499508201,-0.008132469265909612,-0.007691777449865045,-0.009711360752459144,-0.0008549912335985895,0.0015788914865495322,484,454
2021-02-23,-0.005155792039687668,-0.0037155113726267805,0.0012144602666499527,-0.003556189881915713,-0.0014402806670608878,-0.0001593214907110673,485,456
2021-02-24,0.016307861362838013,0.015596594266648835,0.011019086054236071,0.016344193016752204,0.000711267096189178,-0.0007475987501033687,489,456
2021-02-25,-0.026468342601293087,-0.026018678593882353,-0.02409558304831938,-0.027239112463345434,-0.00044966400741073415,0.0012204338694630813,491,460
2021-02-26,-0.0056059942899712115,-0.0062957555309959235,-0.0051526473500991266,-0.0046477112192437366,0.000689761241024712,-0.001648044311752187,495,459
2021-03-01,0.028463925499686654,0.02739634288172012,0.02423993056337559,0.025608107879291887,0.001067582617966533,0.0017882350024282338,498,458
2021-03-02,-0.009947110038111884,-0.008728012885599466,-0.007802997486336061,-0.010874691205411294,-0.0012190971525124182,0.002146678319811829,498,458
2021-03-03,-0.014512752679407598,-0.013167734695851838,-0.01324541357715836,-0.01382269523631016,-0.0013450179835557598,0.0006549605404583218,500,461
2021-03-04,-0.01978940156275921,-0.017910990979469656,-0.012375053081600695,-0.017580016098452618,-0.0018784105832895526,-0.00033097488101703834,501,462
2021-03-05,0.011777819443491525,0.011878625051955364,0.01839668419914675,0.014994511970079394,-0.00010080560846383903,-0.00311588691812403,506,459
2021-03-08,-0.008196113724235395,-0.0056823399088362855,-0.004978876789718645,-0.004514338852667892,-0.0025137738153991097,-0.0011680010561683938,503,459
2021-03-09,0.021552604424526677,0.018539470035561726,0.014277529260847466,0.02254374782441472,0.003013134388964951,-0.004004277788852994,506,482
2021-03-10,0.011298887354184552,0.012220616238839247,0.006224304384500057,0.007903680900094195,-0.0009217288846546951,0.004316935338745052,504,481
2021-03-11,0.018751873776928,0.01650310867237456,0.010139482047540893,0.017584786184470253,0.0022487651045534386,-0.0010816775120956919,504,479
2021-03-12,0.0012376270514309127,0.0018032713144206516,0.0013466939438122605,0.0021040703725314206,-0.0005656442629897388,-0.00030079905811076905,505,486
2021-03-15,0.0074716274289300414,0.008176382717075043,0.005963637579796233,0.00800342687241585,-0.0007047552881450014,0.00017295584465919223,505,497
2021-03-16,-0.010705299773918963,-0.01078136475789567,-0.0012612750089847635,-0.008257608804703083,7.606498397670636e-05,-0.0025237559531925864,507,499
2021-03-17,0.00580534710931394,0.005971143483387051,0.0034097847582212903,0.005003511857565093,-0.0001657963740731112,0.0009676316258219577,507,497
2021-03-18,-0.020834094698260707,-0.021551482636560548,-0.014549806199975257,-0.019935780161232285,0.0007173879382998405,-0.001615702475328263,521,489
2021-03-19,0.004982105087603994,0.006150001057472072,-0.0018501338554970381,0.004274699441433127,-0.0011678959698680777,0.001875301616038945,514,490
2021-03-22,0.003103237892326476,0.0027508260821142608,0.007984748555210697,0.004447386713411145,0.0003524118102122154,-0.0016965606312968839,513,488
2021-03-23,-0.018336590658011912,-0.01768944408788772,-0.007870721778253986,-0.01505140383576153,-0.0006471465701241921,-0.002638040252126189,514,488
2021-03-24,-0.012940718169099552,-0.013191382935185575,-0.005083442329884669,-0.011864725865081948,0.00025066476608602214,-0.0013266570701036262,516,488
2021-03-25,0.010137976171808605,0.010191314801147107,0.005625594535674239,0.008685084225815192,-5.333862933850145e-05,0.0015062305753319148,516,489
2021-03-26,0.016604061557926483,0.016464992543636685,0.016115035210715778,0.015853875914049267,0.00013906901428979712,0.0006111166295874187,505,491
2021-03-29,-0.010395863003762499,-0.00962508538038701,-0.0005051506959651286,-0.007835157787582932,-0.0007707776233754886,-0.0017899275928040786,506,492
2021-03-30,0.005989288462631542,0.0038147321183768746,-0.0026530703518351517,0.003977792749693414,0.0021745563442546675,-0.00016306063131653944,526,492
2021-03-31,0.008455242745877067,0.008958281684459633,0.00405350439440233,0.005807940440489653,-0.0005030389385825666,0.0031503412439699806,526,493
2021-04-01,0.01164941220069356,0.011937606202692042,0.010799071462810561,0.012245397345932713,-0.00028819400199848154,-0.00030779114324067103,528,493
2021-04-05,0.008238439488102572,0.008255894809206344,0.014353082887926583,0.007837384599170072,-1.7455321103771598e-05,0.00041851021003627177,528,492
2021-04-06,0.0037906850212883576,0.003631896037083302,-0.0005905189026256252,0.0011773214377108331,0.00015878898420505555,0.002454574599372469,528,495
2021-04-07,-0.00584016915049342,-0.005820907059905318,0.001157395802032557,-0.005543885686342796,-1.926209058810205e-05,-0.00027702137356252175,527,495
2021-04-08,0.007193047721378795,0.007273352190313491,0.004746597351122928,0.00535983058290154,-8.030446893469555e-05,0.001913521607411951,525,495
2021-04-09,0.0033624634017232536,0.0033367280359371757,0.007270228807338075,0.0030752784829853313,2.5735365786077897e-05,0.00026144955295184444,525,493
2021-04-12,-0.0029325315974992063,-0.0036785819745319267,0.0003646426697365701,-0.0018423416897446678,0.0007460503770327204,-0.001836240284787259,528,493
2021-04-13,0.002147842043257821,0.002562445116409398,0.002963626250574114,0.003719206355505538,-0.0004146030731515772,-0.0011567612390961397,528,491
2021-04-14,-0.0006251850824455346,-0.0007246476895734127,-0.0034151853610050464,-0.0005375348189293457,9.946260712787817e-05,-0.00018711287064406706,528,492
2021-04-15,0.007573075508535536,0.008135556928244001,0.010742560155327707,0.006389061474877366,-0.0005624814197084651,0.0017464954533666349,530,479
2021-04-16,0.0013248105281019732,0.0010323294726500684,0.0033423753670900336,0.0030076887708121976,0.0002924810554519048,-0.001975359298162129,530,477
2021-04-19,-0.009421743048712256,-0.010204116612608526,-0.004913198919389017,-0.009490624372926226,0.0007823735638962694,-0.0007134922396822996,530,480
2021-04-20,-0.012876643628365705,-0.012689605684139035,-0.007321398784451816,-0.01103042760446092,-0.00018703794422667008,-0.0016591780796781155,530,470
2021-04-21,0.015007481631995615,0.015787462328279732,0.009461960218893228,0.01397999432117941,-0.0007799806962841167,0.0018074680071003216,516,470
2021-04-22,-0.005100388290001026,-0.005065631466795933,-0.009133009359379107,-0.0052481878859495885,-3.4756823205093004e-05,0.00018255641915365575,514,470
2021-04-23,0.012845776505880058,0.012931553216361977,0.010842272308059675,0.01202020236286779,-8.577671048191904e-05,0.0009113508534941868,513,477
2021-04-26,0.008871266717730999,0.009012158314213526,0.002087717055827998,0.00584314482932405,-0.0001408915964825272,0.003169013484889476,514,476
2021-04-27,-0.0003825350431873269,-0.00028372721823300426,-0.00021546926177640202,0.0002336668080171235,-9.880782495432265e-05,-0.0005173940262501277,512,477
2021-04-28,0.0008600451324926878,0.0013241285799535552,-0.0002873280465917061,-0.0003548481147423797,-0.0004640834474608674,0.0016789766946959349,511,477
2021-04-29,0.0012436197994780565,0.0009526726975799467,0.0063728369655542405,0.0012728955108923844,0.0002909471018981098,-0.0003202228133124377,510,492
2021-04-30,-0.009607036860776907,-0.009978474699426131,-0.006570772956094206,-0.008785266619225426,0.0003714378386492235,-0.0011932080802007049,510,493
2021-05-03,0.0005193475841213189,0.0012130901770051603,0.0021567656856580353,0.0009105298612512583,-0.0006937425928838414,0.000302560315753902,508,493
2021-05-04,-0.009291573355783593,-0.010152396241665066,-0.006169197188464981,-0.009910464321482043,0.000860822885881473,-0.00024193192018302258,504,494
2021-05-05,7.70614620451196e-05,-0.00011826966397229162,0.00031289914889054415,-0.0006085913932529126,0.00019533112601741122,0.000490321729280621,504,495
2021-05-06,0.0017007185390951094,0.001455088867121747,0.007985516353147926,0.0027207650261318653,0.0002456296719733624,-0.0012656761590101183,503,492
2021-05-07,0.012605648343339134,0.012097634203577963,0.007277940645205705,0.011143805004098667,0.0005080141397611707,0.0009538291994792957,502,495
2021-05-10,-0.014483441518710675,-0.015788397417037234,-0.009902314209465302,-0.014398070066852326,0.001304955898326559,-0.0013903273501849073,500,496
2021-05-11,-0.005223040215541684,-0.005460348114514232,-0.008924776613425167,-0.00472864309357698,0.00023730789897254741,-0.000731705020937252,493,499
2021-05-12,-0.02462082085904978,-0.025754010412122354,-0.021245233055046775,-0.024873812156148537,0.0011331895530725736,-0.0008801982559738172,493,486
2021-05-13,0.006914789708956631,0.006287817203420117,0.012012536962524578,0.007085214127240051,0.0006269725055365145,-0.0007973969238199343,494,486
2021-05-14,0.021057297062656858,0.02150995128216306,0.015355356461059344,0.02126760076273301,-0.00045265421950620166,0.00024235051943004987,495,485
2021-05-17,0.0018058704557260448,0.001263585931191176,-0.0025444877394429355,-0.0014650857484914894,0.0005422845245348687,0.0027286716796826654,504,485
2021-05-18,-0.0028855374701455563,-0.002310322367104188,-0.008615569481863705,-0.0017016501481122135,-0.0005752151030413684,-0.0006086722189919743,503,485
2021-05-19,-0.005896771225887624,-0.005499154835721567,-0.0026220166488889474,-0.004785484706611885,-0.0003976163901660574,-0.0007136701291096817,477,485
2021-05-20,0.010923027567894391,0.011015442201913727,0.010757987641166977,0.01269425731007916,-9.241463401933603e-05,-0.0016788151081654334,474,486
2021-05-21,0.001048739030206008,0.0017538008357432656,-0.0008188695377526756,0.0005797260782621808,-0.0007050618055372577,0.0011740747574810848,468,482
2021-05-24,0.008327739499679835,0.008663250994382973,0.010194436510214677,0.010006636167650533,-0.00033551149470313797,-0.0013433851732675608,467,482
2021-05-25,-0.0024781916636371377,-0.0025853134746649025,-0.0022185948142168233,-0.00274949695857617,0.00010712181102776486,0.00016418348391126743,466,482
2021-05-26,0.008732295640833089,0.008608128549980524,0.0019844346763882026,0.008358313624149303,0.00012416709085256473,0.0002498149258312217,449,482
2021-05-27,0.006257496525475998,0.005520067911617219,0.0005248066553351638,0.006282040733770686,0.000737428613858779,-0.0007619728221534665,457,482
2021-05-28,-5.2904228582769914e-05,0.0014650240582678462,0.0017889833059292481,0.0014580330762487687,-0.0015179282868506162,6.990982019077505e-06,452,481
2021-06-01,0.006798060757775114,0.005885003983354671,-0.0008809713013513409,0.0029554243531012122,0.0009130567744204433,0.0029295796302534587,451,481
2021-06-02,0.004154875799509284,0.00483328930008458,0.0015726385771834828,0.0037923080623946098,-0.0006784135005752957,0.00104098123768997,451,482
2021-06-03,-0.005839451365337786,-0.00461601194814187,-0.00371138730943521,-0.0056607526700303635,-0.0012234394171959156,0.0010447407218884932,449,482
2021-06-04,0.003928100004897935,0.0033937958432010305,0.009145879068871654,0.0069888775476806995,0.0005343041616969043,-0.003595081704479669,450,482
2021-06-07,0.003296454206787957,0.004690702835971265,-0.0009702853039776915,0.006132063035528143,-0.0013942486291833082,-0.001441360199556878,451,473
2021-06-08,0.002514417711091309,0.0036303549404857263,0.00021336516931458327,0.0034170986229599917,-0.0011159372293944175,0.00021325631752573465,450,425
2021-06-09,-0.0037456372881984534,-0.0041921862767311975,-0.0014920710492100087,-0.0037134021777146687,0.0004465489885327441,-0.0004787840990165288,451,421
2021-06-10,0.0008105178613193017,0.001288141769699938,0.004648563244643356,0.003135769220402418,-0.00047762390838063627,-0.0018476274507024802,451,421
2021-06-11,0.0051109711708974695,0.005636845077444557,0.0016525913053402341,0.004099429184870059,-0.0005258739065470879,0.0015374158925744981,450,421
2021-06-14,-0.0011173028848171845,-0.0007717237718205111,0.002238775993380404,0.0010107172310458517,-0.00034557911299667337,-0.0017824410028663628,451,412
2021-06-15,-0.0046193405540935146,-0.006048096011167042,-0.0018342192316712636,-0.0053662276499049,0.0014287554570735278,-0.0006818683612621421,449,410
2021-06-16,-0.003112822555825434,-0.002495926797516519,-0.005583326828168533,-0.0042343923044953855,-0.0006168957583089153,0.0017384655069788667,449,426
2021-06-17,-0.004360471458501812,-0.004886121896344605,-0.00033173949518183754,-0.0011060873455199123,0.0005256504378427923,-0.003780034550824692,449,435
2021-06-18,-0.013308323105769482,-0.013533843795157204,-0.013490339278063757,-0.012596227559254401,0.00022552068938772214,-0.000937616235902803,451,435
2021-06-21,0.015846362257921062,0.016632727157355455,0.014315957385123035,0.013771021130333875,-0.0007863648994343928,0.0028617060270215797,446,431
2021-06-22,0.005670375112772934,0.005732318941802377,0.005346292174995604,0.00658277753006546,-6.194382902944238e-05,-0.0008504585882630833,447,431
2021-06-23,0.002575959496762996,0.003142875744305313,-0.0012053169175049172,0.0015890595297248851,-0.0005669162475423171,0.0015538162145804278,452,431
2021-06-24,0.0077846518506282415,0.007813524643338447,0.005915736214630485,0.008178737152188356,-2.8872792710205736e-05,-0.00036521250884990857,451,431
2021-06-25,0.002942530966780355,0.0028246437153227858,0.003551975936285201,0.006147647279162223,0.00011788725145756929,-0.003323003563839437,448,432
2021-06-28,-0.0010287867038014627,-0.0017068596254586142,0.0020159618076749375,0.001729404195925827,0.0006780729216571515,-0.003436263821384441,447,432
2021-06-29,-0.00031245713276802583,-0.0012627585009451234,0.000538238808189595,-0.0003251892921791472,0.0009503013681770975,-0.0009375692087659762,448,428
2021-06-30,0.0017194577986825348,0.001665740701863537,0.0008416315329955459,-0.0015873098646407716,5.37170968189977e-05,0.0032530505665043087,448,428
2021-07-01,0.004245674065491298,0.004268645480577121,0.005536546767926254,0.003246544565245378,-2.2971415085823454e-05,0.0010221009153317433,450,420
2021-07-02,0.00124990120689066,-5.766340275626437e-05,0.0076434513123049275,0.0012889729761331654,0.0013075646096469245,-0.0013466363788894298,451,420
2021-07-06,-0.007124518102473995,-0.006024372951544867,-0.0018212559405720308,-0.004240010336844955,-0.001100145150929128,-0.001784362614699912,451,419
2021-07-07,-0.003036356941997949,-0.00504392411283448,0.003534006524238409,-0.0021898682304694076,0.0020075671708365307,-0.002854055882365072,451,420
2021-07-08,-0.009910157459253987,-0.009746198559026722,-0.008148163997876545,-0.007789588325676118,-0.00016395890022726477,-0.0019566102333506037,453,428
2021-07-09,0.01665448436752662,0.016538751971567123,0.010674869842791868,0.013234024872495597,0.00011573239595949816,0.0033047270990715256,455,428
2021-07-12,0.0021894988423929148,0.0020130086057561247,0.003581911056048215,0.0010222839587783405,0.0001764902366367901,0.0009907246469777842,454,428
2021-07-13,-0.00951295170042568,-0.010113709423190764,-0.003408861301927746,-0.008307337704347044,0.0006007577227650843,-0.00180637171884372,452,431
2021-07-14,-0.007312167586341944,-0.007232928962274456,0.0014919599186253851,-0.005272701884944184,-7.923862406748836e-05,-0.0019602270773302717,450,432
2021-07-15,-0.004628581822243895,-0.0047541697207913805,-0.00341535067203258,-0.004620435606823965,0.00012558789854748547,-0.0001337341139674153,447,420
2021-07-16,-0.011404541116047185,-0.01170977302930027,-0.007843594910728391,-0.008988187891121739,0.00030523191325308556,-0.0027215851381785314,443,421
2021-07-19,-0.01470611282567885,-0.01347946331130923,-0.014767912156860796,-0.011866290670843927,-0.0012266495143696196,-0.0016131726404653036,447,423
2021-07-20,0.021359378875716935,0.02246777335456386,0.014330173917430633,0.01890506560754013,-0.001108394478846926,0.0035627077470237294,436,423
2021-07-21,0.014131842150892852,0.013962204241221774,0.008096556349444173,0.012143595538132318,0.0001696379096710783,0.0018186087030894558,435,424
2021-07-22,-0.0031929405176242365,-0.0037948741953028548,0.0020939990832775646,-0.0022149423657090734,0.0006019336776786183,-0.0015799318295937814,434,424
2021-07-23,0.006073260496701549,0.005610988000524007,0.010288007069495508,0.006912312789838361,0.0004622724961775423,-0.0013013247893143539,429,424
2021-07-26,0.0038871637050597466,0.004382006649389291,0.002454721905945201,0.0019475845346127825,-0.0004948429443295448,0.002434422114776509,425,422
2021-07-27,-0.008429296817146107,-0.008469859524636705,-0.004557339746256495,-0.007230913870729786,4.056270749059829e-05,-0.001238945653906919,424,445
2021-07-28,0.005024335660761329,0.005565906285865532,-0.00041023548724861136,0.006462607278455713,-0.0005415706251042027,-0.0008967009925901813,422,445
2021-07-29,0.0044583669460345945,0.0042172247651477215,0.004147674672823731,0.003480430111842467,0.00024114218088687293,0.0007367946533052543,423,443
2021-07-30,-0.006414569695409133,-0.006635495308309994,-0.004856813801783932,-0.005792073532724757,0.00022092561290086056,-0.0008434217755852371,418,443
2021-08-02,-0.002259877752787656,-0.0028318786303794647,-0.00209778203758737,-0.0016945762613837971,0.0005720008775918087,-0.0011373023689956675,419,443
2021-08-03,0.004646901825971589,0.003922575893236611,0.008135362522456724,0.0051200545264387595,0.0007243259327349783,-0.0011974786332021488,419,443
2021-08-04,-0.0062824554313363964,-0.006309301624196601,-0.0049188317084637445,-0.00530651368750335,2.6846192860204877e-05,-0.0010027879366932514,419,441
2021-08-05,0.010275675944275678,0.011197438800126663,0.006332986649955963,0.00842408074500024,-0.0009217628558509851,0.0027733580551264226,421,438
2021-08-06,0.002987056726872156,0.0027145654473542664,0.0016522890082359964,0.0002124279132406636,0.00027249127951788944,0.002502137534113603,421,439
2021-08-09,-0.00025256382007496266,-0.0004787900229599367,-0.0008135745482988899,0.0017319572450301115,0.000226226202884974,-0.0022107472679900484,420,434
2021-08-10,0.0017719150740631983,0.002476377720928595,0.0012438621278667572,0.0009507186080223145,-0.0007044626468653969,0.0015256591129062806,425,433
2021-08-11,0.003560684655939094,0.0038771402745201634,0.002484781600016195,0.002032982573086125,-0.0003164556185810694,0.0018441577014340384,423,436
2021-08-12,-0.0007790845110297464,0.0007325635677487914,0.0029968587933686397,0.00027665528832244947,-0.001511648078778538,0.00045590827942634197,423,435
2021-08-13,-0.004437718294374163,-0.00411694703253765,0.0018199522450061956,-0.0028088290649132355,-0.0003207712618365135,-0.0013081179676244143,423,425
2021-08-16,-0.005335743723421625,-0.006383252182642584,0.002354857153469503,-0.004358669146511322,0.001047508459220959,-0.002024583036131262,419,425
2021-08-17,-0.01097016431245488,-0.01120677309073111,-0.006555260726355927,-0.008346531098065183,0.00023660877827622918,-0.0028602419926659264,418,429
2021-08-18,-0.008553159210689106,-0.008686951439770935,-0.010944990868362536,-0.008157030063958749,0.0001337922290818288,-0.0005299213758121861,416,423
2021-08-19,-0.006468680345492545,-0.007569762750722532,0.0015481104905634702,-0.007176632348771946,0.0011010824052299865,-0.0003931304019505859,416,423
2021-08-20,0.00810078003687832,0.008497482375266664,0.00795734590525865,0.007994351428467258,-0.0003967023383883439,0.0005031309467994054,413,425
2021-08-23,0.013749237232156455,0.013795002512845869,0.008796428950332613,0.01231355449700945,-4.5765280689414115e-05,0.0014814480158364188,413,415
2021-08-24,0.010264762178715347,0.010469441043035611,0.0015873276089324317,0.008103902573205295,-0.00020467886432026447,0.0023655384698303156,409,415
2021-08-25,0.0041686803316355455,0.004748605608412168,0.0020986391836343987,0.0033464896186274564,-0.0005799252767766227,0.0014021159897847119,407,410
2021-08-26,-0.008665809843862757,-0.009757704555229334,-0.005903491957565898,-0.007609011018055548,0.0010918947113665763,-0.0021486935371737856,402,410
2021-08-27,0.013692616987764751,0.014287555969727691,0.008941199390257504,0.010672695524663269,-0.0005949389819629395,0.003614860445064422,398,410
2021-08-30,0.0013799336658025245,0.0010182682956363623,0.004397539489088942,0.001048606307187719,0.0003616653701661622,-3.033801155135664e-05,394,415
2021-08-31,0.0006196397944685763,-0.0004233180732050776,-0.0014817221098257782,-0.0011822389429742676,0.0010429578676736538,0.00075892086976919,392,412
2021-09-01,0.0018362249025633897,0.003063530767184875,0.0005314888283687313,0.003187443347912083,-0.0012273058646214855,-0.00012391258072720797,391,413
2021-09-02,0.006350846799521376,0.006405637033192713,0.0030766071930807826,0.005750169814845409,-5.479023367133736e-05,0.0006554672183473036,387,411
2021-09-03,-0.0011393565133019975,-0.0027760601559739975,-0.00024268676787231325,-0.001538275342833224,0.001636703642672,-0.0012377848131407735,389,411
2021-09-07,-0.004214641659786197,-0.004371853474655529,-0.0035754415641433557,-0.004431587073374772,0.00015721181486933172,5.9733598719243636e-05,386,403
2021-09-08,-0.005290383142585054,-0.006052958378703405,-0.0012182285918004299,-0.0055226818617419675,0.0007625752361183511,-0.0005302765169614377,386,404
2021-09-09,-0.0006798375628459142,0.00029747698570062444,-0.004280180075214024,-0.00036776166396380915,-0.0009773145485465387,0.0006652386496644336,384,402
2021-09-10,-0.006276958012162603,-0.006659186805539942,-0.007884652482277765,-0.006393635417964583,0.00038222879337733873,-0.0002655513875753591,385,395
2021-09-13,0.003985529826671335,0.004272796142322924,0.0025593307586686542,0.0016261720394092913,-0.00028726631565158863,0.0026466241029136327,385,386
2021-09-14,-0.007159394378952913,-0.00797241281881821,-0.005396511475090682,-0.007845444888089198,0.0008130184398652965,-0.00012696793072901162,380,389
2021-09-15,0.008891536851284961,0.009195263333219034,0.008352439981346382,0.008099268842679305,-0.0003037264819340732,0.0010959944905397298,379,389
2021-09-16,0.00028482760927062606,-1.2758048476682633e-05,-0.0015852765657520251,-0.00023806480985582348,0.0002975856577473087,0.00022530676137914085,366,389
2021-09-17,-0.006261853711295582,-0.0059112845243637175,-0.009741093228617492,-0.003938335769592484,-0.0003505691869318643,-0.0019729487547712338,364,395
2021-09-20,-0.018915549386331117,-0.020089861168330125,-0.016673983578233686,-0.01958832154368371,0.001174311781999008,-0.0005015396246464132,364,395
2021-09-21,-0.000217815696736585,-0.00036369946667234816,-0.0009446376627472164,1.1556457786117556e-05,0.00014588376993576315,-0.00037525592445846574,360,395
2021-09-22,0.011999505270813848,0.011561743562946182,0.009754784257415494,0.0089995524074214,0.0004377617078676656,0.0025621911555247824,357,397
2021-09-23,0.01376228071008395,0.014248058442942189,0.012150202887150519,0.012241883914495757,-0.0004857777328582391,0.002006174528446432,358,396
2021-09-24,-0.0020797371230708637,-0.00271421341637191,0.0016470362513629766,-0.0018980501997314392,0.0006344762933010463,-0.0008161632166404709,359,396
2021-09-27,0.0033219206752161277,0.0053312280097016565,-0.0028610174973079383,0.0026470119320784248,-0.002009307334485529,0.0026842160776232317,360,433
2021-09-28,-0.019867397323575568,-0.020401922873131993,-0.02015188530524714,-0.02051214427912417,0.0005345255495564256,0.000110221405992178,344,427
2021-09-29,-0.002043253914950659,-0.0026185409898701753,0.0016833369130071496,-0.001234281932882382,0.0005752870749195162,-0.0013842590569877933,345,425
2021-09-30,-0.009185980328808407,-0.009224872275223143,-0.012222361496838752,-0.009123752824524857,3.889194641473574e-05,-0.00010111945069828619,341,427
2021-10-01,0.012124715887354219,0.012758624279103719,0.011884023150358747,0.01127302003497755,-0.0006339083917494999,0.0014856042441261687,365,427
2021-10-04,-0.010955523743814723,-0.01360431565553868,-0.01289603956304286,-0.014529040034227841,0.002648791911723956,0.0009247243786891617,365,421
2021-10-05,0.007690762154066938,0.008218138505398766,0.01040515175740131,0.008399297278891256,-0.0005273763513318278,-0.00018115877349248952,366,421
2021-10-06,0.0022578823211148874,0.001518823651358955,0.004155979449806058,0.0006669635782435642,0.0007390586697559325,0.0008518600731153908,364,423
2021-10-07,0.010587665241851951,0.010991041537724452,0.008645632382363377,0.011446123628546207,-0.00040337629587250054,-0.0004550820908217554,363,424
2021-10-08,-0.0033503358315451685,-0.0031010084560403376,-0.001823706804952363,-0.0041193614355025335,-0.00024932737550483093,0.001018352979462196,363,424
2021-10-11,-0.004830416697994121,-0.004656637936874324,-0.00723974738606703,-0.006076409511477222,-0.0001737787611197977,0.0014197715746028985,362,439
2021-10-12,0.0022519326161090916,0.0016342581315278394,-0.0024614980437046574,0.0018909262964471628,0.0006176744845812522,-0.00025666816491932347,361,445
2021-10-13,0.005923358114580417,0.0044706977056850955,0.0035975548365629884,0.004953772941782866,0.0014526604088953218,-0.00048307523609777015,358,445
2021-10-14,0.016106553699396325,0.015311530684461484,0.0168206797850734,0.014273861794219774,0.0007950230149348404,0.0010376688902417105,358,446
2021-10-15,0.005180775394253025,0.005062716777638813,0.007615765415283082,0.004940092660705601,0.00011805861661421183,0.00012262411693321224,356,443
2021-10-18,0.0039103848239873265,0.0036865030862755863,0.002960478869440175,0.003267960562491353,0.0002238817377117402,0.0004185425237842335,356,443
2021-10-19,0.007895010427204351,0.0077896973286865024,0.0077148736337029344,0.007053123300692438,0.0001053130985178485,0.0007365740279940648,358,452
2021-10-20,0.004466370709190376,0.004741801750417279,0.0039277514424875815,0.003941374595600682,-0.00027543104122690343,0.0008004271548165973,360,452
2021-10-21,0.003400035061907463,0.0020689457011715605,0.002608280419462483,0.0027179691083862386,0.0013310893607359027,-0.0006490234072146781,362,443
2021-10-22,-0.0016272356234703885,-0.001611267192782324,-0.0010362100192337076,-0.004114098492547516,-1.5968430688064524e-05,0.002502831299765192,358,444
2021-10-25,0.005829682589694578,0.0062671447063634015,0.005362629531892482,0.0065443413972944686,-0.0004374621166688235,-0.0002771966909310671,358,443
2021-10-26,-0.0022152617658108857,-0.0026920177848751745,0.000900105997204248,-0.003006799315967231,0.00047675601906428883,0.0003147815310920567,358,443
2021-10-27,-0.010896720721531226,-0.011304710012451218,-0.004430003286042594,-0.013076680350668436,0.0004079892909199922,0.0017719703382172176,358,431
2021-10-28,0.011236520251907262,0.01087987371810625,0.009648765305645624,0.014399666599769323,0.00035664653380101247,-0.003519792881663073,358,430
2021-10-29,-0.0005695612378490382,0.00040650667024891247,0.0020293185810902337,-0.0006015779609711763,-0.0009760679080979507,0.0010080846312200888,355,430
2021-11-01,0.009815854116991495,0.01112578374039929,0.0017199177099518348,0.011622522294724852,-0.0013099296234077955,-0.0004967385543255612,355,429
2021-11-02,2.7470810939096052e-06,-0.000962993203976017,0.004043108523118066,-0.00012134734386357837,0.0009657402850699266,-0.0008416458601124387,356,428
2021-11-03,0.005158197659467142,0.006903990749363518,0.006105265462986287,0.009337859430037631,-0.0017457930898963758,-0.002433868680674113,357,430
2021-11-04,0.0027326066841353125,0.0017007892830787836,0.0047124382658862984,0.0011709010562748218,0.001031817401056529,0.0005298882268039617,355,429
2021-11-05,0.005340311513794958,0.004188376246145839,0.0034698474498442433,0.002439409334119509,0.0011519352676491196,0.0017489669120263297,359,430
2021-11-08,0.0043911768667031295,0.005516844733820843,0.000853720295631355,0.0038426043960740823,-0.001125667867117714,0.0016742403377467611,358,431
2021-11-09,0.0035320564112998913,-0.0004976822707196851,-0.0033053703988856764,-0.0019112391899860075,0.004029738682019576,0.0014135569192663224,360,431
2021-11-10,-0.012721506855515066,-0.01212567363173513,-0.008044953669156585,-0.011901321112034482,-0.000595833223779936,-0.00022435251970064768,357,431
2021-11-11,0.0035608856475579085,0.003190474835492244,0.000323526863673429,0.0038539466672976976,0.00037041081206566455,-0.0006634718318054536,357,431
2021-11-12,0.00725303357090983,0.007038539084817393,0.007546917329563696,0.006565097482094413,0.0002144944860924371,0.0004734416027229798,347,431
2021-11-15,-0.0010245188067497593,-0.0013669389088209268,0.00034236706148149665,0.0002283998038372476,0.00034242010207116745,-0.0015953387126581744,347,431
2021-11-16,0.005403398523398369,0.0036089252762983234,0.0039576874992584,0.002788126072342193,0.0017944732471000457,0.0008207992039561303,347,430
2021-11-17,-0.007273461684072382,-0.008261526610213565,-0.002429065293088728,-0.006325091759215078,0.0009880649261411831,-0.0019364348509984877,345,434
2021-11-18,-0.004879495206393105,-0.004721550355478627,0.003396398451554594,-0.005207085168003883,-0.0001579448509144779,0.00048553481252525555,345,435
2021-11-19,-0.004556981652132503,-0.005077336577941617,-0.0017882396154951241,-0.006259326812519265,0.000520354925809114,0.001181990234577648,344,435
2021-11-22,-0.0064549558337416634,-0.005376823483511743,-0.0028152044700904266,-0.004559925423276952,-0.0010781323502299205,-0.000816898060234791,346,438
2021-11-23,2.694789232360387e-05,0.0004725800762787164,0.0013260915971096132,-0.0012357513847658125,-0.00044563218395511254,0.001708331461044529,346,437
2021-11-24,0.005078330391469784,0.004340291485375777,0.002669717453741338,0.0040333281588259004,0.000738038906094007,0.0003069633265498769,337,438
2021-11-26,-0.023366696635824597,-0.0244954529310279,-0.022303138748148377,-0.02239824879623554,0.0011287562952033044,-0.002097204134792363,339,438
2021-11-29,0.007225918420055185,0.0056779418579649445,0.012266512769196103,0.003888034570917887,0.0015479765620902402,0.0017899072870470574,344,438
2021-11-30,-0.02222096764057003,-0.021792925391170018,-0.01945754124834831,-0.01986695692235436,-0.00042804224940001107,-0.0019259684688156566,344,438
2021-12-01,-0.01833775346750315,-0.018601318871911274,-0.011107077941137078,-0.020229325263792088,0.00026356540440812537,0.0016280063918808138,344,438
2021-12-02,0.01991667396588048,0.02070350304144334,0.015316304047803264,0.019547703187035248,-0.0007868290755628608,0.001155799854408092,338,438
2021-12-03,-0.01240670449543251,-0.012785739324329748,-0.00870128328555797,-0.013766370666074943,0.0003790348288972376,0.0009806313417451955,334,437
2021-12-06,0.012034807358186286,0.015499579779774208,0.011843199259895298,0.015602915907210723,-0.003464772421587922,-0.00010333612743651521,335,437
2021-12-07,0.02211857848389924,0.021015043234209954,0.02068474258430708,0.02197159323360747,0.0011035352496892858,-0.0009565499993975171,337,435
2021-12-08,0.006651616431064568,0.006468543114823063,0.002648022831915675,0.007303765123759688,0.00018307331624150495,-0.0008352220089366249,335,437
2021-12-09,-0.013134806307621441,-0.011791805673086677,-0.006751567285927518,-0.013367777516266189,-0.0013430006345347637,0.0015759718431795113,332,438
2021-12-10,0.003292574923422323,0.0029979222978874414,0.009413483396057742,0.0018669199407090836,0.00029465262553488155,0.0011310023571783577,331,439
2021-12-13,-0.011172610852465978,-0.012412419816080475,-0.008858316154018109,-0.012029743053053576,0.0012398089636144975,-0.0003826767630268988,333,441
2021-12-14,-0.007675942666042799,-0.00626833042770487,-0.0068801329395368205,-0.006811162083742321,-0.0014076122383379292,0.0005428316560374515,330,428
2021-12-15,0.011761295902837123,0.01229177262131761,0.015625181544661748,0.012304395309343567,-0.0005304767184804871,-1.2622688025957715e-05,327,426
2021-12-16,-0.008297798512534024,-0.008461544296580942,-0.008818517993377961,-0.009450287042210525,0.00016374578404691753,0.0009887427456295832,329,426
2021-12-17,-0.0035789189454378816,-0.0027890835720581282,-0.010643018809218585,-0.001054790894202089,-0.0007898353733797533,-0.0017342926778560392,331,423
2021-12-20,-0.016003962181164184,-0.016819362042591705,-0.010633285457753883,-0.015922356779092515,0.000815399861427521,-0.0008970052634991905,325,423
2021-12-21,0.023078639721280447,0.02475931982412527,0.017759109362517345,0.022934624046012327,-0.0016806801028448233,0.0018246957781129433,321,422
2021-12-22,0.006990524129551726,0.007604489194636798,0.009998441199517982,0.007730287574992738,-0.000613965065085072,-0.0001257983803559402,325,422
2021-12-23,0.007997566716422242,0.007027495477705181,0.006222141577705731,0.007968008632577022,0.0009700712387170612,-0.0009405131548718415,323,423
2021-12-27,0.011572152108528109,0.010800624850515523,0.014152165854902199,0.009688831240116729,0.0007715272580125863,0.0011117936103987938,323,423
2021-12-28,-0.00397648204881844,-0.0033403992468547536,-0.0008171163599857145,-0.00339469716449286,-0.000636082801963686,5.4297917638106586e-05,320,423
2021-12-29,-0.0013890773326928189,-0.0011914398369219877,0.0012791094561779293,-0.0009640191799551723,-0.00019763749577083115,-0.00022742065696681546,316,423
2021-12-30,0.0034708274394201068,0.0030590590560099027,-0.0027643451433529975,0.0023661722266333693,0.00041176838341020405,0.0006928868293765334,315,423
2021-12-31,-0.0013452702130918796,-0.0019416929633781145,-0.002520379669829542,-0.002822214820540613,0.0005964227502862349,0.0008805218571624983,312,424
2022-01-03,0.00524586116163591,0.007983765985177837,0.0057902303502896935,0.00960718179446607,-0.0027379048235419276,-0.0016234158092882332,308,424
2022-01-04,-0.0006277745607574752,0.0007772134680665983,-0.00033507367911511654,-0.001054188636674844,-0.0014049880288240736,0.0018314021047414423,309,424
2022-01-05,-0.020650640405092888,-0.02103039363069009,-0.019202147042274742,-0.02131148551705988,0.0003797532255972007,0.00028109188636979074,304,416
2022-01-06,0.003692883942780615,0.003515792386946778,-0.000939512773701523,0.0033144383776569945,0.00017709155583383717,0.0002013540092897833,302,415
2022-01-07,-0.0032512473562504923,-0.0026658839767881542,-0.003953499925825832,-0.0018822421389957608,-0.0005853633794623381,-0.0007836418377923935,305,415
2022-01-10,-0.004053705045583454,-0.0035594370763409005,-0.0012443052473238847,-0.0026752807093231887,-0.0004942679692425535,-0.0008841563670177119,305,413
2022-01-11,0.014363624797159075,0.013472434874335831,0.009108358064883415,0.013591111197263287,0.0008911899228232437,-0.00011867632292745546,304,413
2022-01-12,2.860592946258565e-05,-0.00014340766431479666,0.0027034481803913657,-0.0012436736662776722,0.00017201359377738232,0.0011002660019628755,305,405
2022-01-13,-0.013619569590697005,-0.01318394754476578,-0.01377845202851502,-0.012741822121256822,-0.0004356220459312242,-0.0004421254235089586,304,404
2022-01-14,-0.0018519657976114093,-0.002072212699630059,0.00040869519143060806,-0.0007970715345007565,0.00022024690201864977,-0.0012751411651293026,304,402
2022-01-18,-0.017852618619282636,-0.019289666545040843,-0.017709443305951145,-0.021067149874497093,0.0014370479257582065,0.0017774833294562503,302,401
2022-01-19,-0.010309327098973182,-0.011337049508070775,-0.01038366119162637,-0.010329157155816487,0.0010277224090975926,-0.001007892352254288,309,400
2022-01-20,-0.010750744360581684,-0.012497522504273297,-0.01106797458159603,-0.012837145260349507,0.0017467781436916133,0.0003396227560762098,306,404
2022-01-21,-0.020903335135415136,-0.021916175529898992,-0.019630653154967703,-0.022602611526205383,0.0010128403944838563,0.0006864359963063907,308,404
2022-01-24,0.00445643226627641,0.00463475360710293,0.004246729450409825,0.005665004864529562,-0.0001783213408265193,-0.0010302512574266324,309,404
2022-01-25,-0.01014443641548559,-0.011807456523059381,-0.012208991547706494,-0.01378439553648386,0.0016630201075737913,0.001976939013424479,312,385
2022-01-26,-0.006014894867020509,-0.005401063074528953,-0.0025087534713976734,-0.00719890923621269,-0.0006138317924915563,0.0017978461616837372,311,385
2022-01-27,-0.008692092329216892,-0.011523515117517895,-0.004937920562027243,-0.012166606956911762,0.0028314227883010027,0.0006430918393938671,309,384
2022-01-28,0.022098775689464084,0.022772953566207958,0.024835345473858128,0.019672390737900215,-0.0006741778767438734,0.003100562828307743,309,384
2022-01-31,0.02537992526364165,0.029553283389886692,0.018010933409728702,0.029627207473577704,-0.004173358126245041,-7.392408369101197e-05,308,385
2022-02-01,0.010608214070690231,0.0121659989622324,0.006757108821756175,0.012702825012427988,-0.0015577848915421695,-0.0005368260501955879,306,385
2022-02-02,-0.0019764430369415597,-0.0021663200474344637,0.009713957848301202,-0.004589917463164018,0.00018987701049290404,0.0024235974157295545,305,383
2022-02-03,-0.02065574680221937,-0.02284706607581536,-0.023504948279203464,-0.02622015721672849,0.00219131927359599,0.00337309114091313,306,380
2022-02-04,0.0065360911237634595,0.005080688191579629,0.00470227503533005,0.009570556473301604,0.0014554029321838307,-0.004489868281721975,305,381
2022-02-07,-0.00014508803720557969,0.0003668581713881874,-0.0032092597811300694,-3.340589988280038e-05,-0.0005119462085937671,0.0004002640712709878,308,383
2022-02-08,0.008852962771693312,0.01198205347356406,0.008227669258135117,0.010698633760836075,-0.0031290907018707483,0.0012834197127279852,307,385
2022-02-09,0.019074787324917308,0.019876984677981886,0.014636356576777976,0.019899444363599084,-0.0008021973530645786,-2.245968561719741e-05,307,379
2022-02-10,-0.019008702974985157,-0.018039670457426934,-0.017965742909226257,-0.016280388614831196,-0.0009690325175582236,-0.0017592818425957377,308,379
2022-02-11,-0.01462545651118485,-0.01716289826682377,-0.01971852796864637,-0.0177216340054062,0.002537441755638921,0.000558735738582429,309,377
2022-02-14,-0.005482579368944069,-0.005284768770802194,-0.0032695187486315724,-0.00512018870367743,-0.0001978105981418751,-0.0001645800671247642,311,377
2022-02-15,0.018140936856394046,0.022388691549649547,0.016126895234763294,0.0221417226913532,-0.004247754693255501,0.0002469688582963474,310,374
2022-02-16,-0.0013563566533990904,-0.00210528173426614,0.0011207642625397085,-0.004226600362274617,0.0007489250808670497,0.002121318628008477,311,370
2022-02-17,-0.021122245047992448,-0.02293943335278198,-0.021361395550894113,-0.022078839088885506,0.0018171883047895313,-0.0008605942638964734,313,370
2022-02-18,-0.00821049737946867,-0.009596832799323987,-0.00647504439420421,-0.010281620277744789,0.0013863354198553161,0.0006847874784208022,321,371
2022-02-22,-0.014570697327740249,-0.014634814274673216,-0.010731610377271994,-0.015103845727072133,6.411694693296728e-05,0.0004690314523989169,320,372
2022-02-23,-0.016676772021165263,-0.01862348642446685,-0.017738807638162823,-0.018845508954252,0.0019467144033015853,0.00022202252978515205,322,377
2022-02-24,0.014907217393479392,0.017029275733368782,0.015049373327422622,0.018141980217776313,-0.0021220583398893905,-0.0011127044844075305,323,376
2022-02-25,0.025644823599491346,0.024463957360551458,0.022063894195337497,0.025025303431421536,0.0011808662389398879,-0.0005613460708700779,340,375
2022-02-28,0.0038382935672075526,0.003208316046440737,-0.002558438159106946,0.0033492357407443733,0.0006299775207668158,-0.00014091969430363649,339,375
2022-03-01,-0.015206850417993677,-0.018104700643911942,-0.015230495961418011,-0.017685078988946067,0.0028978502259182654,-0.00041962165496587517,337,358
2022-03-02,0.01590789767666028,0.016229838435794345,0.018396410431418042,0.016775480939213928,-0.00032194075913406436,-0.0005456425034195828,337,359
2022-03-03,-0.008754102652985696,-0.01119935549419677,-0.004978392956309419,-0.012058422535896566,0.002445252841211073,0.0008590670416997962,336,358
2022-03-04,-0.012009190142608744,-0.0158875350312925,-0.0081247399360862,-0.015334882019848735,0.0038783448886837574,-0.0005526530114437662,335,359
2022-03-07,-0.029214686331346027,-0.031697085309039426,-0.029479126635346797,-0.03238954063502483,0.0024823989776933987,0.0006924553259854069,330,359
2022-03-08,-0.0009261264482251368,0.0003882212708993716,-0.007581639133915408,0.0002020808983594689,-0.0013143477191245084,0.00018614037253990268,328,361
2022-03-09,0.02585186045221252,0.02880786306347974,0.02681071238060606,0.030149510038806226,-0.0029560026112672166,-0.0013416469753264881,332,373
2022-03-10,-0.005325510452645531,-0.005723340399527557,-0.004515537479273024,-0.007975962980589191,0.0003978299468820265,0.002252622581061634,332,373
2022-03-11,-0.016229607504624603,-0.017302535447037894,-0.012715115733925031,-0.017712980027246934,0.001072927942413291,0.00041044458020903993,332,371
2022-03-14,-0.011930943313257569,-0.013424591968144632,-0.0073083142640151255,-0.013051187212013227,0.0014936486548870632,-0.0003734047561314048,332,371
2022-03-15,0.019824532353621648,0.022043660698576585,0.02199052920551492,0.02186787140932704,-0.002219128344954937,0.00017578928924954357,331,369
2022-03-16,0.027547149149196173,0.031158395523093053,0.02217393981281801,0.034423272819681106,-0.0036112463738968807,-0.003264877296588052,330,369
2022-03-17,0.015765956533098226,0.017128741086703335,0.012511102585652356,0.016369153600056075,-0.0013627845536051085,0.0007595874866472598,329,369
2022-03-18,0.01241796874656924,0.014813208188453534,0.010952717136780477,0.016223704493705485,-0.0023952394418842934,-0.0014104963052519511,328,369
2022-03-21,-0.002734197609846289,-0.004161333219028136,-0.0002923294544930899,-0.0053331870053285385,0.0014271356091818464,0.0011718537863004029,327,369
2022-03-22,0.012437328434316941,0.01347724210545365,0.011701265575344122,0.014025996146960032,-0.0010399136711367087,-0.0005487540415063819,326,373
2022-03-23,-0.011125083498293494,-0.011731655106759949,-0.0128782931472603,-0.013231861013097998,0.0006065716084664545,0.001500205906338049,326,370
2022-03-24,0.013880627364619256,0.014758661401544367,0.01507438740375866,0.0143984227921797,-0.0008780340369251103,0.00036023860936466694,326,370
2022-03-25,0.003402052257849894,0.0016014223122952235,0.0048834514952409425,2.3412087212981458e-05,0.0018006299455546704,0.001578010225082242,323,371
2022-03-28,0.004018749785975632,0.004571049104940547,0.007113043481996595,0.00657255148645607,-0.0005522993189649153,-0.002001502381515523,318,326
2022-03-29,0.016824666939785824,0.017910551514830658,0.012371018360407549,0.019019153019881645,-0.0010858845750448334,-0.0011086015050509879,317,326
2022-03-30,-0.008614928161442855,-0.00840280037045526,-0.006174919029112047,-0.009617353589419246,-0.00021212779098759432,0.001214553218963986,320,326
2022-03-31,-0.016157391110114938,-0.016016049698725356,-0.015391143663723517,-0.016364247588841845,-0.0001413414113895818,0.00034819789011648894,336,323
2022-04-01,0.005793956653075435,0.006540227491426684,0.0028339322315060755,0.006272920162715042,-0.0007462708383512489,0.0002673073287116417,311,323
2022-04-04,0.00828955732077125,0.009496718899005302,0.008566584580548486,0.010745405243325231,-0.0012071615782340527,-0.001248686344319929,308,322
2022-04-05,-0.01524246430549344,-0.015085001593011418,-0.012631244025331445,-0.017886512936695614,-0.00015746271248202187,0.0028015113436841953,308,336
2022-04-06,-0.00890448359801028,-0.00941241282834179,-0.00999933739720138,-0.012510944113834885,0.0005079292303315098,0.003098531285493096,308,336
2022-04-07,0.0019025210908537316,0.0015541541691979765,0.00503887901601674,0.0016749986542840592,0.0003483669216557551,-0.00012084448508608279,308,339
2022-04-08,-0.0016186317331733857,-0.001958068579765104,-0.0026737985295444133,-0.003961218222388274,0.0003394368465917182,0.0020031496426231705,309,337
2022-04-11,-0.010539278524904312,-0.010294373781908025,-0.017092530908356718,-0.01166158788549808,-0.00024490474299628667,0.0013672141035900552,309,306
2022-04-12,-0.0027252934747591362,-0.003629206034162408,-0.0037051110063370807,-0.004897853391221777,0.0009039125594032717,0.001268647357059369,315,315
2022-04-13,0.011874560084888436,0.012721898662612335,0.011453672102416768,0.012980037836725892,-0.0008473385777238995,-0.00025813917411355615,315,316
2022-04-14,-0.00960015143090953,-0.010653369937182031,-0.01245180563575099,-0.012762481661994687,0.0010532185062725012,0.0021091117248126564,314,311
2022-04-18,-0.00265108261112173,-0.003145960450287887,0.00041106584516681366,-0.003730790228682945,0.000494877839166157,0.0005848297783950579,315,309
2022-04-19,0.015682456151876963,0.017267011571992064,0.016142728663554706,0.018367713943135567,-0.0015845554201151003,-0.0011007023711435034,313,309
2022-04-20,-0.0027721406262402708,-0.005002107628545897,-0.0007415136886514961,-0.006565346572415955,0.0022299670023056264,0.0015632389438700574,313,299
2022-04-21,-0.0177853663426129,-0.01803874811309105,-0.014953379200722594,-0.019827946413273366,0.00025338177047815047,0.0017891983001823153,310,299
2022-04-22,-0.026568663705255607,-0.025601769737468548,-0.02743926532059504,-0.02451255896123863,-0.0009668939677870587,-0.0010892107762299173,306,299
2022-04-25,0.0014046026125996995,0.003390813259865584,0.0057974637722231215,0.005660621311407183,-0.0019862106472658845,-0.0022698080515415994,307,299
2022-04-26,-0.025984497072764876,-0.02692277945176208,-0.028960703029004775,-0.029542806785166898,0.0009382823789972038,0.002620027333404818,308,299
2022-04-27,0.0027144876011325455,0.0015612158399056061,0.0028116745175541524,-0.0006557495719908786,0.0011532717612269393,0.002216965411896485,308,299
2022-04-28,0.02184347763942276,0.02115853975995922,0.02525944428787552,0.02394046631420496,0.0006849378794635402,-0.00278192655424574,309,299
2022-04-29,-0.03001062495274632,-0.030801734494798734,-0.03695576209823326,-0.030843347379408335,0.000791109542052415,4.161288460960075e-05,309,298
2022-05-02,0.00668085605832083,0.008004337958315849,0.0060196541542922866,0.009574505502792815,-0.001323481899995019,-0.001570167544476966,310,298
2022-05-03,0.008218873193826326,0.006818070970776442,0.004583876812543464,0.003973664709790487,0.0014008022230498846,0.002844406260985955,310,298
2022-05-04,0.029224309399064875,0.030142895105170788,0.030452926888469456,0.030198954784499844,-0.0009185857061059129,-5.605967932905548e-05,309,298
2022-05-05,-0.033529545049535224,-0.03506970719148677,-0.03554259459777165,-0.03916228274209607,0.0015401621419515454,0.004092575550609302,308,295
2022-05-06,-0.008851035131833955,-0.009649826928738022,-0.005968962148791945,-0.011727167912840302,0.0007987917969040671,0.0020773409841022793,311,296
2022-05-09,-0.036821492543308354,-0.03620328105898191,-0.032017350522893895,-0.03651676698086427,-0.0006182114843264405,0.0003134859218823574,310,296
2022-05-10,-0.003244866371979129,-0.0023432568293734533,0.002310642918645467,-0.0017006994422655638,-0.0009016095426056755,-0.0006425573871078896,309,296
2022-05-11,-0.016439407028363988,-0.01725635991079059,-0.015886328031122443,-0.020565848587286596,0.0008169528824266033,0.0033094886764960044,306,290
2022-05-12,0.004188101133430769,0.005411019227439627,-0.0010439214539269548,0.007237473344586587,-0.001222918094008858,-0.0018264541171469605,308,290
2022-05-13,0.031754516525463704,0.0320879749897508,0.023907972818938417,0.03392938274942943,-0.00033345846428709663,-0.0018414077596786288,308,290
2022-05-16,-0.003491814689250862,-0.0047454110054472014,-0.004057675489078982,-0.005928746604296257,0.0012535963161963396,0.0011833355988490552,308,290
2022-05-17,0.023571380786672782,0.023370023952887137,0.020570497583296543,0.024724184535225537,0.00020135683378564445,-0.0013541605823383998,308,290
2022-05-18,-0.03576993501289167,-0.036306612376890965,-0.04031160339463624,-0.03758631661696133,0.0005366773639992953,0.001279704240070366,306,296
2022-05-19,0.00021942750255192847,0.0008118741440938745,-0.006124727084282022,0.0025704656183312283,-0.000592446641541946,-0.0017585914742373537,305,288
2022-05-20,0.0007266377804803997,0.0009634877283284628,0.00043652636207247575,6.792418153908613e-05,-0.00023684994784806308,0.0008955635467893767,305,288
2022-05-23,0.01520402065708469,0.014725506841898158,0.01871028261920671,0.013587578055552416,0.0004785138151865327,0.0011379287863457418,305,294
2022-05-24,-0.009501345145652516,-0.013373097532435152,-0.0076340921013691165,-0.01661665968455996,0.0038717523867826363,0.0032435621521248077,300,299
2022-05-25,0.014616607162340993,0.01660495434518159,0.008835267270414615,0.015032166324127159,-0.0019883471828405965,0.001572788021054431,300,298
2022-05-26,0.02020541721983173,0.021528223884485043,0.019981080558369113,0.022797247335064587,-0.0013228066646533143,-0.0012690234505795435,299,295
2022-05-27,0.022787947272256474,0.02328722918996642,0.024549391081565286,0.026718485831925345,-0.000499281917709947,-0.003431256641958924,297,294
2022-05-31,-0.007716526698850351,-0.008635404466227396,-0.005610995002448993,-0.00826315829276419,0.000918877767377045,-0.00037224617346320703,291,293
2022-06-01,-0.008326177701408468,-0.008276755383765582,-0.008088691209807486,-0.011656332358631071,-4.942231764288631e-05,0.003379576974865489,291,293
2022-06-02,0.02092555194985208,0.022298211237953416,0.01904355895288079,0.025294489317916835,-0.0013726592881013362,-0.0029962780799634194,291,293
2022-06-03,-0.012278990116733902,-0.013659214168107798,-0.01641168077594546,-0.01734745754183875,0.0013802240513738958,0.003688243373730953,291,292
2022-06-06,0.003896293444765822,0.004401412628972135,0.003045085551839577,0.004107713356186866,-0.000505119184206313,0.0002936992727852689,291,292
2022-06-07,0.011498536138297773,0.011264485396589275,0.00959208678815604,0.010537201653789042,0.00023405074170849798,0.0007272837428002332,292,292
2022-06-08,-0.010622499760953263,-0.010423748829897534,-0.010872065218357374,-0.0087451168911165,-0.00019875093105572832,-0.0016786319387810337,291,290
2022-06-09,-0.0240213889318241,-0.02575522888607308,-0.02378305801474878,-0.026318002060750332,0.0017338399542489794,0.0005627731746772509,290,290
2022-06-10,-0.026177455417904182,-0.027923498061919752,-0.028995610706546215,-0.029816479477287577,0.0017460426440155698,0.0018929814153678254,290,290
2022-06-13,-0.04228103544725965,-0.04266619075460037,-0.03796828169699462,-0.04407820535675725,0.00038515530734072045,0.001412014602156883,289,293
2022-06-14,-0.005126489848869665,-0.005492016370884719,-0.003013172386479246,-0.004128298019855674,0.00036552652201505414,-0.0013637183510290451,286,287
2022-06-15,0.013959152578668876,0.015688562523228138,0.014256123149460898,0.018729666214421126,-0.0017294099445592619,-0.003041103691192988,286,286
2022-06-16,-0.035735756696488624,-0.03669081235264338,-0.03309585266904391,-0.034805439417073085,0.0009550556561547588,-0.001885372935570298,286,282
2022-06-17,0.0001645189947277703,-0.0003746943502973285,0.0021557523801238876,0.004593807752317529,0.0005392133450250987,-0.004968502102614857,294,282
2022-06-21,0.02419722709967527,0.02377532543662768,0.025173560188571198,0.020739835838138695,0.00042190166304759136,0.003035489598488983,291,284
2022-06-22,-0.005174893996970515,-0.0051655884223836,-0.001813042686614308,-0.001559607950007435,-9.305574586914757e-06,-0.003605980472376165,302,284
2022-06-23,0.005164447890509823,0.006577289266336632,0.00980260990296955,0.013652795726874674,-0.0014128413758268087,-0.007075506460538042,302,284
2022-06-24,0.03105245917784866,0.03201278040874352,0.031794116966625596,0.03252699253177744,-0.0009603212308948623,-0.0005142121230339164,298,284
2022-06-27,0.001189085647207378,-0.0002562004443154797,-0.0038197392827508114,-0.0035259817805605395,0.0014452860915228577,0.00326978133624506,297,282
2022-06-28,-0.015135173288763449,-0.016036628408105786,-0.020432947461267448,-0.019331990273736693,0.000901455119342337,0.0032953618656309074,296,282
2022-06-29,-0.006809519000393147,-0.006664045593458797,-0.0008142956537605661,-0.00406268058212247,-0.00014547340693435006,-0.0026013650113363273,299,282
2022-06-30,-0.009828405726864404,-0.01000117779240891,-0.008124560126496871,-0.009697023469631779,0.00017277206554450544,-0.0003041543227771306,298,282
2022-07-01,0.009860040736389922,0.01000600051381903,0.010576536204069953,0.011066028362630497,-0.00014595977742910826,-0.0010600278488114671,299,282
2022-07-05,-0.003210376071673804,-0.0024306657180675965,0.001888758546968905,0.004303465829173018,-0.0007797103536062075,-0.006734131547240615,298,281
2022-07-06,-0.004322316807703846,-0.003414011842498529,0.0033774877412708904,-0.0014318994940774592,-0.0009083049652053171,-0.00198211234842107,299,282
2022-07-07,0.019781695065815435,0.019929086040272086,0.014977005094147344,0.019486015001964587,-0.0001473909744566515,0.0004430710383074993,297,283
2022-07-08,-0.001262114810126971,-0.0018122051417452506,-0.000822640459324564,-0.0025959834484323868,0.0005500903316182795,0.0007837783066871361,297,284
2022-07-11,-0.01324896946969652,-0.014602508619504852,-0.011423648010942311,-0.016529175794738907,0.0013535391498083315,0.0019266671752340547,297,284
2022-07-12,-0.006294217423281659,-0.006041233231175045,-0.008848679640418244,-0.004398233362577153,-0.00025298419210661397,-0.0016429998685978924,294,286
2022-07-13,-0.0019700878285318067,-0.0027834236288009186,-0.005251859329052588,-0.004194988368272971,0.0008133358002691119,0.0014115647394720527,294,286
2022-07-14,-0.008408430951259137,-0.009952266784921728,-0.002428638975621622,-0.010510081916096368,0.0015438358336625907,0.0005578151311746403,290,286
2022-07-15,0.020155539573307076,0.020967135253257187,0.01910517097329878,0.02164434142044694,-0.0008115956799501119,-0.0006772061671897513,289,276
2022-07-18,-0.0014475093690655052,-0.0005853930182870861,-0.008256814769599607,-0.0023205006568759526,-0.0008621163507784191,0.0017351076385888665,297,276
2022-07-19,0.028730003395989048,0.0286683997615358,0.027019086447337193,0.03009497956889998,6.160363445324724e-05,-0.0014265798073641797,295,277
2022-07-20,0.008062704716393825,0.00931609287307161,0.006373063120722611,0.010616382630261883,-0.0012533881566777847,-0.0013002897571902736,294,277
2022-07-21,0.0062468698611319205,0.006837892638209806,0.010183341848065686,0.008926446916499606,-0.0005910227770778856,-0.0020885542782898003,317,277
2022-07-22,-0.00972025343699586,-0.013347054733121148,-0.009278181229155913,-0.013947203569504275,0.003626801296125288,0.0006001488363831277,317,270
2022-07-25,0.005609426506816387,0.005591976184047972,0.001215031592536775,0.0024991449387443496,1.7450322768414878e-05,0.0030928312453036228,320,271
2022-07-26,-0.010498042836417218,-0.010636977867639494,-0.01183108009925482,-0.012614666886061093,0.00013893503122227625,0.001977689018421599,319,275
2022-07-27,0.024830726090699064,0.02545790099303118,0.025966263697802416,0.024764329837860928,-0.0006271749023321165,0.0006935711551702521,318,271
2022-07-28,0.01090871920552535,0.012461534951564959,0.012542557895073969,0.01148229397413134,-0.0015528157460396094,0.0009792409774336194,327,271
2022-07-29,0.0097135141894191,0.010504261371945682,0.014578677824310438,0.009408647889964724,-0.000790747182526582,0.0010956134819809574,329,271
2022-08-01,-0.0006544907951348541,-0.0007182182315781879,-0.0029614670087921846,0.0008326064556998313,6.37274364433338e-05,-0.0015508246872780193,326,290
2022-08-02,-0.0069078975356779565,-0.005433110279504175,-0.0065970582890217955,-0.0042708602648953015,-0.0014747872561737818,-0.0011622500146088732,328,289
2022-08-03,0.011429963385642145,0.00948661752477171,0.015659238122400554,0.014027653607957428,0.0019433458608704348,-0.004541036083185719,329,290
2022-08-04,-0.003151662959416201,-0.0024752147931322325,-0.0006753876002948411,0.0004056821366541013,-0.0006764481662839684,-0.002880896929786334,331,290
2022-08-05,0.000782810806591904,0.0005729369195190574,-0.0016901945804366214,-0.0003357769196476947,0.00020987388707284667,0.0009087138391667522,331,286
2022-08-08,0.0014937750500975126,0.001969093547429965,-0.0011607855405977308,0.0012072995451360953,-0.0004753184973324523,0.0007617940022938696,331,285
2022-08-09,-0.005444864309997612,-0.00664560411797994,-0.00397107565862298,-0.00896001793706843,0.001200739807982328,0.00231441381908849,330,282
2022-08-10,0.02231130846577015,0.023129397221082412,0.021003939753948542,0.024938676575345892,-0.0008180887553122622,-0.00180927935426348,330,277
2022-08-11,0.003133984976090081,0.004096336128744013,0.0,0.0017419228003060165,-0.0009623511526539318,0.002354413328437996,330,277
2022-08-12,0.016057683235295273,0.015623064749918427,0.01692900216250126,0.01550254516849026,0.0004346184853768458,0.00012051958142816725,331,315
2022-08-15,0.0002754160599609382,0.0013379088917976588,0.004120838742911914,0.0024705900524162544,-0.0010624928318367205,-0.0011326811606185956,329,315
2022-08-16,0.004654733568189551,0.003935395416402795,0.001958683937783201,0.002710567656803327,0.0007193381517867567,0.0012248277595994675,326,315
2022-08-17,-0.01021586491535214,-0.01110476750319148,-0.007097925489282675,-0.012349911733538842,0.0008889025878393401,0.0012451442303473628,324,313
2022-08-18,0.004849564376883768,0.004727821344980375,0.002906306268551706,0.00264361030448556,0.0001217430319033928,0.0020842110404948153,323,311
2022-08-19,-0.013982123295155508,-0.013320535438850218,-0.013438051390905148,-0.016931366815257972,-0.0006615878563052905,0.003610831376407754,322,312
2022-08-22,-0.019535249414061297,-0.01999705974541378,-0.020822585197864063,-0.022718651103362235,0.00046181033135248364,0.0027215913579484545,314,310
2022-08-23,0.0013045517570066652,0.0007804205749604991,-0.00241914207163918,-0.00013258599504069852,0.0005241311820461661,0.0009130065700011977,314,309
2022-08-24,0.005110664927234043,0.004223871672097971,0.0032012804808847495,0.006307535092691958,0.0008867932551360723,-0.002083663420593987,312,307
2022-08-25,0.013918726657639758,0.013752033238168775,0.01411742566775298,0.015686994376752594,0.000166693419470983,-0.0019349611385838187,310,307
2022-08-26,-0.030685753315313046,-0.03075571868067041,-0.03384912133503004,-0.033056379555513604,6.996536535736411e-05,0.002300660874843194,300,307
2022-08-29,-0.0059834585010877985,-0.005563476829301372,-0.0066120319616050915,-0.004653434673598157,-0.00041998167178642666,-0.0009100421557032149,300,307
2022-08-30,-0.012833570139906304,-0.01143713678440414,-0.010978028392464423,-0.011577199550033255,-0.001396433355502165,0.0001400627656291155,300,307
2022-08-31,-0.008310613198243028,-0.006802223463908597,-0.007608972625788524,-0.006235516386788762,-0.0015083897343344307,-0.0005667070771198353,301,311
2022-09-01,-0.0031133441522876765,-0.0020128722038425004,0.0031378308173355407,-0.0032012150179141483,-0.0011004719484451761,0.001188342814071648,301,311
2022-09-02,-0.006242048680699872,-0.0075991538899499965,-0.010544443736140718,-0.009453106500497467,0.0013571052092501241,0.001853952610547471,303,312
2022-09-06,-0.005795307400540994,-0.005614172442452075,-0.0037731980257955655,-0.006090259146955382,-0.0001811349580889193,0.00047608670450330695,299,311
2022-09-07,0.014663095540253258,0.01692791202784192,0.017964989286800348,0.018945727408127812,-0.0022648164875886615,-0.0020178153802858922,299,313
2022-09-08,0.009060674061174953,0.008307591321679565,0.006536224528914891,0.008290493890780187,0.0007530827394953889,1.7097430899377583e-05,293,302
2022-09-09,0.017936076683384542,0.015706903667537547,0.015535206621802855,0.017873177218701283,0.002229173015846995,-0.002166273551163736,291,302
2022-09-12,0.008669286823992104,0.008740256038771559,0.010747731020891882,0.011446781172598945,-7.096921477945523e-05,-0.0027065251338273862,295,307
2022-09-13,-0.03908849724817371,-0.03917547915640456,-0.043482604021301,-0.04114425982851843,8.69819082308515e-05,0.001968780672113868,297,310
2022-09-14,0.003767462763325241,0.0028884129288929013,0.003816093207255511,0.0010835403738472813,0.0008790498344323399,0.00180487255504562,297,311
2022-09-15,-0.009585995435503107,-0.009252590250464944,-0.011353394060561683,-0.007158983575833258,-0.00033340518503816377,-0.002093606674631686,298,311
2022-09-16,-0.010804894533370454,-0.01070820258937836,-0.007628852026330346,-0.011732679157212992,-9.6691943992094e-05,0.0010244765678346316,299,311
2022-09-19,0.0071678551366878345,0.007144998270569583,0.007754941061397513,0.006651655478710901,2.285686611825169e-05,0.0004933427918586818,299,306
2022-09-20,-0.014642334024579288,-0.0150207109356541,-0.01147837282674169,-0.016838193179951118,0.00037837691107481253,0.0018174822442970171,299,308
2022-09-21,-0.016950378631775998,-0.016610327945814515,-0.017443927751594424,-0.015834801546667353,-0.0003400506859614835,-0.0007755263991471618,299,306
2022-09-22,-0.013520680698801798,-0.013311642217605698,-0.008399774913559144,-0.014417060798255213,-0.00020903848119610026,0.001105418580649515,300,307
2022-09-23,-0.023903305168471514,-0.02303837886528919,-0.016755044365785343,-0.021023726071148944,-0.000864926303182325,-0.0020146527941402453,301,307
2022-09-26,-0.015343707160601282,-0.015496949131193921,-0.009892579822617376,-0.015343002915104268,0.0001532419705926394,-0.0001539462160896534,301,306
2022-09-27,0.0009043028908837483,0.0004205249200231705,-0.002552688629688049,-0.001163905124892415,0.0004837779708605778,0.0015844300449155855,301,306
2022-09-28,0.026826327442194677,0.026028558609881743,0.01967636501913117,0.02659487871794505,0.0007977688323129346,-0.0005663201080633069,301,307
2022-09-29,-0.019307362441483327,-0.020032637162358716,-0.020888995683493228,-0.020770343073046274,0.0007252747208753886,0.0007377059106875583,300,307
2022-09-30,-0.011623930952558544,-0.011808978918663414,-0.015463759968849189,-0.01100110558420737,0.0001850479661048704,-0.0008078733344560433,287,307
2022-10-03,0.028358658703088145,0.028141623529144295,0.026401451699190837,0.027686424085694945,0.00021703517394384975,0.00045519944344935004,289,307
2022-10-04,0.03516789252181564,0.03545058677625258,0.03098664627484715,0.03597926968119521,-0.00028269425443694374,-0.0005286829049426303,289,307
2022-10-05,-0.0021926644115741003,-0.0022122657041335463,-0.0023281125909502265,-0.004794348696459675,1.960129255944602e-05,0.0025820829923261287,288,297
2022-10-06,-0.009329067772376139,-0.009926793012348374,-0.010315860965463997,-0.009176012665232132,0.0005977252399722351,-0.0007507803471162415,290,297
2022-10-07,-0.025025915601300377,-0.02524926117378486,-0.027893940086861413,-0.026559577166795845,0.00022334557248448322,0.0013103159930109853,299,296
2022-10-10,-0.00861822225987958,-0.008800044909315746,-0.007635486201646446,-0.00743567022099783,0.0001818226494361662,-0.0013643746883179155,301,296
2022-10-11,-0.0053896442658923245,-0.005159875568863742,-0.006332821259238064,-0.00596284498564497,-0.0002297686970285824,0.0008029694167812282,301,296
2022-10-12,-0.001774945457494621,-0.001749291935439128,-0.0032984963054540906,-0.0024471486760679236,-2.565352205549285e-05,0.0006978567406287954,295,283
2022-10-13,0.02427556330179838,0.024683670725940365,0.0263911936024277,0.023603637592322764,-0.00040810742414198325,0.0010800331336176007,307,286
2022-10-14,-0.02439864870998803,-0.024729467053040997,-0.022788833732318436,-0.02321873465420706,0.00033081834305296806,-0.0015107323988339354,308,289
2022-10-17,0.02655188448374954,0.025230390446311604,0.025697034233053362,0.026729113974893807,0.0013214940374379376,-0.0014987235285822027,308,288
2022-10-18,0.012191290433861897,0.01273771514575582,0.011749484070682215,0.01216459197972285,-0.0005464247118939242,0.0005731231660329704,309,288
2022-10-19,-0.009415626617471484,-0.009699493054006613,-0.007086386132740041,-0.011866632468700563,0.0002838664365351299,0.0021671394146939495,304,291
2022-10-20,-0.006029850029865504,-0.005791556835292789,-0.008385404114531592,-0.006939952078735897,-0.00023829319457271524,0.0011483952434431085,305,292
2022-10-21,0.022748538759827953,0.02308078319845528,0.024301522437299994,0.020019000692810086,-0.0003322444386273278,0.003061782505645195,303,292
2022-10-24,0.007602944766239573,0.007607449935079609,0.012236256120747191,0.006433105330865669,-4.505168840035836e-06,0.00117434460421394,304,292
2022-10-25,0.020876642443316776,0.02078537558616523,0.015968954406811564,0.02588624139503761,9.126685715154723e-05,-0.005100865808872382,302,292
2022-10-26,-0.0023955316466536514,-0.0005243423283342011,-0.007534357532102964,0.0018985818432520486,-0.0018711893183194503,-0.0024229241715862495,303,294
2022-10-27,-0.0052072376810509,-0.0037825804944930067,-0.00533978409653868,-0.0020302137737598087,-0.001424657186557893,-0.001752366720733198,302,294
2022-10-28,0.02011286501487377,0.01953208923140457,0.023790614106239172,0.02012592306106214,0.0005807757834691979,-0.0005938338296575668,302,294
2022-10-31,-0.005634970169720604,-0.005635392374914493,-0.007223358386977963,-0.003870145125124847,4.2220519388871253e-07,-0.0017652472497896462,301,294
2022-11-01,0.001008127582004661,0.0018293390247172154,-0.0043757855886700225,0.0004919409954807369,-0.0008212114427125544,0.0013373980292364785,301,294
2022-11-02,-0.02762086069866803,-0.027437421139683626,-0.025096101819153338,-0.027102409249031557,-0.00018343955898440442,-0.0003350118906520691,302,294
2022-11-03,-0.0075046811799793795,-0.0066827757867563035,-0.010297040195780371,-0.007275583257568431,-0.000821905393223076,0.0005928074708121279,303,293
2022-11-04,0.018517461937371176,0.018421952486192248,0.01439316185114281,0.015623394953083543,9.550945117892812e-05,0.002798557533108705,300,291
2022-11-07,0.009481710928013469,0.010693638447443794,0.00956545058421332,0.010036651064418003,-0.001211927519430325,0.0006569873830257911,299,290
2022-11-08,0.00819576414809222,0.0075970789812278665,0.005395523238437283,0.006697420268420894,0.0005986851668643538,0.0008996587128069725,299,290
2022-11-09,-0.024220457103929782,-0.02450156852036946,-0.02060188186634382,-0.02290461582821624,0.00028111141643967844,-0.0015969526921532223,304,290
2022-11-10,0.056408067580997895,0.05598348908670597,0.05495391518992876,0.062003392475842495,0.00042457849429192174,-0.006019903389136522,303,290
2022-11-11,0.011527765360934002,0.012524477309934457,0.009678326452895236,0.016788848580417067,-0.0009967119490004554,-0.00426437127048261,302,291
2022-11-14,-0.007777247320001575,-0.00832434706697551,-0.008506539260404455,-0.01225906998749786,0.0005470997469739346,0.003934722920522351,301,316
2022-11-15,0.010721327417667447,0.01102654463335748,0.008529085583464324,0.011510099368702405,-0.00030521721569003353,-0.00048355473534492446,302,316
2022-11-16,-0.012089853763356454,-0.012119389950947582,-0.0076287389524076765,-0.011858477500654802,2.953618759112854e-05,-0.0002609124502927808,301,310
2022-11-17,-0.0045977550101768605,-0.004496249787388079,-0.0030597867455841588,-0.005198539251280317,-0.00010150522278878134,0.000702289463892238,301,310
2022-11-18,0.0024366221614681017,0.002401272863580505,0.0045402959520606245,0.003398144654946956,3.534929788759659e-05,-0.000996871791366451,301,313
2022-11-21,-0.003908268902450636,-0.003676759609639953,-0.003636256208714883,-0.0055209632688603665,-0.00023150929281068322,0.0018442036592204135,300,306
2022-11-22,0.013839544844129364,0.013752780726058053,0.013457299240998033,0.013204589766190275,8.6764118071311e-05,0.0005481909598677778,300,300
2022-11-23,0.007199709627824838,0.006652278965927824,0.0063016046257098335,0.007049367877284256,0.0005474306618970136,-0.0003970889113564316,300,301
2022-11-25,0.0005961721693879745,0.0012157016717282236,-0.00022380200631066938,0.0009119048788952552,-0.0006195295023402491,0.0003037967928329684,301,301
2022-11-28,-0.016188579667306018,-0.01595043074061177,-0.01595677241694682,-0.016176032556268215,-0.00023814892669424617,0.00022560181565644405,301,301
2022-11-29,0.0022255302820096746,0.0025298146915730237,-0.0017178055961054595,0.0025481740949532604,-0.0003042844095633491,-1.8359403380236675e-05,300,301
2022-11-30,0.029579434128833425,0.02823542685714044,0.03150069533111588,0.02835159330511167,0.0013440072716929853,-0.00011616644797123044,301,301
2022-12-01,-0.0036091496998507913,-0.003273066817052365,-0.000735987344959721,-0.00018637601238542177,-0.0003360828827984265,-0.003086690804666943,300,301
2022-12-02,0.001047946845335234,0.0010341004929150693,-0.0011535147444353688,0.00026321231281278834,1.384635242016475e-05,0.0007708881801022809,298,301
2022-12-05,-0.02161478464120122,-0.02104559942624395,-0.017989386309472,-0.021425628703904333,-0.0005691852149572671,0.0003800292776603813,298,302
2022-12-06,-0.014898272638542803,-0.014081182555021457,-0.014414717179859315,-0.014335150763633701,-0.0008170900835213456,0.00025396820861224405,296,302
2022-12-07,-0.0016090162222638198,-0.0011342954344553426,-0.0017013331870804338,-0.0014491590733114454,-0.0004747207878084772,0.00031486363885610286,298,299
2022-12-08,0.007820674478559886,0.007678143640205976,0.007834107184347072,0.00817449425746502,0.00014253083835390982,-0.0004963506172590447,298,300
2022-12-09,-0.007461734372822785,-0.007243459056869842,-0.007470235381648704,-0.006722051196172159,-0.00021827531595294304,-0.000521407860697683,298,302
2022-12-12,0.014243156654086916,0.013182441550851205,0.014417153571049335,0.013488714887735828,0.001060715103235712,-0.00030627333688462363,295,298
2022-12-13,0.0068603083789885435,0.006234017330214377,0.007569749233727663,0.008288507340023336,0.0006262910487741663,-0.002054490009808959,304,297
2022-12-14,-0.00602732030572847,-0.006166940606698161,-0.006393495214134126,-0.00593525715349035,0.00013962030096969103,-0.00023168345320781145,304,302
2022-12-15,-0.02275371011693633,-0.02233057270815235,-0.024461704799640382,-0.024463539405692486,-0.0004231374087839794,0.002132966697540137,302,302
2022-12-16,-0.010105755340187718,-0.010025692366740573,-0.011806066503641799,-0.010332718555047,-8.006297344714461e-05,0.0003070261883064279,293,302
2022-12-19,-0.010956411428094765,-0.01124541190644593,-0.008479534824353263,-0.011815982536703589,0.0002890004783511653,0.000570570630257658,291,299
2022-12-20,0.0025044803598698773,0.002002689084163278,0.0013682306952633727,0.0015526711063881054,0.0005017912757065992,0.0004500179777751727,281,299
2022-12-21,0.014231872460401574,0.014074813778353424,0.014952620872644928,0.015712971639627815,0.00015705868204815045,-0.0016381578612743915,281,298
2022-12-22,-0.012807725882331873,-0.01259949690613191,-0.014266276490652596,-0.01392540873746795,-0.00020822897619996242,0.001325911831336039,282,298
2022-12-23,0.006444615375841172,0.006285081531189928,0.005752122400888737,0.00526688866496985,0.00015953384465124468,0.0010181928662200777,282,298
2022-12-27,-0.003957853622000167,-0.003970126569091197,-0.003943111570421265,-0.005277466706906603,1.2272947091029537e-05,0.0013073401378154064,282,298
2022-12-28,-0.013144490441322775,-0.013229226107733826,-0.012428237166914546,-0.012619729355784377,8.473566641105032e-05,-0.0006094967519494482,278,298
2022-12-29,0.019986077970234446,0.019893823475300262,0.018000546194413714,0.022344715779774697,9.225449493418386e-05,-0.002450892304474435,277,298
2022-12-30,-0.002487509628165281,-0.002095605648248387,-0.002634285564565686,-0.0018950104102324799,-0.0003919039799168936,-0.00020059523801590736,275,298
2023-01-03,-0.007485420827956556,-0.006462465303834105,-0.0042098423921482775,-0.0013936196967973193,-0.001022955524122451,-0.005068845607036786,275,298
2023-01-04,0.010759745620550916,0.012206110665958564,0.007720301435384602,0.016379242495594422,-0.001446365045407648,-0.004173131829635858,281,298
2023-01-05,-0.01060222994647554,-0.010518314623184533,-0.011413528537573159,-0.010337125627003297,-8.391532329100719e-05,-0.00018118899618123525,283,301
2023-01-06,0.02183838017061841,0.02155595379905145,0.022932219922481956,0.022161197376825082,0.00028242637156696004,-0.0006052435777736329,282,299
2023-01-09,0.002437984648912746,0.0017267004131398425,-0.0005670569119686775,0.002045777869272439,0.0007112842357729033,-0.0003190774561325966,284,300
2023-01-10,0.007661775651652801,0.007220489611998545,0.007013040964771289,0.00951402941515536,0.0004412860396542564,-0.002293539803156815,285,298
2023-01-11,0.0128633101873853,0.012054828036589452,0.012647788056307618,0.01336937070440467,0.0008084821507958473,-0.0013145426678152182,286,298
2023-01-12,0.008510770998204248,0.008309415792496342,0.0036408854742195906,0.006465891795736259,0.00020135520570790585,0.001843523996760083,294,299
2023-01-13,0.004793550546517608,0.004401382892181132,0.003879232384469411,0.004133031124212448,0.0003921676543364762,0.00026835176796868344,295,298
2023-01-17,-0.0007058517294246623,-0.0005396269318565838,-0.001831639029094001,0.0007920398370413286,-0.0001662247975680785,-0.0013316667688979124,304,298
2023-01-18,-0.01609426948462406,-0.016387154696342745,-0.01578817569154556,-0.015416293152346978,0.0002928852117186839,-0.0009708615439957668,302,297
2023-01-19,-0.008384242075285285,-0.008510272739526734,-0.007279743305564468,-0.010827642664142635,0.00012603066424144924,0.002317369924615901,304,297
2023-01-20,0.019550962309131184,0.019798262734059553,0.01862902623629914,0.022585151270899436,-0.0002473004249283692,-0.002786888536839883,268,297
2023-01-23,0.012559497331368918,0.012242987285361495,0.011998710102900878,0.01575080711660283,0.0003165100460074226,-0.003507819831241335,268,297
2023-01-24,-0.0016951850594285561,-0.002000206732325453,-0.0010735100416154886,-0.0029372404008585116,0.0003050216728968968,0.0009370336685330586,268,306
2023-01-25,0.000562650399095353,0.0004909338215852754,0.00037495705782308875,0.002049184708923711,7.171657751007762e-05,-0.0015582508873384355,267,301
2023-01-26,0.009482478456944748,0.009259046806831765,0.010990355547432218,0.010323426031573702,0.0002234316501129839,-0.0010643792247419376,267,300
2023-01-27,0.002787236806197683,0.003168871264018453,0.0022977304348850147,0.004865278416207763,-0.00038163445782077006,-0.0016964071521893102,258,300
2023-01-30,-0.013504692349375333,-0.012240699261763074,-0.01254691082589554,-0.014310010600796076,-0.0012639930876122592,0.002069311339033002,260,300
2023-01-31,0.01753998987315873,0.016892658073133494,0.014703414593704611,0.01862397202562563,0.000647331800025238,-0.0017313139524921355,260,285
2023-02-01,0.012180296156560699,0.011034417550962466,0.010627830716650521,0.01467446697344668,0.0011458786055982325,-0.0036400494224842136,290,285
2023-02-02,0.01381547416236692,0.011780003005051224,0.014556832873810377,0.017729735082865954,0.0020354711573156957,-0.00594973207781473,289,284
2023-02-03,-0.011714515526902572,-0.01075202182199126,-0.010628957522169968,-0.012859871211705008,-0.0009624937049113116,0.0021078493897137476,288,284
2023-02-06,-0.007242232589482664,-0.007842126175558633,-0.006111339793425485,-0.008974506842538754,0.0005998935860759688,0.001132380666980121,288,290
2023-02-07,0.007313980599860951,0.0075440346009435924,0.013078531851187236,0.009365084376207632,-0.0002300540010826413,-0.0018210497752640395,284,293
2023-02-08,-0.011743133670392375,-0.012269408142527357,-0.010934599468104378,-0.011901575177739666,0.0005262744721349823,-0.00036783296478769094,284,291
2023-02-09,-0.009528236892682063,-0.009148259278868483,-0.008669379673702071,-0.011526803105865659,-0.0003799776138135799,0.002378543826997176,284,290
2023-02-10,0.0006314039964442481,0.0027895223724293955,0.002333723479271743,0.0006736726264432409,-0.002158118375985147,0.0021158497459861547,283,290
2023-02-13,0.009844857398461651,0.009098665908535421,0.011738994100039868,0.012458763972108652,0.00074619148992623,-0.0033600980635732306,282,240
2023-02-14,0.004505598701400399,0.004266503719125917,-0.000460131043957257,0.0020393778859228323,0.00023909498227448183,0.002227125833203085,285,240
2023-02-15,0.008091728405999468,0.006253052349666166,0.0032472897188000616,0.007824227100316068,0.0018386760563333018,-0.0015711747506499014,285,242
2023-02-16,-0.01296758384580901,-0.010292824729772207,-0.013768753783681031,-0.013452816868988204,-0.002674759116036802,0.0031599921392159967,284,239
2023-02-17,-0.004796668923298905,-0.004535808604241171,-0.0024982293205089157,-0.002777976200675191,-0.00026086031905773414,-0.0017578324035659797,283,239
2023-02-21,-0.02116811447505603,-0.02116457022800977,-0.02006095016804077,-0.024320537158209043,-3.5442470462596076e-06,0.0031559669301992714,282,238
2023-02-22,-0.0001266599454772846,0.00022080716231512822,-0.0013781317824286266,0.0005005389788622976,-0.0003474671077924128,-0.00027973181654716937,292,249
2023-02-23,0.004472127675849562,0.00504765776836063,0.005319351347254919,0.005372186586729278,-0.0005755300925110677,-0.00032452881836864816,293,249
2023-02-24,-0.011358041702502951,-0.010287204129039346,-0.01068231149476262,-0.011417028050414306,-0.0010708375734636046,0.0011298239213749593,295,249
2023-02-27,0.004227873875284416,0.004763048065239847,0.0034057627316745887,0.002942608599946112,-0.000535174189955431,0.001820439465293735,300,249
2023-02-28,-0.001772423852651679,-0.00262335599296611,-0.0036959509210152675,-0.0018847633488461187,0.0008509321403144309,-0.0007385926441199912,333,290
2023-03-01,-0.00439366648082274,-0.003615017718400553,-0.0038360246224512506,-0.002234842275933922,-0.0007786487624221873,-0.001380175442466631,334,290
2023-03-02,0.008095576767014284,0.008637546697280708,0.007777297217382406,0.007214077699344082,-0.0005419699302664244,0.0014234689979366263,344,293
2023-03-03,0.015342578777346043,0.015030174148738607,0.016037849663004478,0.014810917399921112,0.0003124046286074357,0.00021925674881749513,343,291
2023-03-06,-0.0031549216053894406,-0.003503468854894316,0.0006928785808060223,-0.00423479931472771,0.00034854724950487536,0.0007313304598333941,344,291
2023-03-07,-0.015466160294141463,-0.016070582681216125,-0.015328806781569115,-0.016118483724805326,0.0006044223870746625,4.790104358920119e-05,366,290
2023-03-08,0.001992894554228894,0.0014354063169743404,0.0016320985158957413,0.0014276027404782116,0.0005574882372545535,7.80357649612885e-06,368,290
2023-03-09,-0.0200513724214339,-0.02152854636746363,-0.018449812778119856,-0.02162248323385667,0.001477173946029732,9.393686639303997e-05,368,285
2023-03-10,-0.018405849664845236,-0.01929169631037793,-0.014429329485228903,-0.01891897312428151,0.0008858466455326924,-0.00037272318609641794,366,283
2023-03-13,-0.0036514097245289963,-0.004153123812651817,-0.0014255306959606306,-0.004546624669155094,0.000501714088122821,0.0003935008565032769,366,283
2023-03-14,0.015105240111004302,0.014698411756988881,0.016530337764510517,0.015259855833281065,0.00040682835401542085,-0.0005614440762921839,363,285
2023-03-15,-0.010976705069199672,-0.010720145972801567,-0.006254239537709205,-0.009847102579355806,-0.00025655909639810473,-0.0008730433934457608,363,288
2023-03-16,0.01535581183555079,0.01518489729962292,0.017545037718210477,0.01457373647760283,0.00017091453592787097,0.0006111608220200904,367,290
2023-03-17,-0.013671090814632837,-0.012447334366861261,-0.011692718470010632,-0.01400845824614324,-0.0012237564477715762,0.0015611238792819782,366,290
2023-03-20,0.009101909464953562,0.008695026666423725,0.009615700530668514,0.008412437503580634,0.0004068827985298368,0.0002825891628430912,365,290
2023-03-21,0.015320254948455968,0.016104957548203857,0.013130483261655446,0.01636487424292503,-0.0007847025997478885,-0.0002599166947211719,363,290
2023-03-22,-0.019459892258980045,-0.01895710483787378,-0.017046405195021874,-0.018024341628541423,-0.0005027874211062655,-0.0009327632093323567,363,323
2023-03-23,-0.0006521733008816151,0.00017158494666432323,0.0027032137150764246,-0.0004202798526618617,-0.0008237582475459383,0.000591864799326185,362,323
2023-03-24,0.005671559491220983,0.005299832097710596,0.0065620728967703545,0.004835542884080088,0.0003717273935103871,0.0004642892136305079,361,320
2023-03-27,0.00547603364095841,0.005458712673047563,0.0018697310873256878,0.004724091636137197,1.7320967910847314e-05,0.0007346210369103658,363,320
2023-03-28,-0.0004157446304817307,-0.00063101428485255,-0.0022446349871565463,-0.0007032401222592776,0.00021526965437081933,7.22258374067276e-05,361,320
2023-03-29,0.015336307149392266,0.014767428599469844,0.014535128945156295,0.014750675414362714,0.0005688785499224219,1.6753185107130572e-05,362,320
2023-03-30,0.00571134367419827,0.0059428816904066135,0.0058550244918964545,0.005501047428303747,-0.00023153801620834358,0.00044183426210286664,363,320
2023-03-31,0.014266612554183114,0.01355604506755269,0.014094662048820927,0.01480615095496646,0.000710567486630424,-0.0012501058874137706,361,320
2023-04-03,0.0020841580313145053,0.0011668396512654429,0.0038106022314881027,0.001152080325900666,0.0009173183800490624,1.4759325364776827e-05,385,320
2023-04-04,-0.006364609454789268,-0.005386856740411209,-0.0055481579771146095,-0.007184401683428488,-0.0009777527143780594,0.0017975449430172796,401,320
2023-04-05,-0.004933959161039854,-0.004806591297923719,-0.0026182430785609556,-0.005161596193083043,-0.00012736786311613475,0.0003550048951593233,401,322
2023-04-06,0.0026223672937822537,0.0026571282091349133,0.003900921214841535,0.002280592699508863,-3.4760915352659554e-05,0.00037653550962605045,402,323
2023-04-10,0.0025033505027672195,0.0026130103579220946,0.0010261810936220694,0.0030852669713604406,-0.0001096598551548751,-0.000472256613438346,402,323
2023-04-11,0.003874139475080286,0.0039513963610123505,0.000268693705050449,0.0036863877743538187,-7.725688593206463e-05,0.0002650085866585318,412,321
2023-04-12,-0.005798255889591551,-0.005658484696515931,-0.004075921327888032,-0.0059285936624826705,-0.00013977119307562007,0.00027010896596673956,412,323
2023-04-13,0.012352296034509118,0.012892961917150598,0.013282718811559624,0.012540780686793238,-0.0005406658826414799,0.00035218123035735995,412,323
2023-04-14,-0.0032608567925113833,-0.0026885681733583183,-0.0024427678638192507,-0.0026356593821825957,-0.000572288619153065,-5.290879117572254e-05,414,325
2023-04-17,0.006715991012599152,0.005943356845893462,0.0035882743780331072,0.00580433533871195,0.0007726341667056895,0.00013902150718151252,406,319
2023-04-18,0.001070641012836809,0.0016396389756194733,0.0006521948705913161,0.0005232332496159362,-0.0005689979627826643,0.0011164057260035372,406,311
2023-04-19,-0.0002526032127998935,7.405539608535136e-05,-0.00016906000329652837,-0.0009285288675549908,-0.00032665860888524487,0.0010025842636403421,406,372
2023-04-20,-0.007521413755332596,-0.0069622354622803344,-0.005457089864543629,-0.0072246531745656685,-0.0005591782930522617,0.00026241771228533405,406,372
2023-04-21,-0.0002477797811841256,-8.882574216140182e-05,0.0007768750477856745,0.001240443297307636,-0.00015895403902272374,-0.0013292690394690377,406,370
2023-04-24,0.0008452843918901078,0.0007953917673553411,0.0010433547012396183,0.0001911816012126336,4.989262453476673e-05,0.0006042101661427074,407,371
2023-04-25,-0.01698562941652294,-0.01678033328672753,-0.01587385453338752,-0.017080896353453886,-0.00020529612979541118,0.0003005630667263573,407,371
2023-04-26,-0.006012609667110467,-0.005183897062593074,-0.004235766208624647,-0.006409096001403385,-0.0008287126045173933,0.001225198938810311,407,371
2023-04-27,0.01660764422379289,0.016450380185235088,0.01990824627191845,0.018611066016752,0.00015726403855780002,-0.0021606858315169133,410,372
2023-04-28,0.008195032212356719,0.007691083569002189,0.008535028519395027,0.010044290012235944,0.00050394864335453,-0.0023532064432337553,409,370
2023-05-01,-0.000861183292504033,-0.000634822001511199,-0.0010096289868275488,-0.000490517223186007,-0.000226361290992834,-0.000144304778325192,411,370
2023-05-02,-0.014488091060109192,-0.01401115226141267,-0.011239264775022573,-0.015835908440658644,-0.0004769387986965218,0.0018247561792459743,412,371
2023-05-03,-0.004125604954170864,-0.0034057423043371412,-0.006864031126974979,-0.004106831711656069,-0.0007198626498337224,0.0007010894073189279,413,371
2023-05-04,-0.006313796268033317,-0.005617400928379741,-0.007082862120299627,-0.008581332747760214,-0.0006963953396535759,0.0029639318193804727,413,371
2023-05-05,0.02114859350562052,0.019800957149115454,0.0185125508712789,0.020293804158016147,0.0013476363565050678,-0.0004928470089006938,413,371
2023-05-08,0.0008051731702645865,0.0016251407345787919,0.00026657261311302527,0.00017948802836169683,-0.0008199675643142054,0.001445652706217095,413,371
2023-05-09,-0.0054652277300211004,-0.004431734664215669,-0.004385421970216519,-0.006566892545991116,-0.0010334930658054313,0.0021351578817754473,416,371
2023-05-10,0.0008629977025048888,0.0006464961695787135,0.00467233648392984,0.0015080135714142942,0.00021650153292617532,-0.0008615174018355808,416,370
2023-05-11,-0.004600200208735633,-0.004827921436221087,-0.0017440356336049234,-0.0043312665514392825,0.0002277212274854534,-0.0004966548847818043,416,370
2023-05-12,-0.0016124303433052464,-0.0031776832198563425,-0.0013101186090438421,-0.003821930560852903,0.001565252876551096,0.0006442473409965606,407,372
2023-05-15,0.008023204988892169,0.00834001891645534,0.003450116535910208,0.009098034579469914,-0.0003168139275631712,-0.0007580156630145746,408,389
2023-05-16,-0.012943522549772827,-0.013000996625559506,-0.00668280168322577,-0.012381330492662691,5.747407578667908e-05,-0.0006196661328968147,409,393
2023-05-17,0.01488760588281211,0.01462903479449025,0.012138935580323196,0.015250386600076994,0.00025857108832185935,-0.000621351805586744,409,369
2023-05-18,0.007492990723370179,0.006938273509708512,0.009633244180126121,0.004735926870393219,0.0005547172136616662,0.0022023466393152934,406,369
2023-05-19,-0.001961675648288626,-0.0014550748562601006,-0.0014550422139389951,-0.002953845523599917,-0.0005066007920285253,0.0014987706673398164,406,369
2023-05-22,0.006637326067571774,0.00582327897271482,0.0004060532620360213,0.0056248300899226795,0.0008140470948569548,0.0001984488827921401,405,369
2023-05-23,-0.009500784229343208,-0.008772405487208383,-0.01122285749426255,-0.009370913595092026,-0.0007283787421348241,0.0005985081078836423,408,403
2023-05-24,-0.01145220338114552,-0.011392649050985445,-0.007244516080365693,-0.011609710043332111,-5.955433016007622e-05,0.00021706099234666647,409,403
2023-05-25,0.0011662438927466936,-0.000681406656190545,0.008659583848097174,-0.0013904404399303404,0.0018476505489372387,0.0007090337837397954,410,401
2023-05-26,0.011693118587908953,0.011217166375542575,0.012950692007011266,0.011314945619157154,0.00047595221236637793,-9.777924361457913e-05,410,399
2023-05-30,-0.0016469141708239806,-0.0012124164227396818,0.00038094755315953854,-0.00048135231133384395,-0.00043449774808429877,-0.0007310641114058379,409,399
2023-05-31,-0.007480495149410541,-0.006931122145536317,-0.005545227615583959,-0.00606741458061248,-0.0005493730038742244,-0.0008637075649238369,410,414
2023-06-01,0.010610171949905777,0.010731328541372029,0.009501139090128508,0.009890738801398596,-0.00012115659146625171,0.0008405897399734324,410,414
2023-06-02,0.020206861473829905,0.019470941961147438,0.014461005481126055,0.020989905309044828,0.0007359195126824675,-0.0015189633478973896,409,416
2023-06-05,-0.003988999526432705,-0.003917440100114765,-0.0019161267559002493,-0.004583038725327269,-7.155942631793984e-05,0.000665598625212504,407,416
2023-06-06,0.009127828154341815,0.008949921157695499,0.002177495836503729,0.009719164433970293,0.00017790699664631607,-0.000769243276274794,407,417
2023-06-07,0.0004942374169866254,0.0007116801941748226,-0.003457598473271317,0.0028569246332401446,-0.00021744277718819724,-0.002145244439065322,408,416
2023-06-08,0.0048580157301361315,0.004528584665255998,0.006048402463448177,0.003160883651202806,0.0003294310648801332,0.0013677010140531925,407,417
2023-06-09,-0.0007361942277864733,-0.0014697763135239936,0.0017941862749504267,-0.0016183180241529458,0.0007335820857375203,0.00014854171062895225,406,417
2023-06-12,0.006835211202994424,0.007165847266360357,0.009072083101856032,0.007350045287076783,-0.00033063606336593276,-0.00018419802071642597,408,417
2023-06-13,0.011170854442171143,0.01088032904164982,0.006592651492630219,0.010673786927770369,0.0002905254005213225,0.00020654211387945154,408,419
2023-06-14,-0.001225695179101444,-0.000915729412665638,0.0011908995565459435,-0.0015909320208052045,-0.0003099657664358059,0.0006752026081395666,408,422
2023-06-15,0.011768928322072323,0.011671491248698847,0.012397817650469545,0.012323134347594423,9.743707337347626e-05,-0.0006516430988955761,401,422
2023-06-16,-0.0035197499007335086,-0.0035297002790392914,-0.0034062859442383076,-0.0020021477248999627,9.950378305782857e-06,-0.0015275525541393288,401,413
2023-06-20,-0.00566777961473266,-0.005662223374910091,-0.0051882418638852235,-0.00689442179142724,-5.5562398225692325e-06,0.0012321984165171492,401,417
2023-06-21,-0.0038004426217915165,-0.0031093486342827345,-0.005123631572994891,-0.0042012234355211205,-0.000691093987508782,0.001091874801238386,402,417
2023-06-22,-0.003415931634022555,-0.0034626574296367243,0.0036096198899919774,-0.0030110977309861773,4.672579561416923e-05,-0.00045155969865054695,403,417
2023-06-23,-0.0113221951768586,-0.011251724582937148,-0.007560002458915971,-0.010875966155451814,-7.047059392145325e-05,-0.00037575842748533393,404,418
2023-06-26,0.0012288230197679154,0.0010687678209969553,-0.004085698435475904,0.002286913377722021,0.00016005519877096007,-0.0012181455567250657,404,415
2023-06-27,0.011244849870936576,0.011177822165908898,0.010963446175207059,0.012070465011171098,6.702770502767762e-05,-0.0008926428452621996,404,415
2023-06-28,-0.0005146934291785775,-0.00042612532194386313,0.0005042521796747579,-0.0010937649750482636,-8.85681072347144e-05,0.0006676396531044005,404,416
2023-06-29,0.0049974552241010125,0.005259001805532336,0.003941459674662973,0.005956469448662902,-0.00026154658143132375,-0.0006974676431305655,406,416
2023-06-30,0.010760424160116756,0.010484531409787494,0.011800643956150214,0.009300982642013043,0.00027589275032926207,0.0011835487677744512,407,416
2023-07-03,0.0046017874116833,0.00499242128256072,0.0011505767641233344,0.004962226052345566,-0.00039063387087742013,3.0195230215153586e-05,407,416
2023-07-05,-0.0035871308483691397,-0.0037173203278316534,-0.0014872831033548861,-0.004520910515723512,0.0001301894794625137,0.0008035901878918586,407,419
2023-07-06,-0.012823484918804806,-0.012983596738949384,-0.00783074138394857,-0.011951254894552267,0.00016011182014457823,-0.0010323418443971173,409,419
2023-07-07,0.003975740489938578,0.003924857394301102,-0.0025246497151444336,0.0036404466234989078,5.088309563747607e-05,0.0002844107708021939,405,419
2023-07-10,0.005278149438868303,0.005533887439898738,0.002531039703811633,0.006781315197101104,-0.00025573800103043456,-0.0012474277572023665,404,415
2023-07-11,0.010514688472916681,0.010473890659121304,0.0063686842316434955,0.010677948010059512,4.0797813795376975e-05,-0.00020405735093820786,404,416
2023-07-12,0.008357722432177087,0.008360120671488582,0.008045925204603899,0.00725748058628199,-2.3982393114949097e-06,0.001102640085206592,404,416
2023-07-13,0.010868942695081957,0.010853379725445667,0.00793677916637292,0.009097651581019429,1.5562969636289878e-05,0.0017557281444262381,404,417
2023-07-14,-0.006012373272024097,-0.0060272458263027524,-0.0006227376226836112,-0.00540419761137318,1.4872554278655067e-05,-0.0006230482149295726,405,416
2023-07-17,0.0040109711152266445,0.004296952936969737,0.003472215105015719,0.0033183668880690824,-0.00028598182174309223,0.0009785860489006544,413,416
2023-07-18,0.008761942954654822,0.00919593400667195,0.007430503324821203,0.007688858668479727,-0.00043399105201712834,0.0015070753381922234,413,416
2023-07-19,0.00512081481564782,0.005116530098979351,0.00222392416060635,0.006052915413497144,4.284716668468726e-06,-0.0009363853145177934,410,419
2023-07-20,-0.00474986052151192,-0.005621371479051491,-0.006634574292121664,-0.0038654761832973535,0.0008715109575395709,-0.0017558952957541377,411,418
2023-07-21,0.00039214698087685826,0.00027593181697552693,0.0,0.001167463219802213,0.00011621516390133133,-0.0008915314028266861,408,418
2023-07-24,0.0032799115572489474,0.0037937780089246495,0.004467197978334836,0.0029240798867548835,-0.000513866451675702,0.000869698122169766,408,418
2023-07-25,0.0023684024549545848,0.0023607886886129717,0.0027302039067296224,0.0005831401157638534,7.613766341613062e-06,0.0017776485728491183,408,418
2023-07-26,0.0021129660430423565,0.0018820914992789723,0.0001536046792880441,0.0017179184500312416,0.0002308745437633842,0.00016417304924773077,406,409
2023-07-27,-0.007820231504670433,-0.007594975393944223,-0.006629920607709838,-0.009541519451826071,-0.00022525611072620952,0.0019465440578818483,406,409
2023-07-28,0.010330185800002457,0.010155467432699837,0.009790363793170886,0.008631974776866872,0.00017471836730261966,0.0015234926558329656,406,409
2023-07-31,0.0034646995059750122,0.004080435938689952,0.0019040745889615796,0.002597448406260062,-0.0006157364327149394,0.0014829875324298895,406,409
2023-08-01,-0.00554202274014918,-0.005553239820892128,-0.002861609318636882,-0.005231099866133228,1.1217080742947916e-05,-0.00032213995475890034,406,414
2023-08-02,-0.014687769779234701,-0.015438195282238188,-0.0139108399784873,-0.01369125942398761,0.0007504255030034868,-0.001746935858250578,406,414
2023-08-03,-0.004151201156769881,-0.004541285825133973,-0.0028660024454673083,-0.003601759440330723,0.0003900846683640921,-0.0009395263848032505,385,414
2023-08-04,-0.004444499239746239,-0.004331068510357298,-0.004522585725048933,-0.003115536145374581,-0.00011343072938894104,-0.0012155323649827164,385,414
2023-08-07,0.007429420849473252,0.007750729272746804,0.008728488652083533,0.007090565306509764,-0.0003213084232735518,0.0006601639662370401,386,414
2023-08-08,-0.004967706355143024,-0.004347230984561243,-0.004348745090910655,-0.0045976244861570936,-0.0006204753705817811,0.0002503935015958506,392,410
2023-08-09,-0.004816647821472467,-0.0062855117102437125,-0.006685141916497939,-0.0030969631396225426,0.0014688638887712458,-0.00318854857062117,392,410
2023-08-10,-0.000427626836316163,-0.0007299413049560178,0.0003589832147741223,0.00041853874143939673,0.0003023144686398548,-0.0011484800463954145,395,410
2023-08-11,-0.001297414863664422,-0.0021520537796675446,-0.0005830404659423749,-0.0019511616680815613,0.0008546389160031225,-0.00020089211158598333,397,410
2023-08-14,0.002363339661645376,0.0019849446688864165,0.005519990423066723,0.0009854473527255315,0.00037839499275895945,0.000999497316160885,397,412
2023-08-15,-0.013991694060943397,-0.01462777681686423,-0.011649056287685533,-0.013245304380507347,0.0006360827559208325,-0.001382472436356882,396,412
2023-08-16,-0.007624848109627456,-0.007755236474641615,-0.00733809695755383,-0.007127379347491644,0.00013038836501415903,-0.000627857127149971,392,413
2023-08-17,-0.007434139219158462,-0.0074564624162355006,-0.0076198705027230584,-0.007294494731317205,2.2323197077038157e-05,-0.00016196768491829553,392,412
2023-08-18,0.0009412102376544983,0.0003444988493474367,0.0004811860687061742,0.00022869006441928299,0.0005967113883070616,0.00011580878492815374,392,411
2023-08-21,0.0036802687441739304,0.0038958209812655145,0.0065064556393004125,0.0014986956036324706,-0.00021555223709158414,0.0023971253776330437,393,411
2023-08-22,-0.0035955559250150084,-0.004078992469944132,-0.0027086347726138493,-0.00353220532864328,0.0004834365449291238,-0.0005467871413008521,394,411
2023-08-23,0.009367017898269823,0.010070321171871842,0.011137782532248508,0.010204033259225375,-0.0007033032736020184,-0.0001337120873535335,389,412
2023-08-24,-0.0108572553418404,-0.011641393959919647,-0.013859224007315762,-0.012030468049406808,0.0007841386180792477,0.0003890740894871604,390,412
2023-08-25,0.006825591955699352,0.006527538555732936,0.007049860439787947,0.005011467330059476,0.00029805339996641627,0.0015160712256734599,388,421
2023-08-28,0.00716627458212381,0.007115967044086338,0.006341388561927674,0.009136336490175352,5.030753803747252e-05,-0.002020369446089014,387,421
2023-08-29,0.01461739955675426,0.015198119078104914,0.014454721180120478,0.014424746911338878,-0.000580719521350654,0.0007733721667660363,348,401
2023-08-30,0.002754996508845919,0.0031450860596591887,0.004118705772218734,0.0023421103995519147,-0.0003900895508132697,0.000802975660107274,350,402
2023-08-31,-0.0025493476200019742,-0.002156577139236234,-0.0014632629948027054,-0.002604227578975349,-0.00039277048076574034,0.0004476504397391153,339,400
2023-09-01,0.0036881365008199626,0.003671145966616847,0.001865147133391254,0.003450677811479935,1.6990534203115484e-05,0.00022046815513691214,339,395
2023-09-05,-0.008208497573242081,-0.007425659410565245,-0.004321807995876226,-0.009355970519490294,-0.0007828381626768357,0.0019303111089250492,339,395
2023-09-06,-0.007127976603456476,-0.006917446166959936,-0.006722383040254631,-0.005584053195230366,-0.00021053043649653987,-0.0013333929717295702,314,395
2023-09-07,-0.004910155576503638,-0.004325389723762396,-0.0030704537660259934,-0.004205103658507751,-0.0005847658527412414,-0.00012028606525464527,313,399
2023-09-08,0.0006660678037579917,-0.0002684007243724863,0.0015062971659256519,-0.0006236007132202501,0.000934468528130478,0.0003551999888477638,313,404
2023-09-11,0.005263648928758936,0.005872299131045875,0.00657651220185862,0.00530964969034338,-0.0006086502022869386,0.0005626494407024946,312,404
2023-09-12,-0.0007814989194053413,-0.0007148256629704023,-0.005485596794366998,-0.0013188753298209181,-6.667325643493899e-05,0.0006040496668505158,312,404
2023-09-13,-0.002595873928656442,-0.0025231849194083324,0.0011660143555904945,-0.00387958624533483,-7.268900924810957e-05,0.0013564013259264977,312,404
2023-09-14,0.011070979656316204,0.010902397191538503,0.008622340122894867,0.011767564772092388,0.00016858246477770115,-0.0008651675805538845,324,401
2023-09-15,-0.010522855040318123,-0.009428034673935192,-0.012048198717857006,-0.006374457516502538,-0.0010948203663829308,-0.0030535771574326546,318,400
2023-09-18,-0.0031439754049300546,-0.003574241588883344,0.0005863893298267975,-0.004384037917761873,0.00043026618395328956,0.0008097963288785288,317,400
2023-09-19,-0.0014696901468990362,-0.001827597796999615,-0.002073842754157895,-0.0006181311372597198,0.0003579076501005788,-0.0012094666597398953,319,400
2023-09-20,-0.006465780057705817,-0.005712678088583584,-0.009193290985454183,-0.004025410719056581,-0.0007531019691222329,-0.0016872673695270029,320,401
2023-09-21,-0.017298633119575562,-0.017539781675190453,-0.01652842718934644,-0.01855692323347973,0.00024114855561489096,0.0010171415582892786,321,362
2023-09-22,-0.002422359405745398,-0.0032166494226636305,-0.002248363516170304,-0.002919385287259171,0.0007942900169182325,-0.00029726413540445955,322,362
2023-09-25,0.004000162936854466,0.003747585692072663,0.004204991188383467,-0.0002971100330476467,0.00025257724478180326,0.004044695725120309,322,362
2023-09-26,-0.013188930430216244,-0.013491610486323002,-0.014691202446539986,-0.013380903199067096,0.00030268005610675774,-0.00011070728725590638,321,362
2023-09-27,0.0008647829475876716,0.0005692430923422854,0.00039915419730851553,-0.0005613882241191962,0.00029553985524538617,0.0011306313164614816,341,362
2023-09-28,0.006544389503249214,0.00660719310522949,0.005797384548081874,0.006837975788321745,-6.280360198027569e-05,-0.0002307826830922552,342,362
2023-09-29,-0.0013662541854460816,-0.0008008109917980982,-0.0024269147168212157,-0.0004874058750142061,-0.0005654431936479834,-0.00031340511678389207,342,362
2023-10-02,-0.007610056389451363,-0.009297712806089155,-0.00039773425459432854,-0.011450968459132568,0.001687656416637792,0.0021532556530434125,342,362
2023-10-03,-0.014216692208543002,-0.014520727444406866,-0.013386013422892362,-0.015267314948952832,0.00030403523586386427,0.0007465875045459657,313,362
2023-10-04,0.0059747142102532505,0.005028219729374894,0.0072818301318624545,0.005282089107759569,0.0009464944808783562,-0.0002538693783846746,294,362
2023-10-05,-0.0020131167744167114,-0.0010351988341061066,-0.0003766048366076191,0.0005320706407079689,-0.0009779179403106048,-0.0015672694748140757,294,361
2023-10-06,0.01072416949137926,0.010521758591965257,0.011872814362115847,0.009425574425009357,0.00020241089941400343,0.0010961841669559005,293,360
2023-10-09,0.005374726190621239,0.005018221075814723,0.006402182977607307,0.003838082128200169,0.00035650511480651587,0.0011801389476145544,293,360
2023-10-10,0.007473911087191734,0.008877895447646408,0.005204880688299829,0.011119461824812056,-0.0014039843604546744,-0.002241566377165648,260,361
2023-10-11,0.001909721531434446,0.0025211936192266297,0.004096306122401527,0.002476272405671437,-0.0006114720877921837,4.492121355519291e-05,260,360
2023-10-12,-0.00944016977390805,-0.011699424750351382,-0.006096583216924967,-0.012238969513453,0.002259254976443331,0.0005395447631016178,261,361
2023-10-13,-0.0028376056499718996,-0.004337419774778456,-0.0049808392494131715,-0.005496256562936948,0.0014998141248065565,0.0011588367881584915,256,359
2023-10-16,0.012061533630853974,0.012848495289139656,0.010521515822241367,0.01210321283442466,-0.0007869616582856821,0.0007452824547149964,255,367
2023-10-17,0.0024887519478211683,0.003519132057111913,-4.593770614813586e-05,0.0032414136500088417,-0.0010303801092907449,0.00027771840710307145,272,370
2023-10-18,-0.015066505593698225,-0.01783377897102074,-0.013324941756949094,-0.018200011423164183,0.002767273377322516,0.0003662324521434418,283,308
2023-10-19,-0.008047489451203461,-0.00866018132262305,-0.00878656982335213,-0.010723604092622453,0.0006126918714195878,0.0020634227699994033,283,308
2023-10-20,-0.011506057904267,-0.012353704374507746,-0.012287992776404688,-0.01184076879254152,0.0008476464702407462,-0.000512935581966226,283,308
2023-10-23,-0.004854038206777082,-0.005034605815196281,-0.0017332510809153767,-0.004563724740594821,0.0001805676084191991,-0.0004708810746014607,283,305
2023-10-24,0.009964629434504347,0.009931994893091699,0.007539374240292052,0.007356376460420881,3.263454141264749e-05,0.0025756184326708184,284,305
2023-10-25,-0.01323516273106081,-0.012986450435896696,-0.014352201338666326,-0.013199159667175912,-0.00024871229516411526,0.00021270923127921643,284,305
2023-10-26,-0.006720718121793996,-0.005566690272464394,-0.011974491361111506,-0.003426995262679893,-0.0011540278493296025,-0.002139695009784501,282,304
2023-10-27,-0.010708161439712241,-0.012260130774225724,-0.004532794976839338,-0.009641468184946966,0.0015519693345134832,-0.0026186625892787585,282,304
2023-10-30,0.010245950741225689,0.010216506531834273,0.011955665364346002,0.010286359449780229,2.9444209391415663e-05,-6.985291794595581e-05,282,304
2023-10-31,0.008123841786547088,0.007943952757508591,0.006280306126186241,0.007486321465336057,0.00017988902903849635,0.00045763129217253444,283,304
2023-11-01,0.00776280342925827,0.0058004656310494266,0.01066484419584568,0.006095544810664334,0.0019623377982088434,-0.0002950791796149073,282,304
2023-11-02,0.022975634888571045,0.026318050855136457,0.019164236800371937,0.02479191653261639,-0.0033424159665654124,0.0015261343225200681,282,304
2023-11-03,0.010806323396277217,0.01209003405206029,0.009123704066056781,0.017568668079480862,-0.0012837106557830723,-0.005478634027420572,283,304
2023-11-06,-0.0015058100807421638,-0.002375671282609213,0.0023001599126903916,-0.004921968873762047,0.0008698612018670493,0.0025462975911528336,284,304
2023-11-07,-0.0003102168536116049,-0.0004446706442243888,0.0028460682771678236,-0.0010721454463317058,0.00013445379061278394,0.000627474802107317,282,304
2023-11-08,0.00014134145001750833,-0.0006246088269844954,0.0007324198593041675,-0.0026546192687088585,0.0007659502770020037,0.0020300104417243633,282,304
2023-11-09,-0.010441297198313302,-0.010371153256992722,-0.007798727536800998,-0.008212642016243539,-7.014394132058045e-05,-0.002158511240749183,283,304
2023-11-10,0.012745458554357407,0.012024334893529748,0.015604807175139124,0.009186499367580417,0.0007211236608276588,0.0028378355259493313,282,305
2023-11-13,-0.00011038738000438873,6.411188677202999e-05,-0.0009533215723012134,-0.0003911631788511814,-0.00017449926677641872,0.0004552750656232114,314,303
2023-11-14,0.022339358679647186,0.02538148926041746,0.019400785324995784,0.031153755855797632,-0.0030421305807702727,-0.005772266595380174,317,299
2023-11-15,0.004635536312807107,0.005993295323498394,0.0021171249186915375,0.005118963549291979,-0.0013577590106912873,0.000874331774206415,316,320
2023-11-16,-0.0017053597203219217,-0.0027425504379925457,0.0012231736733505638,-0.0030152142772402854,0.001037190717670624,0.0002726638392477397,317,320
2023-11-17,0.0041938522225221505,0.003712752115040299,0.001243608006659569,0.006359035840250094,0.0004811001074818515,-0.002646283725209795,319,320
2023-11-20,0.006043689694692222,0.005733703328343904,0.007697718250834429,0.0059209409516175916,0.00030998636634831794,-0.0001872376232736877,319,331
2023-11-21,-0.0017542130303262568,-0.0024334044918089435,-0.0021794027561510276,-0.0035750727346817264,0.0006791914614826867,0.0011416682428727828,316,286
2023-11-22,0.005249120957046891,0.00486098428241105,0.003860926500885986,0.0037816110442974536,0.000388136674635841,0.0010793732381135963,314,289
2023-11-24,0.0031449829582148167,0.0029427734493657058,0.0006152582801683959,0.004513998006951093,0.00020220950884911092,-0.0015712245575853876,315,289
2023-11-27,-0.0030939700511814694,-0.003443173574742764,-0.0018009234528301166,-0.0024413572951175726,0.00034920352356129477,-0.0010018162796251915,315,289
2023-11-28,-0.0007328407127501735,-0.0002199699647418067,0.000990164362688839,0.0005564740190590559,-0.0005128707480083667,-0.0007764439838008626,314,289
2023-11-29,0.0017168637936536123,0.0023936654444673597,-0.0007035795889718255,0.002986396789265493,-0.0006768016508137474,-0.0005927313447981332,313,282
2023-11-30,0.0058456066483811055,0.00538528910955571,0.003937599259604019,0.004187790413659885,0.0004603175388253958,0.0011974986958958244,312,282
2023-12-01,0.010482992829611352,0.011783385866943047,0.005915785391005901,0.01462945112773167,-0.0013003930373316954,-0.0028460652607886234,311,281
2023-12-04,-0.0016098459802810613,-0.0018795518394474377,-0.005249354505640236,-0.0015349070257199395,0.00026970585916637636,-0.0003446448137274982,311,281
2023-12-05,-0.005931629070579971,-0.0064970719971163046,-0.00019706070516001262,-0.006035761590606767,0.000565442926536334,-0.00046131040650953734,311,280
2023-12-06,-0.001707265060242171,-0.0010072655225121894,-0.004029660016451331,0.0011438864392068456,-0.0006999995377299816,-0.0021511519617190347,311,280
2023-12-07,0.00606348304998278,0.006553320225877055,0.007630237660105843,0.0061417471986535644,-0.0004898371758942756,0.00041157302722349097,311,276
2023-12-08,0.0031772762255598496,0.003256910135847028,0.0042992197858027215,0.002380105082960558,-7.96339102871785e-05,0.00087680505288647,311,276
2023-12-11,0.006490941390576599,0.00610700548264272,0.0038894939518421268,0.004469634272749459,0.0003839359079338793,0.0016373712098932602,310,278
2023-12-12,0.0027745657412367227,0.0025064790149369057,0.0045673206668572774,-0.00017119990279529257,0.000268086726299817,0.002677678917732198,312,277
2023-12-13,0.0158301461810333,0.01778534175110263,0.01379001026096005,0.019160162776102996,-0.001955195570069332,-0.0013748210250003647,312,278
2023-12-14,0.008777218749891437,0.01019505819234904,0.003209466014667095,0.012897229510590595,-0.0014178394424576024,-0.002702171318241556,312,278
2023-12-15,-0.002905963691392815,-0.0023910950156691467,-0.0016465278742889833,-0.0058659083615012235,-0.0005148686757236683,0.0034748133458320767,312,280
2023-12-18,0.004272953118151284,0.004254502278494851,0.005625088430268876,0.0008366344269251124,1.845083965643351e-05,0.003417867851569738,313,276
2023-12-19,0.007609025216178128,0.008474642898705401,0.006080821376648338,0.009152675692765764,-0.0008656176825272734,-0.0006780327940603629,314,276
2023-12-20,-0.01672040450862694,-0.01743172667701592,-0.013857160123444623,-0.015377138440784402,0.0007113221683889802,-0.0020545882362315183,314,276
2023-12-21,0.010882644395526239,0.010665074808111567,0.009481866944932582,0.012525373562277828,0.00021756958741467151,-0.0018602987541662605,313,275
2023-12-22,0.0026048105339026243,0.0024496246372799338,0.0020095866236111704,0.0029884135583813885,0.00015518589662269055,-0.0005387889211014548,314,275
2023-12-26,0.005388709049986275,0.005855655422707147,0.004222573962914256,0.0058417123283965484,-0.00046694637272087173,1.3943094310598161e-05,313,275
2023-12-27,0.002517551919506172,0.002554614460005489,0.0018080190784541816,0.0026138603515031607,-3.706254049931721e-05,-5.924589149767156e-05,313,270
2023-12-28,0.00029135464668350684,0.00042067303586100453,0.00037785653555233445,0.0007770276760732708,-0.0001293183891774977,-0.0003563546402122663,312,270
2023-12-29,-0.0031275690477752132,-0.0036188672461483413,-0.002895034567458543,-0.002565733598116061,0.0004912981983731281,-0.0010531336480322801,311,270
2024-01-02,-0.002003617767002135,-0.0027310582860535734,-0.005596356311275752,-0.0031904636501746504,0.0007274405190514383,0.000459405364121077,311,270
2024-01-03,-0.00842958334166643,-0.009220967447925074,-0.008166622980206983,-0.012110954322836645,0.0007913841062586434,0.002889986874911571,313,266
2024-01-04,-0.0016368471574281108,-0.001878269318764409,-0.003221140762365571,0.0013551379963750746,0.0002414221613362983,-0.0032334073151394837,311,266
2024-01-05,0.002015070916876809,0.0022313756316694315,0.0013696975395152133,0.0018851527018063448,-0.0002163047147926223,0.0003462229298630867,316,266
2024-01-08,0.012882920850562257,0.012868204501799683,0.01427580459514255,0.01234548457843964,1.4716348762574064e-05,0.0005227199233600426,316,267
2024-01-09,-0.0029643021451628377,-0.0030850132933769674,-0.0015170439841818428,-0.005146578950831755,0.00012071114821412968,0.0020615656574547877,315,267
2024-01-10,0.0038003335817469756,0.0036893501377301538,0.00565540967352729,0.0028295118541261928,0.00011098344401682184,0.000859838283603961,316,273
2024-01-11,-0.0013781901168318888,-0.0017686642046081766,-0.0004405108338484398,-0.0029123258461918704,0.0003904740877762878,0.0011436616415836938,316,271
2024-01-12,0.0013921460844208025,0.0013732198109597522,0.0006927821246200949,0.001167811433894781,1.89262734610503e-05,0.00020540837706497128,319,269
2024-01-16,-0.005668707927652116,-0.00659908701795584,-0.0036712991848999454,-0.009519398758116245,0.000930379090303724,0.0029203117401604053,309,269
2024-01-17,-0.006677394423051546,-0.006796395744747685,-0.005558695480359699,-0.00913543594042634,0.000119001321696139,0.0023390401956786553,310,270
2024-01-18,0.006240660738148831,0.0060289687648115,0.00889273880780328,0.006272643922622334,0.0002116919733373317,-0.00024367515781083433,311,269
2024-01-19,0.008431942215393982,0.007873583258443699,0.012466349976122615,0.008209350321543648,0.000558358956950283,-0.0003357670630999496,312,270
2024-01-22,0.004643270958201043,0.004940773030649316,0.002114280230454124,0.004607541398192547,-0.0002975020724482729,0.00033323163245676905,312,271
2024-01-23,0.002517745481571419,0.0019004381346179047,0.0029163541062502407,0.0019112121449625242,0.0006173073469535144,-1.0774010344619545e-05,312,272
2024-01-24,-0.0025142905125456793,-0.0032996492330410136,0.0010933126769605561,-0.0015889567493410934,0.0007853587204953343,-0.0017106924836999202,314,275
2024-01-25,0.007248829468856064,0.006864530130407261,0.005438841777654968,0.005939068126221649,0.0003842993384488031,0.0009254620041856121,313,275
2024-01-26,0.00043280953797201566,0.0011385675403761512,-0.0012703888957987797,0.0028961834662199403,-0.0007057580024041356,-0.0017576159258437891,312,275
2024-01-29,0.006929919319147049,0.0077749573723907735,0.007919251746646427,0.007089376080858044,-0.0008450380532437247,0.0006855812915327296,312,275
2024-01-30,0.00043142748644582054,-6.109208065066635e-05,-0.0007734241803089015,-0.002422496883275305,0.0004925195670964869,0.0023614048026246387,312,279
2024-01-31,-0.013385285013291387,-0.013642428090396029,-0.016317205032843285,-0.01198229336581709,0.0002571430771046417,-0.0016601347245789391,313,273
2024-02-01,0.012562518336325473,0.01296946486116641,0.013087980607788374,0.01087576874124507,-0.0004069465248409381,0.002093696119921341,313,273
2024-02-02,0.0037208469688747654,0.0038590368894600257,0.01052754052532956,-0.0005248548557095912,-0.0001381899205852603,0.004383891745169617,315,273
2024-02-05,-0.004318127905058495,-0.004889524222470618,-0.00364118474871844,-0.006602664018773423,0.0005713963174121227,0.0017131397963028056,315,272
2024-02-06,0.004151005237297942,0.004933188211359927,0.002903296810174316,0.006650307350290305,-0.0007821829740619849,-0.001717119138930378,315,274
2024-02-07,0.00463151798756568,0.004017976146157093,0.008340407765461633,0.0022718587006928317,0.0006135418414085873,0.0017461174454642611,310,275
2024-02-08,0.002509440362277561,0.002494591902241727,0.00044170852172853436,0.0013026150633427928,1.484846003583411e-05,0.0011919768388989342,310,277
2024-02-09,0.005792479841873601,0.005552424925120451,0.005779393392956855,0.00456218058366509,0.00024005491675314992,0.0009902443414553609,310,276
2024-02-12,0.003406026047935853,0.0038016955097253118,-0.0004389764836632004,0.005175586085632783,-0.00039566946178945864,-0.0013738905759074715,309,276
2024-02-13,-0.01578857720582379,-0.01625895123847737,-0.013773030200640801,-0.01827867313909301,0.0004703740326535803,0.0020197219006156397,311,270
2024-02-14,0.010501286239858543,0.011185741693632564,0.009087716223003639,0.010879028359218907,-0.0006844554537740206,0.0003067133344136566,312,270
2024-02-15,0.008347916084059865,0.009087204535829483,0.006899606016743665,0.008978169644339144,-0.0007392884517696176,0.00010903489149033906,313,267
2024-02-16,-0.002090362156480961,-0.0022332092684383253,-0.004979909724657561,-0.0026711346880971642,0.00014284711195736415,0.00043792541965883896,313,268
2024-02-20,-0.004769666770220902,-0.005427446434499392,-0.005505423937581022,-0.004000350945897326,0.0006577796642784897,-0.0014270954886020657,315,278
2024-02-21,-0.0005912529243775071,-0.0010943156612197133,0.0009058482471346885,0.0008654453239099395,0.0005030627368422063,-0.001959760985129653,313,278
2024-02-22,0.014971994755031916,0.015246281321418342,0.02069541020391341,0.012514272245417547,-0.00027428656638642593,0.0027320090760007947,313,279
2024-02-23,0.0012916877850784206,0.0013937986156601207,0.0006897559473673098,0.0007747535797233567,-0.00010211083058170008,0.000619045035936764,309,272
2024-02-26,-0.00018153589020837276,0.0007474434101416535,-0.003662613355522093,-0.00351292097933467,-0.0009289793003500262,0.004260364389476324,309,272
2024-02-27,0.0018993265139358479,0.002406624548096013,0.0018578769016408536,0.00439600638628798,-0.0005072980341601651,-0.001989381838191967,309,266
2024-02-28,-0.0009926664179488126,-0.0010233929053710322,-0.0013217519019456114,-0.001622608357608293,3.0726487422219574e-05,0.0005992154522372608,309,266
2024-02-29,0.004168470794768208,0.003332561236646446,0.0035949929320924223,0.004265172053957964,0.0008359095581217625,-0.0009326108173115183,310,266
2024-03-01,0.007079744676614931,0.008089010395001758,0.009388134295949868,0.005391583601193128,-0.0010092657183868262,0.0026974267938086292,308,265
2024-03-04,-0.0013500612385274609,-0.0015096671385733868,-0.001072296663540584,-0.0024265831005158872,0.00015960590004592597,0.0009169159619425004,308,265
2024-03-05,-0.006538260804433008,-0.007596029177443703,-0.009994032642063111,-0.0065133450244762876,0.001057768373010695,-0.0010826841529674152,307,265
2024-03-06,0.00618217511174918,0.006467046295864982,0.005067097107585683,0.0064802731340938,-0.0002848711841158024,-1.3226838228817817e-05,306,267
2024-03-07,0.007659123299435914,0.008598577149661096,0.009926432787449091,0.008102281245773231,-0.0009394538502251817,0.0004962959038878646,306,267
2024-03-08,-0.004299966558275881,-0.0043572948657591,-0.006002115368710204,-0.0013699704933294258,5.732830748321916e-05,-0.0029873243724296743,307,264
2024-03-11,-0.0002530577118905492,-0.0006997685843886044,-0.0008597807263520663,0.0010839090879331428,0.00044671087249805515,-0.0017836776723217473,305,264
2024-03-12,0.007504055860384717,0.007203338497157478,0.0107573703033359,0.00512441219531906,0.0003007173632272398,0.002078926301838418,305,264
2024-03-13,-0.00048208025298484896,-0.00020478310775331915,-0.0015676407241896895,0.0005637708508764821,-0.00027729714523152984,-0.0007685539586298012,306,264
2024-03-14,-0.006046857669560977,-0.006318591719064278,-0.0019768443385344003,-0.007531085074396782,0.0002717340495033008,0.0012124933553325041,308,263
2024-03-15,-0.004421806587763939,-0.004929664557794946,-0.006866438793175944,-0.0031997706438192503,0.0005078579700310065,-0.0017298939139756956,308,263
2024-03-18,0.0022980688795675146,0.0020322948063797902,0.005942999537005944,0.0036045821100460468,0.0002657740731877244,-0.0015722873036662565,308,263
2024-03-19,0.0035643325289920424,0.004083090204424006,0.005557104794409629,0.0036827267266968124,-0.0005187576754319633,0.00040036347772719324,308,265
2024-03-20,0.007749592039519502,0.007966075590900075,0.009249281975740598,0.009533223876308262,-0.0002164835513805731,-0.0015671482854081875,308,265
2024-03-21,0.0047524561873544665,0.0049826425297803964,0.003304789255170082,0.003960187635832341,-0.0002301863424259299,0.0010224548939480552,307,261
2024-03-22,-0.0058762667099761514,-0.0059089011909189085,-0.0018958882911405128,-0.005122502636254741,3.263448094275711e-05,-0.0007863985546641677,306,261
2024-03-25,-0.0028269107370718764,-0.002441221577010016,-0.0027628828742373157,-0.002748419039380296,-0.0003856891600618603,0.00030719746237028,306,261
2024-03-26,-0.0022189409314558655,-0.002156540477769849,-0.0018469041355565485,-0.002463845589312827,-6.240045368601649e-05,0.0003073051115429779,306,261
2024-03-27,0.010547321032308996,0.010256601608483207,0.008403962355035155,0.013696357259517823,0.00029071942382578875,-0.003439755651034616,306,261
2024-03-28,0.002805135272696198,0.0029274293357872444,-0.0001913932606631974,0.0024737435293743127,-0.0001222940630910465,0.00045368580641293177,291,261
2024-04-01,-0.003219719705761712,-0.004121098908644024,-0.0017394472691416585,-0.0015504248210194316,0.000901379202882312,-0.0025706740876245923,292,261
2024-04-02,-0.008876058447173306,-0.008739236491156347,-0.006358219320719338,-0.00903631417775808,-0.00013682195601695882,0.0002970776866017318,292,261
2024-04-03,0.0011494552239970349,0.00020565376757353918,0.0010986593425132973,-0.00030807132337858697,0.0009438014564234956,0.0005137250909521262,292,263
2024-04-04,-0.010755810187750679,-0.01012048175735996,-0.012206154571650751,-0.009628538847159638,-0.0006353284303907188,-0.0004919429102003218,292,263
2024-04-05,0.008219276477404712,0.008282345173782747,0.010446772726340203,0.00665462957618405,-6.306869637803456e-05,0.0016277155975986972,284,263
2024-04-08,0.0016500453459132652,0.0009898717036295002,0.0005595516120759925,0.0018769464917921892,0.000660173642283765,-0.000887074788162689,299,263
2024-04-09,0.0027427081941813498,0.0028266765875939515,0.0011565756275990768,0.004217766062131086,-8.396839341260178e-05,-0.0013910894745371347,299,263
2024-04-10,-0.011843759959886752,-0.011348289522687476,-0.01001310420931889,-0.013798571063494008,-0.0004954704371992764,0.002450281540806532,300,267
2024-04-11,0.00400221566006967,0.003841906615628536,0.007546903226827606,0.002412038765757512,0.0001603090444411339,0.0014298678498710238,307,267
2024-04-12,-0.017717435612704478,-0.017470679733483298,-0.01380303434937058,-0.015969789443326592,-0.0002467558792211798,-0.0015008902901567055,308,268
2024-04-15,-0.010202194844735472,-0.010321005956446975,-0.01252827892888908,-0.010309019443597703,0.00011881111171150281,-1.1986512849272019e-05,306,267
2024-04-16,-0.001641378786107185,-0.0016196205762833923,-0.0018237076766191018,-0.0041171308008409735,-2.175820982379265e-05,0.0024975102245575814,307,267
2024-04-17,-0.0033961229481833,-0.002867419184141982,-0.005918208324327434,-0.004263565369908938,-0.0005287037640413178,0.001396146185766956,308,265
2024-04-18,0.0008686630542244291,0.0008214111638978164,-0.0020577939825845437,-0.0009283320629740992,4.725189032661267e-05,0.0017497432268719156,290,264
2024-04-19,-1.3597624257472699e-05,-0.0009032472721183226,-0.008728246840649989,0.00010692449230292864,0.0008896496478608499,-0.0010101717644212512,281,264
2024-04-22,0.008002457088700437,0.007545300866531532,0.009209032116670013,0.007241499075221509,0.00045715622216890503,0.00030380179131002296,280,262
2024-04-23,0.010948829915063728,0.011309702162652072,0.011866617760247777,0.010858278537608942,-0.00036087224758834385,0.0004514236250431295,280,262
2024-04-24,-0.00015314788536963326,0.0002692051250787826,-0.00047452623026533747,0.0008055602222261052,-0.0004223530104484159,-0.0005363550971473226,280,261
2024-04-25,-0.0024165948853943717,-0.004279018186033464,-0.003798944568393914,-0.005533306674057443,0.001862423300639092,0.001254288488023979,281,261
2024-04-26,0.006083099696287663,0.006513867693414358,0.009473891712670879,0.007237351775239701,-0.0004307679971266949,-0.0007234840818253433,281,262
2024-04-29,0.0048471467709406794,0.004971741737207685,0.003541443356069207,0.005813107797151321,-0.00012459496626700522,-0.0008413660599436365,280,267
2024-04-30,-0.013945357056607733,-0.0140898037225506,-0.015841264581001546,-0.015172269154118328,0.00014444666594286802,0.0010824654315677272,283,267
2024-05-01,-0.001998784889538264,-0.0028704550563197918,-0.0032471397568200056,-0.003731762029239407,0.0008716701667815276,0.0008613069729196151,282,267
2024-05-02,0.011893294253760858,0.012247506023414527,0.009353443441858289,0.010109829870209752,-0.00035421176965366903,0.002137676153204775,281,268
2024-05-03,0.007921689529167813,0.008166289696626337,0.012395380576617931,0.01023881261205287,-0.0002446001674585238,-0.0020725229154265334,283,268
2024-05-06,0.009990544034175961,0.009395115974276747,0.010326752884758372,0.007976698868186007,0.0005954280598992143,0.0014184171060907403,283,268
2024-05-07,0.0019454679487801137,0.0017865092045917623,0.0011034873191710926,0.0009705400409285446,0.0001589587441883514,0.0008159691636632177,284,261
2024-05-08,0.0012626752523489375,0.0016487496767308046,9.666059221768997e-05,0.0011347721162608085,-0.000386074424381867,0.000513977560469996,284,262
2024-05-09,0.008332270018494202,0.008539095515413831,0.005761836011684673,0.007411633622642888,-0.00020682549691962947,0.0011274618927709437,284,262
2024-05-10,0.001256195088936148,0.001533340978070898,0.001288105835114628,-0.0003222730726276531,-0.0002771458891347499,0.001855614050698551,285,263
2024-05-13,0.0014681599284299435,0.0022732905385751527,0.0001345203375748838,0.0023172431293165827,-0.0008051306101452091,-4.3952590741430046e-05,285,263
2024-05-14,0.006405135881653326,0.006264292647548714,0.004587913773084207,0.005233904134432263,0.0001408432341046123,0.0010303885131164505,285,262
2024-05-15,0.009621733324416671,0.010415890455924707,0.012383076919844083,0.010153588947431425,-0.0007941571315080356,0.0002623015084932817,235,233
2024-05-16,0.0003203593699660126,-0.00051533079997654,-0.00205753019043331,-0.000693180199905292,0.0008356901699425527,0.000177849399928752,230,234
2024-05-17,0.0018090849654275828,0.0017567943116346932,0.001437547504734793,0.0024828804408578535,5.2290653792889594e-05,-0.0007260861292231603,231,237
2024-05-20,0.0014915060349538938,0.002046705744252934,0.0011521850332256722,0.0019917334847308326,-0.00055519970929904,5.497225952210121e-05,232,237
2024-05-21,7.029566036897321e-05,-0.00019494459340891368,0.002452273373356517,-0.0014902241776430746,0.00026524025377788686,0.001295279584234161,230,237
2024-05-22,-0.0018093548290061413,-0.0016884790610264967,-0.00287909685335741,-0.0024557866551179397,-0.00012087576797964461,0.000767307594091443,232,219
2024-05-23,-0.011583493568271055,-0.012314791948526051,-0.007304331304737843,-0.012150624012965391,0.0007312983802549959,-0.00016416793556065998,233,221
2024-05-24,0.007213034110235025,0.007565989342203892,0.00661627792297903,0.006249342962449495,-0.00035295523196886714,0.0013166463797543975,233,217
2024-05-28,-0.0017624905675647704,-0.003064111953970628,0.0006990625796310379,-0.0034691087214577727,0.0013016213864058578,0.0004049967674871445,230,217
2024-05-29,-0.011000517558728476,-0.011116221132203674,-0.00700258401303977,-0.010578164833345952,0.00011570357347519787,-0.0005380562988577219,230,218
2024-05-30,0.0024501175706743194,0.0016394139943189886,-0.006633687739155847,-0.00047898859715680205,0.0008107035763553307,0.002118402591475791,232,218
2024-05-31,0.008693615510114275,0.007953987872234372,0.009108106324044574,0.00898815131896252,0.0007396276378799031,-0.001034163446728147,232,218
2024-06-03,-0.003382590285216501,-0.004565964557145185,0.0008155967356113791,-0.0014992693712943016,0.0011833742719286836,-0.003066695185850883,232,218
2024-06-04,-0.004352746124782219,-0.005389755095966046,0.001117808224396999,-0.0016363211202461718,0.0010370089711838277,-0.0037534339757198743,232,218
2024-06-05,0.011360791642240221,0.011832578649115721,0.011884842443602883,0.010618568204700729,-0.0004717870068754997,0.0012140104444149924,229,219
2024-06-06,-0.0015160093903952968,-0.0011776252320348727,-1.856901090635521e-05,0.0004047547805042501,-0.0003383841583604241,-0.001582380012539123,228,219
2024-06-07,-0.003584422333976138,-0.0039691448907390155,-0.0012155876343133976,-0.0032997620195060044,0.00038472255676287766,-0.0006693828712330111,230,219
2024-06-10,0.002583009860631284,0.0017860897810841297,0.0030895594518385305,0.0010414469889887576,0.0007969200795471542,0.0007446427920953722,229,220
2024-06-11,-0.0027857771152226467,-0.00296746148061724,0.002408571473818899,-0.0011798963017504028,0.00018168436539459315,-0.001787565178866837,229,220
2024-06-12,0.003922955163374361,0.0035419225008487946,0.008212789407527454,0.005424574206988635,0.000381032662525566,-0.0018826517061398406,227,227
2024-06-13,-0.004829165935590478,-0.00632223634638958,0.0020137509393209907,-0.0054203940387205895,0.0014930704107991022,-0.0009018423076689909,226,224
2024-06-14,-0.005373200984938751,-0.00650505739362815,0.0006081587097304109,-0.002316719643474673,0.0011318564086893988,-0.004188337750153477,226,223
2024-06-17,0.005506264661673602,0.0043971395372911365,0.00795914268166964,0.00638520209849049,0.0011091251243824651,-0.001988062561199353,226,223
2024-06-18,0.002088826893173657,0.0021427973204269203,0.0025403672954413814,-0.00015925884873160863,-5.397042725326356e-05,0.002302056169158529,222,221
2024-06-20,0.0017285914552029223,0.0022058247158246056,-0.0027163163313621563,0.0007145917475551008,-0.0004772332606216834,0.0014912329682695048,221,221
2024-06-21,0.0009515526674620844,0.000756270012194252,-0.001340605303397857,0.001762709260510224,0.00019528265526783247,-0.001006439248315972,220,221
2024-06-24,0.003251033930538613,0.004751679369841551,-0.003250644486655463,0.0036145690394012897,-0.0015006454393029374,0.0011371103304402609,220,220
2024-06-25,-0.001781088178842362,-0.00163687254987961,0.003850621816682054,-0.0006815303567356177,-0.00014421562896275194,-0.0009553421931439924,219,221
2024-06-26,-0.0013951618882377342,-0.0011657467158953144,0.001248381897485329,0.0006183428826875729,-0.0002294151723424198,-0.0017840895985828872,219,221
2024-06-27,0.0015681064071293982,0.0019054714017237553,0.0015763574626213028,0.0008137377015653815,-0.0003373649945943571,0.0010917337001583739,219,221
2024-06-28,-0.0021695279216597937,-0.0014050208447645746,-0.003934977773824011,-0.000579871422142785,-0.0007645070768952191,-0.0008251494226217896,220,221
2024-07-01,-0.0020778272216031824,-0.00212710938858484,0.0020580699833565586,-0.0011753780101380464,4.928216698165755e-05,-0.0009517313784467936,222,222
2024-07-02,0.005909306772813272,0.004898104414607292,0.006729488704265263,0.004182109462753463,0.0010112023582059797,0.0007159949518538294,218,222
2024-07-03,0.0046129463664189,0.004058572623162659,0.004462535692299374,0.004488445684740389,0.0005543737432562408,-0.0004298730615777298,222,222
2024-07-05,0.00020240532439214288,0.00027956551039915714,0.005766606836128396,0.0025757881156947926,-7.716018600701426e-05,-0.0022962226052956353,220,222
2024-07-08,0.00032876943997343076,-0.0006633445004611112,0.0011538007214388912,0.001060256497983133,0.000992113940434542,-0.001723600998444244,227,224
2024-07-09,-0.0020774180359760907,-0.002032792319655709,0.0009726688293310026,-0.003102314202449615,-4.4625716320381877e-05,0.001069521882793906,220,222
2024-07-10,0.009728806461894574,0.008662475302480897,0.009895286435918749,0.009393971701244211,0.001066331159413677,-0.0007314963987633139,223,220
2024-07-11,0.003673271592485479,0.005899524699010447,-0.00862266356548047,0.006261409761541177,-0.002226253106524968,-0.0003618850625307299,223,224
2024-07-12,0.007343447231628108,0.007095978482855182,0.006307306534624857,0.008828394266177717,0.00024746874877292543,-0.0017324157833225346,222,218
2024-07-15,0.0023972577747693354,0.0033820518082690724,0.0027501832952201433,0.0038305447475343673,-0.000984794033499737,-0.00044849293926529487,221,218
2024-07-16,0.012372081797291363,0.010964466083162651,0.005930229536079024,0.01361607434750306,0.001407615714128712,-0.0026516082643404087,211,219
2024-07-17,-0.009584040842313148,-0.010413111545596819,-0.014021237828012678,-0.008344004220420427,0.0008290707032836703,-0.0020691073251763916,214,220
2024-07-18,-0.008215629014113008,-0.008325369447304169,-0.007684719889705094,-0.011191923952351128,0.00010974043319116056,0.0028665545050469594,216,212
2024-07-19,-0.006622811512572111,-0.006532615338530463,-0.006640584713270448,-0.007310629652546804,-9.019617404164813e-05,0.0007780143140163412,214,212
2024-07-22,0.012508610135237823,0.013078639470612696,0.010310013477656366,0.010776068341806269,-0.0005700293353748734,0.002302571128806427,223,211
2024-07-23,-0.001067474448629615,-0.002192936640756286,-0.0015686751905057417,-0.0035242508384035576,0.0011254621921266712,0.0013313141976472715,223,210
2024-07-24,-0.01688061078709574,-0.018306796681387245,-0.02266248419924921,-0.018451612227564012,0.0014261858942915054,0.00014481554617676654,228,209
2024-07-25,-0.00013488073653182195,-0.0002693483888372301,-0.005210285632945788,0.001491105220101147,0.00013446765230540813,-0.001760453608938377,225,205
2024-07-26,0.011395674674790277,0.010973085347627204,0.011199675940903875,0.012098565171849304,0.00042258932716307367,-0.0011254798242221007,223,208
2024-07-29,-0.0014868035739730567,-0.0026690506580956015,0.0005876509321249834,-0.0019935745093754517,0.0011822470841225449,-0.0006754761487201499,224,208
2024-07-30,-0.0020152227704079515,-0.0019000829796727771,-0.005066489846381805,-0.0016387734315964576,-0.00011513979073517438,-0.0002613095480763195,224,208
2024-07-31,0.015934811350474275,0.01445557599072694,0.01625464939413712,0.011100808458899226,0.001479235359747335,0.0033547675318277136,225,199
2024-08-01,-0.017082910660905205,-0.01872760279518778,-0.01416089772791107,-0.018856362790086158,0.0016446921342825743,0.00012875999489837808,224,199
2024-08-02,-0.020326501876932957,-0.02520787446193791,-0.018618465583101207,-0.02087318129706286,0.004881372585004953,-0.004334693164875048,224,200
2024-08-05,-0.02506198380862297,-0.024941114493107257,-0.02912355475609818,-0.026479245853872263,-0.0001208693155157134,0.0015381313607650063,227,200
2024-08-06,0.009964978671347874,0.009781299241193081,0.009219499262125286,0.009377046079508965,0.00018367943015479282,0.000404253161684116,230,200
2024-08-07,-0.006780126568994588,-0.008259732869171416,-0.006684148306845938,-0.00639457096095313,0.0014796063001768283,-0.001865161908218286,231,198
2024-08-08,0.021927228921598686,0.022575456399950157,0.023117345892260666,0.021032657498011503,-0.0006482274783514708,0.0015427989019386537,233,206
2024-08-09,-0.00010031333651429004,-0.0008732960263800579,0.0044097841495645,0.0019415331686385817,0.0007729826898657679,-0.0028148291950186397,234,193
2024-08-12,-0.0018178445900357526,-0.002648568560902559,0.0005254170960922178,-0.0049815457410458145,0.0008307239708668062,0.0023329771801432557,235,194
2024-08-13,0.015714243905561708,0.015132837491641231,0.01644557530091073,0.016074368175158223,0.0005814064139204773,-0.0009415306835169925,235,194
2024-08-14,0.0025899033617649697,0.002319099626106939,0.003154756395283176,0.0007363309301723433,0.0002708037356580306,0.0015827686959345958,234,199
2024-08-15,0.015859770940037023,0.01785894744799601,0.017140221567987446,0.015854302562337216,-0.0019991765079589857,0.0020046448856587927,230,199
2024-08-16,0.0032082347184439475,0.0023109058405473585,0.0022421250425819217,0.0028953124573691575,0.000897328877896589,-0.0005844066168217989,229,210
2024-08-19,0.008664407587083598,0.009361668030601835,0.00956133089350808,0.009461430253999993,-0.0006972604435182377,-9.976222339815738e-05,229,227
2024-08-20,-0.004857106135865132,-0.005725465630209621,-0.0016260690385396792,-0.0052554858734110334,0.0008683594943444898,-0.0004699797567985879,228,222
2024-08-21,0.006082342096449801,0.006733720172397028,0.0034365848414028566,0.00675935250287289,-0.000651378075947227,-2.5632330475861345e-05,229,223
2024-08-22,-0.008574028789868004,-0.008545743457057975,-0.007848674428717062,-0.007698012361924011,-2.8285332810028957e-05,-0.0008477310951339632,229,224
2024-08-23,0.01404174922914984,0.013621641578335347,0.010625422141984808,0.014785761929708423,0.00042010765081449374,-0.0011641203513730759,229,238
2024-08-26,-0.001467852361268912,-0.0012237157636796072,-0.0023838221000610504,-0.0007417460908256899,-0.0002441365975893049,-0.0004819696728539173,229,238
2024-08-27,0.0003542819146871535,0.0007316953463604029,0.0013732414384064473,0.0005530645832838959,-0.0003774134316732494,0.00017863076307650697,228,238
2024-08-28,-0.0049866608988633114,-0.0051939051837435095,-0.005805435107038459,-0.006642344959105357,0.00020724428488019808,0.0014484397753618478,226,238
2024-08-29,0.0014518468140498739,0.0015776147617000337,8.952697112185604e-05,0.0024337830106430695,-0.00012576794765015989,-0.0008561682489430357,226,238
2024-08-30,0.009245167581987438,0.009239491109974218,0.009546108600853476,0.007870350935979042,5.676472013219774e-06,0.0013691401739951755,226,238
2024-09-03,-0.0189872549376229,-0.018631363329454934,-0.020579015735476047,-0.020283816688720407,-0.0003558916081679679,0.0016524533592654732,225,238
2024-09-04,-0.0005278838665782072,-0.000729425822606078,-0.0020468082735936033,-0.00021753548975576216,0.00020154195602787076,-0.0005118903328503159,227,238
2024-09-05,-0.0041816743508874,-0.005602265680847881,-0.002432194921198616,-0.005471378493625148,0.0014205913299604814,-0.00013088718722273265,226,292
2024-09-06,-0.014796534363902714,-0.013939984186456925,-0.01682994528863191,-0.013614137937392481,-0.0008565501774457883,-0.00032584624906444384,225,295
2024-09-09,0.01107684198614816,0.010387253345693938,0.011196002548713668,0.009478167053005384,0.0006895886404542223,0.0009090862926885539,223,297
2024-09-10,0.0029672723432765348,0.0023455037720590596,0.004355842243748853,0.0002191498850600651,0.0006217685712174752,0.0021263538869989943,224,294
2024-09-11,0.00940440956457298,0.008043049260114364,0.01025898557183913,0.008249173395013382,0.0013613603044586153,-0.00020612413489901754,225,294
2024-09-12,0.006466337529351192,0.005901049287601962,0.008423250516772729,0.0067901721078751625,0.0005652882417492306,-0.0008891228202732009,224,294
2024-09-13,0.008691975692165472,0.008197913461027617,0.005222644079797112,0.009276532942656034,0.0004940622311378554,-0.0010786194816284171,222,298
2024-09-16,0.004259096197800374,0.004587155489133679,0.0014769165477510615,0.004109672131302929,-0.00032805929133330504,0.0004774833578307502,222,298
2024-09-17,-8.79939330208943e-05,-0.0002574372044900288,0.00040841308702432855,0.0014466792263843097,0.00016944327146913452,-0.0017041164308743385,222,298
2024-09-18,-0.0036569144374224826,-0.003335390798569197,-0.0029656261019592733,-0.002759000578176674,-0.0003215236388532856,-0.0005763902203925232,221,297
2024-09-19,0.013103686647412339,0.013667735882181634,0.0170641335890509,0.015580683618614507,-0.0005640492347692948,-0.001912947736432873,221,297
2024-09-20,-0.0037417704241511874,-0.003844531206733492,-0.0017285076847672887,-0.004216971279023011,0.00010276078258230443,0.00037244007228951935,222,296
2024-09-23,0.0040626897241542795,0.003911678602074885,0.0024988464537973876,0.005300850476259031,0.0001510111220793947,-0.0013891718741841459,223,297
2024-09-24,0.004182537836862294,0.004199091867441032,0.002861468217643548,0.0051214930867326805,-1.655403057873768e-05,-0.0009224012192916489,223,297
2024-09-25,-0.004827130863991855,-0.00488840818665317,-0.002205585632772178,-0.005952219990621341,6.127732266131454e-05,0.0010638118039681711,224,300
2024-09-26,0.007861099119419537,0.008239882395940208,0.00396478642197029,0.00906066913142769,-0.00037878327652067154,-0.0008207867354874821,224,300
2024-09-27,0.0009183691876014275,0.0009666558281986358,-0.0014503998283044162,0.0015739840523378002,-4.828664059720834e-05,-0.0006073282241391643,251,300
2024-09-30,0.001455735691017838,0.0008084636492143423,0.004007095461138421,0.000990601049973262,0.0006472720418034958,-0.00018213740075891983,248,300
2024-10-01,-0.005985326416860577,-0.005976071419564492,-0.00895821466064195,-0.00612964628211221,-9.25499729608533e-06,0.00015357486254771822,249,300
2024-10-02,-0.0003527601063598878,0.00027837545565278756,0.00042180395922475356,-0.001340708055920993,-0.0006311355620126753,0.0016190835115737806,250,297
2024-10-03,-0.0039465080437291146,-0.003697717832384378,-0.0018281076100494786,-0.005069720722088601,-0.00024879021134473645,0.0013720028897042233,250,297
2024-10-04,0.0073499705804894325,0.007561872221705677,0.009087447006388194,0.008695563555434,-0.00021190164121624461,-0.0011336913337283237,250,297
2024-10-07,-0.008507498219771929,-0.008072457457780445,-0.009040700753753184,-0.006889700254419946,-0.0004350407619914832,-0.001182757203360499,237,300
2024-10-08,0.005496450626392047,0.004662085681782387,0.009457724086606945,0.0043284011515979754,0.0008343649446096594,0.0003336845301844119,237,300
2024-10-09,0.00656349506642227,0.0066495813577142505,0.006926579068067484,0.006949303013637754,-8.60862912919801e-05,-0.0002997216559235032,237,296
2024-10-10,-0.0024804339772386648,-0.002098944446628079,-0.0017502709473956601,-0.002880175812910947,-0.0003814895306105859,0.000781231366282868,227,296
2024-10-11,0.008742749746621776,0.008911737866063456,0.005988364682532499,0.008475397653412601,-0.00016898811944168063,0.0004363402126508556,227,296
2024-10-14,0.00720846916860834,0.00634131762494166,0.008178293433608763,0.005617286994689781,0.0008671515436666803,0.000724030630251879,227,296
2024-10-15,-0.007513417288066074,-0.008728157282593532,-0.0077694473692956345,-0.007600696659577692,0.001214739994527458,-0.0011274606230158406,222,297
2024-10-16,0.00505887177034304,0.005573730635032996,0.004346220853588489,0.0052912108743160624,-0.0005148588646899559,0.0002825197607169332,223,295
2024-10-17,0.0004660413056041264,-0.0010997712521931952,8.589626262245353e-05,-0.0011564344463790021,0.0015658125577973215,5.666319418580696e-05,223,295
2024-10-18,0.004088623519418627,0.004059692171328545,0.0038465567724994543,0.0040989330101741245,2.8931348090081334e-05,-3.924083884557922e-05,227,295
2024-10-21,-0.00557301789834031,-0.005693549171363022,-0.0016422990434823426,-0.0071016376770341215,0.00012053127302271219,0.0014080885056710997,226,295
2024-10-22,-0.002786455119657043,-0.0029423096215397586,-0.000531107844529144,-0.002980166593767501,0.00015585450188271548,3.78569722277425e-05,227,295
2024-10-23,-0.005335187396548025,-0.0070797692051893365,-0.009137361442768999,-0.005416243189012982,0.0017445818086413113,-0.0016635260161763548,227,296
2024-10-24,0.001988224339752061,0.001060114315354242,0.0021627712512073405,0.0006992244736276917,0.0009281100243978188,0.0003608898417265504,263,296
2024-10-25,-0.0020723493934954465,-0.002685319604958194,-0.00034540009329253607,-0.0016931364482049558,0.0006129702114627475,-0.0009921831567532382,262,296
2024-10-28,0.0040509447332097515,0.0035935401533868164,0.0030914499576457644,0.0050843756913074864,0.0004574045798229351,-0.00149083553792067,263,288
2024-10-29,-0.0016455715758544591,-0.000322412421977826,0.0016183129423537057,-0.0012365751752857204,-0.0013231591538766332,0.0009141627533078944,263,288
2024-10-30,-0.0013769611886151085,-0.003009013318028074,-0.0030253152532839778,-0.004181265819968141,0.0016320521294129655,0.0011722525019400671,324,288
2024-10-31,-0.01247581746702153,-0.012271170875830378,-0.019602996340970624,-0.012801113908086382,-0.0002046465911911509,0.0005299430322560032,323,287
2024-11-01,0.0029801053975726777,0.0043016352809494935,0.004220417054029646,0.00446074520529128,-0.0013215298833768158,-0.00015910992434178643,325,287
2024-11-04,-0.0004642343339029363,-0.001315510426869261,-0.0021537737131349655,-0.001094943944799811,0.0008512760929663247,-0.00022056648206945006,325,287
2024-11-05,0.011841745828127625,0.010382473280024422,0.012091702708866281,0.009998655757608263,0.0014592725481032028,0.0003838175224161588,323,287
2024-11-06,0.023228438958584275,0.023418934012753773,0.024865513828021824,0.02154435981419866,-0.0001904950541694976,0.0018745741985551137,323,287
2024-11-07,0.004468985735815866,0.005109456647730642,0.007732139566883456,0.00455728729698468,-0.0006404709119147761,0.0005521693507459617,324,287
2024-11-08,0.0039002513796751836,0.003297449460587663,0.0043316698038256,0.0027520281777942677,0.0006028019190875205,0.0005454212827933954,323,297
2024-11-11,0.0043632313334018135,0.0035720887242638756,0.000952955482500295,0.004500240836341239,0.0007911426091379379,-0.0009281521120773637,327,299
2024-11-12,-0.008342962738929007,-0.0075556259505747715,-0.003106436676122093,-0.007830108478784807,-0.0007873367883542357,0.000274482528210036,328,300
2024-11-13,-0.00036513999255892064,-0.00014380786476806233,0.00048582421637055617,-0.0005691096888109036,-0.0002213321277908583,0.00042530182404284134,329,300
2024-11-14,-0.006517082272773531,-0.006347264192005024,-0.006430176239068386,-0.007485141164706791,-0.00016981808076850687,0.0011378769727017667,331,301
2024-11-15,-0.010064199783811194,-0.01201822566902346,-0.012808560073861108,-0.011371689938515995,0.001954025885212266,-0.0006465357305074654,330,280
2024-11-18,0.005104282991477174,0.00482460584050642,0.004097457137459903,0.004066702016577242,0.000279677150970754,0.0007579038239291774,330,280
2024-11-19,0.0016055313077764457,0.001054491128237305,0.003655314725050429,-0.0005543298099437788,0.0005510401795391408,0.0016088209381810838,330,280
2024-11-20,0.0004971295262130456,-0.00037293573591250896,0.0003390344362723674,0.0017042878688187145,0.0008700652621255545,-0.0020772236047312234,331,280
2024-11-21,0.0107421643646535,0.009957471747923616,0.005368146978349975,0.01115609421299298,0.0007846926167298842,-0.0011986224650693631,330,280
2024-11-22,0.006850916796826089,0.00645089108818367,0.0030993072050216064,0.008353240081700408,0.0004000257086424191,-0.0019023489935167384,330,282
2024-11-25,0.0047443877321181665,0.005508841550908501,0.0033922450746333155,0.006915437091054449,-0.0007644538187903342,-0.001406595540145948,329,283
2024-11-26,0.00026275088911265467,0.00014276861949999824,0.00522138804441763,-0.0010227675268757437,0.00011998226961265642,0.001165536146375742,330,282
2024-11-27,-0.0018164791409515295,-0.0018535959721172454,-0.003030023597922704,-0.00039044586673760005,3.711683116571591e-05,-0.0014631501053796454,328,282
2024-11-29,0.005381871040371163,0.004933265940602029,0.006211834278926798,0.0048445864226791405,0.0004486050997691343,8.86795179228881e-05,328,282
2024-12-02,0.0004575012453436212,0.0010158310465801265,0.0017925295963767685,0.0015053797755798675,-0.0005583298012365053,-0.000489548728999741,328,281
2024-12-03,-0.0015185136943358872,-0.002298586632951893,0.0004639596457520767,-0.0020523277762444308,0.000780072938616006,-0.0002462588567074624,328,281
2024-12-04,0.0032655720637841997,0.003001963242309345,0.006209419772410518,0.003268493964132646,0.00026360882147485453,-0.00026653072182330085,328,281
2024-12-05,-0.0035325350923340183,-0.00417250345854578,-0.0016457159439817737,-0.004744740139912382,0.0006399683662117613,0.0005722366813666023,328,281
2024-12-06,0.001538941764825208,0.0009500217804137648,0.0018957703056783348,0.0004033645498569439,0.0005889199844114432,0.0005466572305568209,327,281
2024-12-09,-0.003871471389765856,-0.004008747745278432,-0.005149618902517306,-0.004230138734103836,0.00013727635551257595,0.0002213909888254045,330,286
2024-12-10,-0.004979208452762973,-0.00444840964707976,-0.00310917266864974,-0.004674323347549989,-0.0005307988056832127,0.00022591370047022902,328,285
2024-12-11,0.004694486666466181,0.004324520200786463,0.007730773625350462,0.0030645925186373172,0.0003699664656797181,0.0012599276821491459,328,275
2024-12-12,-0.005410227100253058,-0.005261723866805004,-0.005152585400312493,-0.005146365181351385,-0.00014850323344805377,-0.00011535868545361865,332,276
2024-12-13,0.0003218512065461671,-0.0007659180401235065,-0.00019869805758443437,-0.002048269581607866,0.0010877692466696736,0.0012823515414843597,332,272
2024-12-16,0.00016691819118925386,-0.0007950325797841514,0.004270118533562961,-0.001350750826745323,0.0009619507709734053,0.0005557182469611715,332,273
2024-12-17,-0.004300575587546509,-0.0043257463745902365,-0.0041201367115223375,-0.003248103294562781,2.517078704372764e-05,-0.0010776430800274557,332,271
2024-12-18,-0.029811379229390124,-0.028005698377994045,-0.029803482541052806,-0.028211102973908168,-0.0018056808513960791,0.0002054045959141229,331,271
2024-12-19,-0.003569351773214458,-0.002696523435944643,-0.00030716992546553357,-0.0034094537267309053,-0.0008728283372698149,0.0007129302907862623,331,270
2024-12-20,0.010320731509403365,0.009889837971173812,0.012011115211756573,0.00856624986024759,0.00043089353822955284,0.0013235881109262219,331,270
2024-12-23,0.005492805727252088,0.00589711523127008,0.005988339781696439,0.00521326527410679,-0.00040430950401799167,0.0006838499571632899,331,269
2024-12-24,0.00984054374978765,0.009251776514657185,0.01111496571409143,0.008378218098394178,0.0005887672351304659,0.0008735584162630067,331,270
2024-12-26,-4.955474604183573e-05,0.0004540415602046912,6.65501538725799e-05,0.0010240088705201866,-0.000503596306246527,-0.0005699673103154954,332,270
2024-12-27,-0.008342031567809225,-0.007824653720110092,-0.010526540204950474,-0.007773003849477141,-0.0005173778476991325,-5.1649870632951116e-05,330,270
2024-12-30,-0.010515983531390168,-0.010354029470174142,-0.011411578258592181,-0.009489845604299251,-0.00016195406121602592,-0.0008641838658748902,330,270
2024-12-31,-0.001401322517195161,-0.0012943631935290352,-0.0036379652702070997,0.00011628127853222286,-0.0001069593236661258,-0.001410644472061258,327,272
2025-01-02,-0.0014935841005663916,-0.001681383213995798,-0.002457066638973049,-0.0011552855814325135,0.00018779911342940627,-0.0005260976325632844,322,272
2025-01-03,0.01206754502867359,0.010882737797562629,0.012503475553182541,0.010884873956467166,0.0011848072311109615,-2.136158904536903e-06,330,272
2025-01-06,0.0035931187717039535,0.0027021779928573224,0.00576051594844551,0.00245383581776146,0.0008909407788466311,0.00024834217509586264,329,270
2025-01-07,-0.007422329164396088,-0.005329733065901259,-0.011304205117054988,-0.005280921160418316,-0.002092596098494829,-4.881190548294313e-05,329,270
2025-01-08,0.0005317766817211693,0.0012034544838483677,0.0014611506783619443,0.0012072773196454031,-0.0006716778021271984,-3.822835797035427e-06,331,272
2025-01-10,-0.015223280094313164,-0.014508176775097933,-0.01526754467506164,-0.013202605420717793,-0.0007151033192152306,-0.00130557135438014,331,270
2025-01-13,0.0032506599147302077,0.0051433817585835005,0.0015505757543041732,0.004501986860971296,-0.0018927218438532928,0.0006413948976122042,330,270
2025-01-14,0.00450097065187443,0.0033449215043216958,0.0013759416379806044,0.0030785329410054885,0.0011560491475527345,0.00026638856331620726,331,277
2025-01-15,0.0158480269474607,0.014097734307673018,0.018190088104314217,0.013332633178737782,0.0017502926397876834,0.0007651011289352364,331,277
2025-01-16,0.005025519107418408,0.004701983485709171,-0.0019231526348860717,0.005387530475113175,0.0003235356217092377,-0.0006855469894040045,343,275
2025-01-17,0.007551478885736071,0.007315502777593255,0.010039796281914537,0.005165911582093053,0.0002359761081428156,0.002149591195500202,345,275
2025-01-21,0.013029100091993814,0.011378863598054107,0.009153298774269736,0.012076231077468365,0.0016502364939397062,-0.0006973674794142574,346,276
2025-01-22,0.0016994837747036312,0.0014844484382547881,0.005621876484455113,0.001570457304525997,0.0002150353364488431,-8.60088662712089e-05,342,276
2025-01-23,0.005112935829560302,0.004748784911089687,0.005457962401068439,0.005993421402375132,0.00036415091847061525,-0.001244636491285445,342,276
2025-01-24,-0.0017449874637448987,-0.0018890833468695604,-0.00291947141686022,-0.00260530513195442,0.00014409588312466162,0.0007162217850848597,341,279
2025-01-27,-0.009282883981805944,-0.004552445441164547,-0.014145373249831561,-0.009082048356051833,-0.004730438540641397,0.0045296029148872855,345,279
2025-01-28,0.0020758485633596206,0.0015874765821277707,0.008592471315943984,0.0022931384714735344,0.0004883719812318499,-0.0007056618893457637,347,279
2025-01-29,-0.0018479702734843944,-0.0020150600819358448,-0.00448298091773347,-0.002091920023210897,0.00016708980845145036,7.685994127505213e-05,349,282
2025-01-30,0.009175380932332337,0.008588374342478727,0.005367070386180783,0.00970305226158889,0.0005870065898536097,-0.0011146779191101627,350,282
2025-01-31,-0.004854212893316338,-0.005749631825614881,-0.005321755444878562,-0.007409374687320499,0.0008954189322985433,0.001659742861705618,350,282
2025-02-03,-0.007468600414469492,-0.007031059083923943,-0.006729511009134992,-0.008840930581990786,-0.0004375413305455489,0.0018098714980668423,354,282
2025-02-04,0.005299803366473346,0.004702748807239138,0.006708056893550918,0.004919405023272133,0.0005970545592342081,-0.00021665621603299528,355,287
2025-02-05,0.005323018479076735,0.004927099347967355,0.004054667008907664,0.004242751764715729,0.0003959191311093801,0.0006843475832516268,358,287
2025-02-06,0.002538703665473745,0.001141490386562218,0.003475607966170857,0.0005048786198313503,0.001397213278911527,0.0006366117667308677,362,287
2025-02-07,-0.0068380625993952945,-0.008089848013457685,-0.009153456656979642,-0.00781523352004889,0.0012517854140623903,-0.00027461449340879414,363,287
2025-02-10,0.006978232591959006,0.007528917892632198,0.006791099192188899,0.00553069531365422,-0.0005506853006731916,0.0019982225789779776,365,285
2025-02-11,-0.001104379057269102,-0.0002811756982949487,0.0007604748177987286,-0.004594424350359631,-0.0008232033589741532,0.004313248652064682,369,285
2025-02-12,-0.003512713188442217,-0.003675827789648233,-0.003221568200672875,-0.00446804772888711,0.0001631146012060162,0.0007922199392388766,368,293
2025-02-13,0.009440094343718697,0.00947594047449284,0.010557829640788441,0.009011384721281938,-3.584613077414235e-05,0.0004645557532109018,375,305
2025-02-14,-0.0026480192713766565,-0.0026738228829459704,-4.929908037309971e-05,-0.00024846401451422565,2.5803611569313878e-05,-0.0024253588684317448,378,312
2025-02-18,0.007732724684756458,0.006678610209631216,0.002935838625845344,0.005991690079981691,0.0010541144751252422,0.0006869201296495252,381,315
2025-02-19,-0.0001084036133289748,0.0015563149313085045,0.0023549654159298328,0.0018265669435979866,-0.0016647185446374794,-0.00027025201228948205,383,309
2025-02-20,-0.003799703115088431,-0.001792086107892746,-0.0041604218033111096,-0.0036556757971886074,-0.002007617007195685,0.0018635896892958614,383,301
2025-02-21,-0.01796216649348141,-0.015019182486003516,-0.017103962097052228,-0.014619259170284874,-0.0029429840074778942,-0.00039992331571864215,384,297
2025-02-24,-0.006185984664815306,-0.004043607058342807,-0.004550502622708619,-0.004442705882348563,-0.002142377606472499,0.00039909882400575563,385,298
2025-02-25,-0.0038422828759746203,-0.0030434619896129852,-0.004973339876223504,-0.0025809346375750357,-0.0007988208863616351,-0.0004625273520379495,395,299
2025-02-26,0.0018830444027027717,0.0011590430149895886,0.0005051085821121681,0.002920771935079524,0.0007240013877131831,-0.0017617289200899356,416,283
2025-02-27,-0.014313279388120772,-0.014614180183729602,-0.01596187272100169,-0.015244833737811757,0.00030090079560883033,0.0006306535540821553,417,284
2025-02-28,0.013306491436119817,0.013279407957569121,0.015605305816742687,0.012135131810086169,2.708347855069626e-05,0.0011442761474829526,417,284
2025-03-03,-0.016393801294942056,-0.016224502670881165,-0.017519912848197983,-0.017527477138035222,-0.00016929862406089152,0.001302974467154057,418,285
2025-03-04,-0.012442327538425644,-0.012154600042119613,-0.011836837733235739,-0.00853773646998523,-0.00028772749630603077,-0.003616863572134383,446,285
2025-03-05,0.013416139116182656,0.011670204142753583,0.010747880933537068,0.013604962416597241,0.0017459349734290728,-0.0019347582738436578,451,285
2025-03-06,-0.018731497835248915,-0.01811156013339107,-0.017751152762360167,-0.015595036170425677,-0.0006199377018578436,-0.0025165239629653946,461,285
2025-03-07,0.00710803770790033,0.007118056784806349,0.005604785572778992,0.010265566631429544,-1.001907690601888e-05,-0.0031475098466231958,463,285
2025-03-10,-0.025374175073048486,-0.02775132454716776,-0.02663562879515402,-0.024071249246590005,0.0023771494741192736,-0.003680075300577755,463,242
2025-03-11,-0.004682411525863537,-0.002493364813498145,-0.008312662786454483,-0.006709198115447131,-0.002189046712365392,0.004215833301948985,467,243
2025-03-12,0.004721066540627498,0.00644469012952405,0.005306342781235651,0.0034008626561881175,-0.0017236235888965518,0.0030438274733359323,467,254
2025-03-13,-0.013059750082181928,-0.012173021793913224,-0.0133303548978152,-0.014435337712284875,-0.0008867282882687039,0.0022623159183716504,466,254
2025-03-14,0.02203852756889713,0.022922148993600816,0.02065584412799515,0.0226641703857848,-0.0008836214247036865,0.00025797860781601525,472,265
2025-03-17,0.011839082868055692,0.010097153719700384,0.00771146569930381,0.01241185871097632,0.0017419291483553086,-0.002314704991275937,473,265
2025-03-18,-0.009076908590949714,-0.009907550390438813,-0.010808660666914993,-0.00905161084919805,0.0008306417994890982,-0.0008559395412407623,474,263
2025-03-19,0.010651822252180154,0.011776461298827123,0.010890822875730954,0.011878582836899727,-0.0011246390466469695,-0.00010212153807260399,474,263
2025-03-20,-0.003452702739316946,-0.0038594113418514635,-0.0028916370774351163,-0.004073444091498698,0.0004067086025345175,0.00021403274964723476,474,263
2025-03-21,-0.0019203129390968515,-0.0009269459770673671,0.00032983069351377736,-0.0009325756676595402,-0.0009933669620294844,5.6296905921731245e-06,481,263
2025-03-24,0.01884285300124016,0.02099101550426608,0.01790851112775793,0.01900339897191332,-0.002148162503025918,0.00198761653235276,483,271
2025-03-25,-0.00011225532006316686,3.554579606177051e-05,0.0024038461538462563,-0.0006109453606983478,-0.0001478011161249374,0.0006464911567601184,486,271
2025-03-26,-0.010477705391804877,-0.010841406457514684,-0.011938329377862766,-0.012075576810982008,0.00036370106570980665,0.0012341703534673246,486,271
2025-03-27,-0.005001174268592101,-0.005013204507528583,-0.002655564982771863,-0.004817710714185601,1.2030238936481391e-05,-0.00019549379334298216,486,273
2025-03-28,-0.01840528525016264,-0.01931223929835271,-0.020138542405223947,-0.017938352804423227,0.000906954048190068,-0.001373886493929482,484,273
2025-03-31,0.0031651223473288586,0.003203379766668963,0.006712832558287474,0.0017850741401478167,-3.825741934010418e-05,0.001418305626521146,483,304
2025-04-01,0.00268230322474287,0.0021454961083066095,0.002824357736747052,0.0039219559990395685,0.0005368071164362606,-0.001776459890732959,475,304
2025-04-02,0.010075473329293675,0.010662760828294824,0.006328418075771669,0.011679009542723967,-0.0005872874990011483,-0.0010162487144291434,477,304
2025-04-03,-0.05049342986113077,-0.04949097187744035,-0.049280630772377654,-0.049659480494571806,-0.001002457983690419,0.00016850861713145482,478,304
2025-04-04,-0.059300375738234073,-0.05893897629118805,-0.058543043984177645,-0.05802703525804687,-0.00036139944704602356,-0.0009119410331411767,478,308
2025-04-07,-0.0028709576908331714,-0.0036957149614701965,-0.0017811908092518758,-0.0058457223422261695,0.0008247572706370251,0.002150007380755973,481,312
2025-04-08,-0.01938494364665781,-0.019923706242956942,-0.01566277502796032,-0.019550833150283636,0.0005387625962991333,-0.0003728730926733058,492,313
2025-04-09,0.09710531076285146,0.09838591179157219,0.1050194698511624,0.09596013248838414,-0.0012806010287207265,0.002425779303188047,516,320
2025-04-10,-0.038082328956759406,-0.0383113049483732,-0.043819186000878085,-0.037259188606118175,0.0002289759916137904,-0.0010521163422550217,517,320
2025-04-11,0.01621670743147512,0.015752278658279637,0.017842847815596086,0.016767641434434877,0.0004644287731954827,-0.0010153627761552396,516,321
2025-04-14,0.010135055890064948,0.010878177902164748,0.009701543182761618,0.008893716718143237,-0.0007431220120998009,0.0019844611840215114,516,323
2025-04-15,-0.00119809236465066,-0.0014467584153088535,-0.0028009566779919615,-0.0032789671740304214,0.0002486660506581936,0.0018322087587215679,517,353
2025-04-16,-0.017799148108216954,-0.01915604591097284,-0.022228108322715268,-0.019041724011344935,0.0013568978027558853,-0.00011432189962790398,518,361
2025-04-17,0.0050583492687003755,0.00625749566219326,0.0014268371206644925,0.007631819121300037,-0.0011991463934928849,-0.0013743234591067762,518,360
2025-04-21,-0.02218392451122448,-0.021502996173125396,-0.023802704228313765,-0.022305476900202226,-0.0006809283380990842,0.0008024807270768305,521,405
2025-04-22,0.025389977917725782,0.0254112572196697,0.026017831494603794,0.02624035360018541,-2.1279301943916834e-05,-0.0008290963805157106,521,404
2025-04-23,0.017637993521325883,0.018686955632283436,0.01549547679367791,0.016760324662312955,-0.0010489621109575527,0.001926630969970481,519,405
2025-04-24,0.023236547978513978,0.023247861167896535,0.021048917134121048,0.02450366880301495,-1.1313189382557154e-05,-0.0012558076351184139,519,406
2025-04-25,0.004386988836123868,0.005337221580846012,0.007225320685248393,0.004569234377754892,-0.0009502327447221447,0.0007679872030911207,519,406
2025-04-28,0.0018397950573930935,0.0016752155087062534,0.00038131807369912174,0.001471450452103271,0.0001645795486868401,0.00020376505660298235,519,406
2025-04-29,0.005801624305004609,0.005767201982273153,0.006299374906016286,0.005783874891860773,3.442232273145624e-05,-1.6672909587620195e-05,503,406
2025-04-30,0.00040171648055390866,-0.0007335504977232585,0.0003969200081936908,0.0003765399722940126,0.0011352669782771672,-0.001110090470017271,505,406
2025-05-01,0.0035912761020034864,0.0035368370674991466,0.007086899272892966,0.003017445866138499,5.44390345043398e-05,0.0005193912013606475,505,406
2025-05-02,0.01796888281930533,0.018444173484291136,0.014844221666066248,0.018252798080712975,-0.00047529066498580574,0.00019137540357816105,505,406
2025-05-05,-0.0037563268470338688,-0.0039050372276411573,-0.00573433139025048,-0.004131836217489765,0.00014871038060728856,0.00022679898984860744,474,406
2025-05-06,-0.008891417698303844,-0.008433630932649056,-0.008358380396707554,-0.009524061675286483,-0.0004577867656547878,0.0010904307426374271,475,406
2025-05-07,0.004628846202577299,0.003966854797753935,0.0042054218785201325,0.0063198602812069,0.0006619914048233647,-0.002353005483452965,475,406
2025-05-08,0.009663233912411444,0.01018189936590971,0.0069678158690302805,0.011834783245716584,-0.0005186654534982665,-0.001652883879806874,475,415
2025-05-09,0.0013736881853603673,0.0016574777434506221,-0.0012742010630860667,-0.001436934820554177,-0.0002837895580902548,0.003094412564004799,479,415
2025-05-12,0.034464801012387275,0.03355292924877618,0.033047474409526156,0.03680223160725954,0.0009118717636110926,-0.0032493023584833566,481,456
2025-05-13,0.00612317164463147,0.005549384276565678,0.0066039759021399025,0.006862192069451843,0.0005737873680657915,-0.0013128077928861647,480,458
2025-05-14,-0.001963486641511687,-0.00208963108936062,0.0012779785798229248,-0.0026662472499894745,0.00012614444784893276,0.0005766161606288547,481,451
2025-05-15,0.003940321130190239,0.004921882027006279,0.004884164632874111,0.004766670567431585,-0.00098156089681604,0.000155211459574694,480,451
2025-05-16,0.007956897650798418,0.007824441146679904,0.006334221113474925,0.008735900575477469,0.00013245650411851384,-0.000911459428797565,485,453
2025-05-19,0.0011904230738016823,0.0011675518077981103,0.0010938207948751888,0.0008009738459444511,2.287126600357208e-05,0.0003665779618536592,484,452
2025-05-20,-0.0014619981605135488,-0.0010333575004770504,-0.0033622620970610306,-0.000696279719559597,-0.00042864066003649843,-0.0003370777809174534,484,451
2025-05-21,-0.020321313588532897,-0.02016080183666191,-0.016850756334745642,-0.021147986889368583,-0.00016051175187098768,0.000987185052706674,485,451
2025-05-22,-0.0008179403836605106,-0.0012858386089637896,0.0003947301607376552,-0.0011350174469217291,0.0004678982253032791,-0.00015082116204206053,485,451
2025-05-23,-0.005184878419929979,-0.004985159045879106,-0.006825881910519027,-0.005767873273584803,-0.00019971937405087285,0.0007827142277056966,485,451
2025-05-27,0.019763107342494094,0.019270444851053795,0.020790670330528727,0.019967887477311194,0.0004926624914402995,-0.0006974426262573996,484,451
2025-05-28,-0.0078106405037083595,-0.007839541848337695,-0.005785333975273588,-0.00825422165399531,2.8901344629335933e-05,0.00041467980565761467,485,451
2025-05-29,0.0028777700218694125,0.003061003804637344,0.0039474262075909206,0.003213243870081789,-0.0001832337827679313,-0.0001522400654444451,485,448
2025-05-30,-0.0007620256695418641,-0.0005777256241160981,-0.0011186544515516816,-0.0011043437922572481,-0.000184300045425766,0.0005266181681411501,486,447
2025-06-02,0.0029060105079075126,0.002849315783840795,0.005633118682691007,0.0011254584565872608,5.6694724066717536e-05,0.0017238573272535342,486,447
2025-06-03,0.009376483162160453,0.009492916617944545,0.005702480290520562,0.009152969735053005,-0.00011643345578409188,0.0003399468828915401,486,447
2025-06-04,0.000999752510129463,0.0006869953199430748,-0.0002685546544632933,0.0015117022414984983,0.0003127571901863882,-0.0008247069215554235,486,451
2025-06-05,-0.0041938265548700894,-0.004295288080748937,-0.004832575226174862,-0.00366359053109821,0.00010146152587884715,-0.0006316975496507265,486,451
2025-06-06,0.010293585435049669,0.009528258416088837,0.010269001146580026,0.010579907160383555,0.0007653270189608326,-0.0010516487442947184,486,451
2025-06-09,0.002360077495589317,0.0027428436901527635,0.0009010846984405241,0.00232218786841831,-0.0003827661945634466,0.0004206558217344533,490,451
2025-06-10,0.006141518219419534,0.006293884154280275,0.005669829436407703,0.006602880146013041,-0.0001523659348607407,-0.0003089959917327665,513,460
2025-06-11,-0.0027154502142199824,-0.0026910771960998846,-0.0028520606578084085,-0.0018689248329997914,-2.4373018120097713e-05,-0.0008221523631000932,513,464
2025-06-12,0.002517940618986486,0.002649707748540107,0.003974342333478376,0.0032734147834312393,-0.00013176712955362095,-0.0006237070348911323,566,463
2025-06-13,-0.01329905421626148,-0.012996309971622462,-0.01118007341294125,-0.012729537788683623,-0.000302744244639018,-0.0002667721829388396,566,463
2025-06-16,0.011279397003996022,0.010917262595163992,0.009514168567761327,0.009204762594868856,0.0003621344088320308,0.001712500000295136,567,460
2025-06-17,-0.010126252781778169,-0.010343377148922287,-0.008545182675272933,-0.01049896625061451,0.00021712436714411802,0.00015558910169222347,568,460
2025-06-18,0.0006052267583640219,0.00010149423369536878,-0.00015067198563356587,0.00042898298748935033,0.0005037325246686531,-0.00032748875379398157,620,461
2025-06-20,-0.00153436298860959,-0.0017276184944726612,-0.0023484900412722443,-0.0017629230998999336,0.00019325550586307108,3.530460542727244e-05,620,460
2025-06-23,0.008555227557428201,0.008828647094696405,0.009877445925917883,0.008393532123090536,-0.0002734195372682043,0.000435114971605869,621,460
2025-06-24,0.013166809937035314,0.01360218413524942,0.011047302183246677,0.012887673544962647,-0.0004353741982141071,0.0007145105902867741,622,460
2025-06-25,-0.004629605241612128,-0.0048787857943693716,0.0005603485498484329,-0.004438878975260037,0.0002491805527572435,-0.0004399068191093345,643,464
2025-06-26,0.009266276498982644,0.00894171939067102,0.00782377492146935,0.008927889501165225,0.0003245571083116232,1.3829889505795334e-05,643,464
2025-06-27,0.003980648851974707,0.004228105511667313,0.00496832451725937,0.003713200478622176,-0.00024745665969260616,0.0005149050330451369,644,464
2025-06-30,0.004068867307613948,0.004158606437933658,0.00478128084883922,0.004869315008110054,-8.973913031971002e-05,-0.0007107085701763965,646,464
2025-07-01,0.00553070240411078,0.0055503557813497495,-0.0003237169474282764,0.007822541479052546,-1.965337723896978e-05,-0.002272185697702797,646,465
2025-07-02,0.004294844168432696,0.004320695636625316,0.004533404674952779,0.004682754150712493,-2.5851468192620436e-05,-0.00036205851408717665,646,465
2025-07-03,0.0061375956969335985,0.006048257275323101,0.007881227797216672,0.005540818697262188,8.933842161049782e-05,0.0005074385780609123,646,466
2025-07-07,-0.009089755549760837,-0.009030597498219694,-0.007451977060185855,-0.009941339147817566,-5.915805154114301e-05,0.0009107416495978717,647,466
2025-07-08,0.002649698097363004,0.002846365326450745,-0.0005477000385931685,0.002886389245377173,-0.00019666722908774073,-4.002391892642815e-05,648,468
2025-07-09,0.005034878181210978,0.005345515465170019,0.0059967873925852455,0.004642656504390658,-0.00031063728395904107,0.0007028589607793612,646,468
2025-07-10,0.0037473527208173527,0.0039579003613522115,0.002820222768751046,0.003797326041086306,-0.00021054764053485883,0.0001605743202659055,646,470
2025-07-11,-0.006968796992003658,-0.007304178055465049,-0.0035156361982808804,-0.007067696267372038,0.0003353810634613907,-0.00023648178809301118,656,470
2025-07-14,0.0022956617217700518,0.002559128541277034,0.001908458664182211,0.0007674025734236841,-0.0002634668195069822,0.0017917259678533499,652,472
2025-07-15,-0.008992956954234832,-0.00869352190472209,-0.004273327403079508,-0.01067406344094248,-0.0002994350495127418,0.00198054153622039,653,471
2025-07-16,0.0034981202244472624,0.003160378244734996,0.003343222494186504,0.004203509882834781,0.0003377419797122665,-0.0010431316380997853,654,471
2025-07-17,0.00581805474311919,0.005285368101672773,0.006119571230611909,0.006815736200905153,0.0005326866414464169,-0.00153036809923238,665,468
2025-07-18,-0.0011924721684783994,-0.0011084465630409799,-0.0007322815495487411,-0.002355086695799184,-8.402560543741954e-05,0.0012466401327582042,665,470
2025-07-21,-0.001580367764945171,-0.0009346073885162705,0.0018961202137257605,-0.0014247153992681654,-0.0006457603764289005,0.0004901080107518949,660,469
2025-07-22,0.0063800485256442505,0.005988581301962649,0.00014315745726389828,0.008971533972483021,0.0003914672236816014,-0.0029829526705203724,660,469
2025-07-23,0.010621905362049593,0.010907636878242834,0.00850745133662878,0.010948430104737353,-0.0002857315161932418,-4.079322649451836e-05,677,468
2025-07-24,-0.004161915179234151,-0.00458526348078921,0.00033107130538478913,-0.004499616040204808,0.0004233483015550583,-8.564744058440175e-05,677,468
2025-07-25,0.005100099960055748,0.005289862453784181,0.004224296491786017,0.005213500474631315,-0.0001897624937284327,7.636197915286518e-05,676,468
2025-07-28,-0.0020018615981431554,-0.0011408713798747806,-0.0002511098453120697,-0.0032067976433664863,-0.0008609902182683748,0.002065926263491706,677,469
2025-07-29,-0.004607068850593156,-0.004899694306337851,-0.002637607015591792,-0.004949027991841587,0.00029262545574469494,4.9333685503735736e-05,677,470
2025-07-30,-0.003666915763849454,-0.0028402314343743584,-0.0012593805935410263,-0.004230936031030447,-0.0008266843294750955,0.0013907045966560882,676,470
2025-07-31,-0.008968294390442935,-0.00964494460617573,-0.0037511184124822128,-0.010930396788816849,0.0006766502157327953,0.0012854521826411187,673,470
2025-08-01,-0.01475269586570736,-0.014113920268354875,-0.016390402087159806,-0.01146047612424787,-0.0006387755973524846,-0.0026534441441070054,673,474
2025-08-04,0.01542185781257469,0.01579482545793983,0.01519959600683607,0.013820868441059873,-0.0003729676453651399,0.0019739570168799576,673,474
2025-08-05,-0.0016994618856637541,-0.0021298402753642254,-0.005069872596968561,-0.0034272256182819255,0.00043037838970047125,0.0012973853429177002,683,474
2025-08-06,0.0024887892798611277,0.0022670609680307614,0.007659865067447091,0.002209001535429221,0.00022172831183036625,5.805943260154059e-05,684,474
2025-08-07,0.0005203264861503953,5.7874101004565865e-05,-0.000837761014518934,-0.0003742943403521684,0.0004624523851458295,0.00043216844135673423,684,475
2025-08-08,0.002695728374540678,0.002172939758737665,0.007797543710129862,0.0025401558477758314,0.0005227886158030129,-0.00036721608903816623,687,481
2025-08-11,-0.00370921855867592,-0.004057342633481556,-0.001977363143624844,-0.0036614851325012755,0.00034812407480563565,-0.00039585750098028016,689,481
2025-08-12,0.015869478794657672,0.01606145738537569,0.010645955345396807,0.015932388523088543,-0.00019197859071801854,0.00012906886228714748,686,481
2025-08-13,0.010833450514805075,0.010869513018282158,0.00342325815282285,0.012299617608175922,-3.606250347708284e-05,-0.0014301045898937638,684,482
2025-08-14,-0.0035020225213582027,-0.002918589497135965,9.286080740555924e-05,-0.004041679193220773,-0.0005834330242222379,0.0011230896960848081,693,475
2025-08-15,0.00036124019633921526,-2.8614625486377757e-05,-0.0023411604144276676,0.0004266258144036149,0.000389854821825593,-0.00045524043988999263,689,667
2025-08-18,0.0005846410420973598,0.0007862558411749549,-0.00021777244270015927,0.001217056502930746,-0.00020161479907759513,-0.0004308006617557912,691,667
2025-08-19,-0.0020186307741611705,-0.0024793672349297967,-0.005425013223060993,-0.00016608128070425232,0.00046073646076862616,-0.0023132859542255445,692,666
2025-08-20,-0.002122742274012578,-0.002216768521246677,-0.002657200364181822,-0.001726817907537927,9.402624723409874e-05,-0.0004899506137087499,694,669
2025-08-21,-0.0029791001842747866,-0.0032713604681543764,-0.0040115924920842705,-0.003303309383256992,0.0002922602838795899,3.1948915102615605e-05,693,669
2025-08-22,0.020875038862965066,0.02096903695543979,0.015356710144395658,0.019994807289490487,-9.399809247472371e-05,0.0009742296659493027,693,683
2025-08-25,-0.007106176302015766,-0.0069625404081111375,-0.004401019577044973,-0.007461665055884613,-0.00014363589390462873,0.0004991246477734756,693,682
2025-08-26,0.0018651267161951702,0.002221731194045155,0.004186966211639165,0.0018235525728575528,-0.000356604477849985,0.00039817862118760234,692,682
2025-08-27,0.0027014092224179505,0.002414607033438766,0.002278453022356741,0.0034509401988659745,0.00028680218897918436,-0.0010363331654272083,685,683
2025-08-28,0.0027336914509964194,0.003261879881717745,0.003541507690918211,0.0016878794540359494,-0.0005281884307213255,0.0015740004276817955,682,682
2025-08-29,-0.0037115520121794713,-0.0035130791567582324,-0.005963861423187056,-0.002604281520977267,-0.00019847285542123894,-0.0009087976357809655,681,682
2025-09-02,-0.006040724890334876,-0.005741932304848142,-0.007410239855265122,-0.0063164540226524875,-0.00029879258548673373,0.0005745217178043452,681,678
2025-09-03,0.00026550042545367154,3.74184576644617e-05,0.0054196700659536745,-0.0004250543417273412,0.00022808196778920984,0.00046247279939180293,661,679
2025-09-04,0.007122856993629775,0.0069367284735838185,0.008357411681809479,0.0066456516622594225,0.00018612852004595663,0.00029107681132439604,655,679
2025-09-05,0.0009308294007649169,0.0007757323569932634,-0.002896333007960439,0.0017606163527421378,0.0001550970437716535,-0.0009848839957488744,650,680
2025-09-08,0.002564437912079412,0.002469667900325343,0.002456656294075321,0.002042703951764485,9.477001175406917e-05,0.00042696394856085815,650,679
2025-09-09,0.0008192557769045976,0.0006237475588726905,0.0023119044917518927,-0.000954299158594198,0.00019550821803190704,0.0015780467174668885,651,675
2025-09-10,0.000212378945737167,0.0008078721344129176,0.0028908489301462392,-0.0010359157253396357,-0.0005954931886757506,0.0018437878597525534,648,674
2025-09-11,0.013035177071995058,0.012445180975351314,0.008310057760350764,0.013973595188318326,0.000589996096643744,-0.0015284142129670126,647,671
2025-09-12,-0.005673042478095812,-0.005869273004347643,-0.00033452068106376576,-0.007589207078499761,0.00019623052625183154,0.0017199340741521178,652,671
2025-09-15,0.001894567059894834,0.0015215093356294276,0.005324008789658441,0.0009196446957233396,0.00037305772426540654,0.000601864639906088,645,669
2025-09-16,0.00037451185454225695,8.960425789900588e-05,-0.001376934061145807,-2.4641056209299832e-05,0.00028490759664325107,0.0001142453141083057,645,735
2025-09-17,0.00037999355468530145,0.00047972188425302503,-0.0012424491104373603,0.0016812450631162991,-9.972832956772358e-05,-0.0012015231788632741,644,735
2025-09-18,0.009341800605460008,0.009005492618606191,0.004672558631052093,0.007091236587091369,0.00033630798685381665,0.0019142560315148216,645,735
2025-09-19,-0.0013728046780126747,-0.0012490357619433124,0.00495283642365596,-0.0017702455489311633,-0.0001237689160693623,0.0005212097869878509,645,735
2025-09-22,0.0023440279239588598,0.002108719102261561,0.004730992209795115,0.002003571124258191,0.0002353088216972988,0.00010514797800337001,640,735
2025-09-23,-0.0021854478450993543,-0.0018277830614280542,-0.0054435731762725315,-0.0016146723429135373,-0.0003576647836713001,-0.00021311071851451684,644,734
2025-09-24,-0.0020516855689747112,-0.0022262935193174144,-0.003181658436320456,-0.0029227421265356473,0.0001746079503427032,0.0006964486072182328,648,734
2025-09-25,-0.007216957660947169,-0.0070113288207346225,-0.004613352686594796,-0.008088462922190412,-0.00020562884021254647,0.0010771341014557895,648,735
2025-09-26,0.007707821293802434,0.007203084499635891,0.005729010168833648,0.007902862489760517,0.0005047367941665428,-0.0006997779901246259,654,735
2025-09-29,0.0028841055382474792,0.002943649876205541,0.0028105276492997877,0.002804994867286168,-5.9544337958061626e-05,0.00013865500891937273,655,735
2025-09-30,0.0037830691591861035,0.0034592247544305388,0.003766799753069261,0.003410260949882159,0.0003238444047555648,4.89638045483797e-05,655,725
2025-10-01,0.00580386108617244,0.004957447845848285,0.0034075139409872612,0.005006193626889096,0.0008464132403241554,-4.874578104081123e-05,655,725
2025-10-02,0.0035826925812731092,0.003217495734213875,0.0011518238595513708,0.0022526332719309873,0.0003651968470592343,0.0009648624622828877,653,725
2025-10-03,0.003008250759526915,0.0030814720155814086,-1.48421705706836e-05,0.0050935465301092785,-7.322125605449363e-05,-0.00201207451452787,653,725
2025-10-06,0.003140469379087783,0.003172540314535163,0.0035862350745239358,0.0004372849562082508,-3.207093544737964e-05,0.0027352553583269122,656,723
2025-10-07,-0.005664591542703886,-0.0057346048830498675,-0.0037074427188158454,-0.006146513322646211,7.001334034598128e-05,0.0004119084395963436,656,723
2025-10-08,0.0075341590640327786,0.007082484724104991,0.005963018112918661,0.005197785618065921,0.0004516743399277873,0.00188469910603907,637,725
2025-10-09,-0.005614272487892288,-0.005438418313676619,-0.002897019428214409,-0.006438948838260405,-0.00017585417421566926,0.0010005305245837865,610,718
2025-10-10,-0.026866497406030143,-0.025832670694466802,-0.027027784753554496,-0.023785622065858006,-0.001033826711563341,-0.002047048628608796,611,718
2025-10-13,0.01585662911204128,0.014902774099062252,0.01534405245669701,0.012781958941114559,0.0009538550129790276,0.002120815157947693,609,716
2025-10-14,0.0020017696137138797,0.0025910879138157216,-0.0012216093756775015,0.005331373633887864,-0.000589318300101842,-0.002740285720072142,607,723
2025-10-15,0.0038604958726905086,0.003654609652551039,0.004439561180749063,0.002280972764657799,0.00020588622013946976,0.00137363688789324,606,708
2025-10-16,-0.006743573513796893,-0.006631725763156615,-0.006810164959101583,-0.006402905465794677,-0.00011184775064027822,-0.00022882029736193826,605,708
2025-10-17,0.0031606810879047454,0.0031933605833570234,0.005676199184976083,0.004377058032812599,-3.267949545227803e-05,-0.0011836974494555752,606,711
2025-10-20,0.011914866932249229,0.011776182147286783,0.010400512350939195,0.010625034583666428,0.00013868478496244577,0.0011511475636203552,606,691
2025-10-21,0.0014935239244442025,0.0021494266877745694,-1.4979984718554995e-05,0.003401552737458843,-0.0006559027633303669,-0.0012521260496842737,605,691
2025-10-22,-0.006861194708410185,-0.006421658192139249,-0.005198867790280337,-0.004565459159535961,-0.00043953651627093564,-0.0018561990326032883,614,690
2025-10-23,0.007679598805676436,0.00651516980368457,0.005929906487662118,0.005937071581419253,0.0011644290019918666,0.0005780982222653164,615,689
2025-10-24,0.005731807330218199,0.005093055718067955,0.008172552647061071,0.003303582831954031,0.0006387516121502445,0.0017894728861139238,615,698
2025-10-27,0.00876357170588149,0.008042572357224064,0.01179771954420028,0.0056347299844073445,0.0007209993486574258,0.0024078423728167197,615,698
2025-10-28,-0.0031351972996652004,-0.0035799645130674437,0.002655858964966784,-0.0052874021184856615,0.00044476721340224335,0.0017074376054182177,614,698
2025-10-29,-0.005246594565351864,-0.005437857931951692,0.0004804860352853879,-0.008995761622595248,0.0001912633665998283,0.0035579036906435556,613,697
2025-10-30,-0.010312414772396862,-0.008747794703704933,-0.010998124123417385,-0.005457345921019882,-0.0015646200686919298,-0.003290448782685051,613,697
2025-10-31,0.004497405249254972,0.004316194542865277,0.0032802000099823037,0.0026523311846395857,0.00018121070638969523,0.001663863358225691,628,697
2025-11-03,-0.0009952882424719934,-0.0010109424064293762,0.001876696652084675,-0.002288820091646573,1.5654163957382755e-05,0.001277877685217197,627,697
2025-11-04,-0.01240687095887896,-0.011139917289231234,-0.011853550232820531,-0.00840262702142921,-0.0012669536696477256,-0.0027372902678020235,624,696
2025-11-05,0.006212630890624714,0.0054207085517571025,0.0034654021681033154,0.0059552486901751365,0.0007919223388676115,-0.000534540138418034,622,696
2025-11-06,-0.012265985572793486,-0.012161121112912992,-0.010729329446956037,-0.00824044362609187,-0.00010486445988049445,-0.0039206774868211225,623,688
2025-11-07,0.005589234877479502,0.005296715587763863,0.0009845249103577203,0.007085842040064536,0.0002925192897156384,-0.0017891264523006729,620,688
2025-11-10,0.00957786807027695,0.009583320669050634,0.015604409628832139,0.0061708072193854225,-5.452598773682954e-06,0.003412513449665211,618,653
2025-11-11,0.003807144365386588,0.004583796724510598,0.0022891577936339225,0.006546817283210762,-0.0007766523591240097,-0.0019630205587001645,620,651
2025-11-12,0.002035450922281321,0.002019244367804854,0.0005564170786802602,0.0027403157730117554,1.6206554476466857e-05,-0.0007210714052069012,618,650
2025-11-13,-0.015507801319432383,-0.015428900607846529,-0.016593945359895557,-0.011826495970544741,-7.890071158585428e-05,-0.0036024046373017878,619,650
2025-11-14,-0.0021022832966196927,-0.0018388971072906585,-0.000163772180045485,-0.0031884506529485986,-0.0002633861893290342,0.0013495535456579401,611,649
2025-11-17,-0.01344460202671813,-0.012983289807500261,-0.009316527530857655,-0.012943841332171267,-0.000461312219217868,-3.9448475328994134e-05,611,648
2025-11-18,-0.004718218887160253,-0.004242359961189168,-0.008397554496893278,-0.0021173002962736874,-0.00047585892597108454,-0.002125059664915481,612,648
2025-11-19,-0.0011142744737865705,-0.0008193616171982771,0.003863330354327177,-0.0011504992421827204,-0.0002949128565882934,0.00033113762498444333,629,648
2025-11-20,-0.015934417045006477,-0.015801672272667808,-0.015242276237766972,-0.012562323381815012,-0.00013274477233866933,-0.0032393488908527956,628,667
2025-11-21,0.015971675676902178,0.01587312726506647,0.00996119766575232,0.017370641621236586,9.854841183570828e-05,-0.001497514356170116,628,668
2025-11-24,0.01078726463312918,0.010970171868157502,0.014718553120582678,0.005323253246680431,-0.00018290723502832097,0.00564691862147707,630,668
2025-11-25,0.013008484270060369,0.01248983882366549,0.00940585235814706,0.013983035971628262,0.0005186454463948793,-0.0014931971479627722,630,672
2025-11-26,0.0074190241305000645,0.007205600158640448,0.006903634543873105,0.006468051682463328,0.00021342397185961613,0.0007375484761771205,629,672
2025-11-28,0.006239500282185997,0.0059581793786712915,0.005458373086222323,0.005574830884036774,0.0002813209035147056,0.00038334849463451774,630,672
2025-12-01,-0.005925971110768861,-0.006151545437264693,-0.004565522877085559,-0.005594908446014082,0.0002255743264958322,-0.0005566369912506112,629,672
2025-12-02,0.0013503871137408323,0.0013448721125127049,0.0018523420813758573,0.00044072038125724373,5.515001228127399e-06,0.0009041517312554611,629,672
2025-12-03,0.00965301832724881,0.008908990466711718,0.003462748187155862,0.008464806173195229,0.0007440278605370925,0.00044418429351648914,633,669
2025-12-04,0.002080468309019219,0.0020319490409759955,0.000731151162097321,0.00011741592641688208,4.8519268043223374e-05,0.0019145331145591134,634,670
2025-12-05,0.0005057526762156706,0.00039145707553591336,0.0018994238357272764,0.0008487377768577016,0.00011429560067975728,-0.0004572807013217882,635,670
2025-12-08,-0.005413440946747497,-0.005232074561505663,-0.0030042012931831286,-0.005763805780758144,-0.00018136638524183374,0.0005317312192524813,632,670
2025-12-09,-0.0013026754501518723,-0.0010732917206461286,-0.0008630954932499213,-0.0014688385521145566,-0.00022938372950574368,0.00039554683146842805,616,664
2025-12-10,0.010331195466293496,0.00999547526589747,0.006632175045054867,0.012891136888363347,0.0003357202003960273,-0.002895661622465878,616,660
2025-12-11,0.00475433818887052,0.004833472147199767,0.0023270714906689083,0.007204763948502256,-7.913395832924702e-05,-0.002371291801302489,584,660
2025-12-12,-0.008895745853934255,-0.008978201177621206,-0.01075209715577441,-0.005641805655534757,8.245532368695088e-05,-0.0033363955220864485,585,656
2025-12-15,-0.004525172934446484,-0.0036485436809692386,-0.001510940359255808,-0.0006097225055391757,-0.0008766292534772451,-0.003038821175430063,586,656
2025-12-16,-0.0051519307610822474,-0.004832724611680866,-0.0027322728752857683,-0.0055935153784561755,-0.0003192061494013817,0.0007607907667753098,582,654
2025-12-17,-0.008251841249531827,-0.007717446004218377,-0.01100356428531768,-0.004943974650233957,-0.0005343952453134501,-0.0027734713539844195,547,680
2025-12-18,0.004654669055626548,0.004396518589983077,0.007551268712199022,0.00322699732775179,0.0002581504656434712,0.0011695212622312868,546,679
2025-12-19,0.007178471523951554,0.007245913309610182,0.009063486264369258,0.004553314974772879,-6.744178565862811e-05,0.002692598334837303,545,679
2025-12-22,0.007013520385300602,0.007019490251100573,0.006229818660208997,0.006561275413553773,-5.969865799971413e-06,0.00045821483754680033,551,679
2025-12-23,-8.995215527517982e-05,0.00039472410268692466,0.0045704344876844605,-0.0008648291278004946,-0.0004846762579621045,0.0012595532304874191,539,673
2025-12-24,0.0033536493496499394,0.003150121077135115,0.003517736660175297,0.0037196428442951798,0.00020352827251482464,-0.000569521767160065,539,673
2025-12-26,0.0003710119100582637,0.0004088963688494518,-0.00010139418790333643,0.000796267598685022,-3.788445879118811e-05,-0.00038737122983557024,538,673
2025-12-29,-0.004559330514695418,-0.004214242126554902,-0.0035636809822511273,-0.002924700453207083,-0.0003450883881405157,-0.0012895416733478189,538,673
2025-12-30,-0.0020040383798298035,-0.0018112301781644732,-0.0012212056239845337,-0.0017358991642538791,-0.0001928082016653303,-7.533101391059413e-05,539,673
2025-12-31,-0.007385047915651073,-0.007266040039953423,-0.0074088956888227475,-0.007439197523854362,-0.00011900787569764978,0.0001731574839009386,540,673
2026-01-02,0.006261749256326392,0.0062992428769621895,0.0018330346379591411,0.0074041619620871585,-3.749362063579752e-05,-0.001104919085124969,541,673
2026-01-05,0.01173688992612551,0.01109151584749222,0.006660178462529753,0.009039010750463324,0.0006453740786332898,0.0020525050970288967,541,673
2026-01-06,0.009668422484552464,0.008799539204535203,0.0059471682236194034,0.010356337354658053,0.0008688832800172602,-0.0015567981501228498,550,671
2026-01-07,-0.007201301434000378,-0.007502558037776275,-0.0032234143669693793,-0.008891214421860139,0.0003012566037758962,0.001388656384083864,550,674
2026-01-08,0.004631166035613298,0.0048606485607006955,-0.00010151182144413351,0.006048657785573878,-0.00022948252508739764,-0.0011880092248731829,550,672
2026-01-09,0.006762415252746809,0.006196419518719926,0.006613390447410161,0.006346741642725609,0.0005659957340268824,-0.00015032212400568293,542,673
2026-01-12,0.004407489774872346,0.00419375186726165,0.0015704331745678424,0.0030884225518335766,0.00021373790761069524,0.0011053293154280738,557,670
2026-01-13,-0.0015164595459022283,-0.001430049658644999,-0.001999516689819014,-0.0025291529315539774,-8.640988725722924e-05,0.0010991032729089783,557,670
2026-01-14,-1.9600718428458958e-05,7.155951916251541e-06,-0.004915222889580462,0.002034490620580562,-2.67566703447105e-05,-0.0020273346686643105,557,677
2026-01-15,0.004084946062866455,0.003718636301806866,0.0027232882038870088,0.004088559008035343,0.00036630976105958904,-0.0003699227062284767,547,707
2026-01-16,-0.0021345517607752247,-0.0019424778106329774,-0.0008379420888714462,-0.001656848701988731,-0.00019207395014224729,-0.0002856291086442463,550,704
2026-01-20,-0.016422297750173568,-0.016736816392883738,-0.020356835813531315,-0.014453045069147696,0.00031451864271016955,-0.002283771323736042,549,707
2026-01-21,0.012125046496683504,0.012089439096781916,0.011541172420654888,0.013225476387406648,3.560739990158754e-05,-0.001136037290624732,546,708
2026-01-22,0.004831309159472809,0.005171730837553088,0.005223214802554832,0.003838698446807352,-0.00034042167808027903,0.0013330323907457357,529,709
2026-01-23,-0.0019636780770272933,-0.0013466283089739607,0.00036274314526618667,-0.002788531636461354,-0.0006170497680533327,0.0014419033274873933,530,709
2026-01-26,0.0019996771277841405,0.0023891665134628997,0.005078258243367717,0.0031315998094880097,-0.00038948938567875914,-0.00074243329602511,530,709
2026-01-27,-0.0027936994458282872,-0.0024545710112682355,0.003984113626622321,-0.00178301754390687,-0.00033912843456005174,-0.0006715534673613654,528,708
2026-01-28,-0.0030908963311225696,-0.0029472190930884554,-0.00010064922286501243,-0.0022390338262513088,-0.00014367723803411416,-0.0007081852668371466,528,708
2026-01-29,-0.0023539012733015527,-0.002077435456147807,-0.0019843514508082194,-0.0014809615994064728,-0.00027646581715374575,-0.000596473856741334,527,708
2026-01-30,-0.006266544487962848,-0.005975750994022892,-0.002982445396060962,-0.003971057426812909,-0.0002907934939399559,-0.002004693567209983,528,708
2026-02-02,0.004259485270017547,0.0038101134414208534,0.0049712108373694,0.004986294783461766,0.0004493718285966935,-0.0011761813420409122,529,704
2026-02-03,-0.008517192565395708,-0.008803427961700467,-0.008455418456572827,-0.005670110466172492,0.0002862353963047591,-0.0031333174955279746,530,704
2026-02-04,-0.0036624958857055866,-0.000950400781942035,-0.00484383887388995,0.0030586245460105413,-0.0027120951037635514,-0.004009025327952576,515,704
2026-02-05,-0.013486956876852139,-0.01298947547854002,-0.012489280981794804,-0.010419330329849074,-0.0004974813983121187,-0.002570145148690946,511,704
2026-02-06,0.02466199012591195,0.023129370784129875,0.0191847683064843,0.021533864388357308,0.0015326193417820738,0.0015955063957725675,513,707
2026-02-09,0.006006673572219423,0.004549119144942172,0.00482176499257525,0.0024350129003650437,0.0014575544272772507,0.0021141062445771282,512,704
2026-02-10,0.0010321923560789549,0.0015101144956953887,-0.002637135289800363,0.0016419449992739895,-0.00047792213961643385,-0.0001318305035786008,509,704
2026-02-11,-0.001153624298247118,-0.0013046983203559648,-0.0002310739544192364,-0.00040809084474820395,0.00015107402210884683,-0.0008966074756077609,513,704
2026-02-12,-0.01862801987193017,-0.016244122773065448,-0.015448819557001725,-0.01379287137966492,-0.0023838970988647214,-0.002451251393400529,514,703
2026-02-13,0.00710843804497873,0.007009123763341926,0.0007044426839897255,0.0071731678728364345,9.931428163680381e-05,-0.00016404410949450842,504,703
2026-02-17,-0.0019745505142537067,-0.0023046167002428617,0.00161351967622414,-0.0025920002279737446,0.000330066185989155,0.00028738352773088286,503,581
2026-02-18,0.006564209202851459,0.006079043828455851,0.005037695790158558,0.005305455733379221,0.00048516537439560834,0.0007735880950766301,502,605
2026-02-19,-0.0011087947817022513,-0.001344769134000144,-0.002637350384703585,-0.0018611421969211477,0.0002359743522978928,0.0005163730629210036,502,606
2026-02-20,0.004222177860699941,0.004079898635346346,0.007231834053074815,0.00434673356239952,0.00014227922535359466,-0.0002668349270531743,500,602
2026-02-23,-0.015412271193652122,-0.015135975978046274,-0.01021138412746736,-0.012840604206863775,-0.00027629521560584847,-0.002295371771182499,501,602
2026-02-24,0.009358962868160098,0.00875093491089,0.007268496179203332,0.008097060300803266,0.0006080279572700971,0.0006538746100867351,502,591
2026-02-25,0.004277431446704469,0.004689047344396235,0.00843831937730477,0.002125883085407719,-0.00041161589769176526,0.0025631642589885157,502,592
2026-02-26,0.0056015347530839745,0.004868022903618697,-0.005554483250070685,0.005408038948824292,0.0007335118494652777,-0.0005400160452055953,501,592
2026-02-27,-0.0019777163777606674,-0.0021837260527208632,-0.004801907270092998,0.0003181954645845917,0.00020600967496019586,-0.002501921517305455,500,589
2026-03-02,-9.356097198827972e-05,0.00020775417954786273,0.0005685000404405116,-0.00037844811856198427,-0.00030131515153614244,0.000586202298109847,502,589
2026-03-03,-0.012104288903279126,-0.011335554301235479,-0.008814271890095537,-0.012314365731701898,-0.0007687346020436477,0.000978811430466419,502,589
2026-03-04,0.0076204280483114055,0.007998373644802933,0.007055426061514547,0.005049986797589577,-0.00037794559649152737,0.0029483868472133558,517,589
2026-03-05,-0.006399739820736853,-0.005961773956081344,-0.0055756895160732345,-0.0078515416457029,-0.0004379658646555089,0.0018897676896215548,516,589
2026-03-06,-0.014456711081091514,-0.0142333278531468,-0.013107174917892817,-0.012427534212913479,-0.00022338322794471406,-0.0018057936402333212,516,586
2026-03-09,0.00512002934404825,0.005173401586444428,0.008760032915877458,0.004093962102683774,-5.33722423961781e-05,0.0010794394837606537,515,586
2026-03-10,-0.005369976722208414,-0.006125995868881566,-0.0016070157300721588,-0.006310209323605131,0.0007560191466731521,0.00018421345472356514,515,587
2026-03-11,-0.002924391284471493,-0.00252571787442233,-0.0012551628541557225,-0.0024799220989636717,-0.000398673410049163,-4.5795775458658174e-05,515,594
2026-03-12,-0.016701785533024857,-0.01665967849514652,-0.015184929448649576,-0.01625149243531481,-4.2107037878335446e-05,-0.0004081860598317104,516,594
2026-03-13,-0.002765515866937631,-0.0025856015707108183,-0.005660153274538393,-0.0011221827190081015,-0.0001799142962268128,-0.0014634188517027168,516,594
2026-03-16,0.009744391284424867,0.009579571524589573,0.010176873245252516,0.009052138241715052,0.00016481975983529372,0.0005274332828745214,520,595
2026-03-17,0.0045786329686843315,0.00462263463831777,0.0026305491982852036,0.004135580455445865,-4.400166963343822e-05,0.0004870541828719049,520,594
2026-03-18,-0.014538481795791139,-0.014269059269403193,-0.01395372252866034,-0.014491329654526769,-0.00026942252638794545,0.0002222703851235755,521,517
2026-03-19,-0.0025645406983969294,-0.0025294093797018414,-0.002464362806581799,-0.0006075933542815005,-3.513131869508799e-05,-0.001921816025420341,522,517
2026-03-20,-0.01601658869829763,-0.015769540280241245,-0.014335681872974515,-0.015020352903389883,-0.00024704841805638436,-0.0007491873768513627,528,518
2026-03-23,0.0132507677455501,0.01251447150992379,0.010499959707213291,0.012370728634147093,0.0007362962356263093,0.00014374287577669648,528,515
2026-03-24,-0.0028202405512274408,-0.003079672698912091,-0.0033568197458091475,-0.0017116454907356274,0.0002594321476846501,-0.0013680272081764634,530,515
2026-03-25,0.007065341690384059,0.006633572773235167,0.005572720875308912,0.005960883246091898,0.00043176891714889233,0.0006726895271432689,527,515
2026-03-26,-0.01478439240922619,-0.014330899116957703,-0.01785871391108962,-0.0121315079067936,-0.00045349329226848645,-0.0021993912101641033,518,515
2026-03-27,-0.017397685589091633,-0.017304469650323496,-0.017051920414101196,-0.01445130125463942,-9.32159387681368e-05,-0.0028531683956840755,518,514
2026-03-30,-0.003738732254540992,-0.0030427882411462096,-0.003343373094761515,-0.0021520171049348303,-0.0006959440133947822,-0.0008907711362113793,596,514
2026-03-31,0.027414823225970764,0.027241487819063902,0.029067828330166412,0.02422149544642976,0.00017333540690686253,0.0030199923726341414,628,514
2026-04-01,0.005201074567010192,0.004782803802838608,0.007534524709556623,0.0035869168287439275,0.0004182707641715846,0.00119588697409468,628,514
2026-04-02,0.004179243704906854,0.00442741634738686,0.0009004486514896382,0.003578852405769533,-0.00024817264248000546,0.0008485639416173267,627,512
2026-04-06,0.004478246329126794,0.004126224703011911,0.004726890756302504,0.004006237809438256,0.00035202162611488313,0.00011998689357365505,628,510
2026-04-07,-0.002325612738018039,-0.0016317246781760886,0.00043997599961653755,-0.0018325110447441363,-0.0006938880598419503,0.00020078636656804772,630,510
2026-04-08,0.025883761714716576,0.02478133033442492,0.0254696046172882,0.022445092837492932,0.0011024313802916567,0.0023362374969319866,629,511
2026-04-09,0.0004344084410096862,0.000431919779002007,0.005769005826991691,0.0009476091382535099,2.4886620076791785e-06,-0.0005156893592515028,629,541
2026-04-10,-0.006333842709852651,-0.005766591050089138,-0.0006617045143784139,-0.006638143511255885,-0.0005672516597635124,0.0008715524611667465,629,541
2026-04-13,0.01511540367997604,0.015637747076014497,0.009772427509418202,0.014714145999260379,-0.000522343396038457,0.0009236010767541183,629,540
2026-04-14,0.008817911439911513,0.00934735940286783,0.01218482451098879,0.006537609627305131,-0.0005294479629563177,0.0028097497755626994,627,540
2026-04-15,0.006240235284354542,0.007015362312057204,0.00789104262604634,0.004527191712841745,-0.0007751270277026618,0.002488170599215459,631,540
2026-04-16,0.0025192913400523143,0.002348142881895282,0.0024573146961406334,0.0047419240143712635,0.00017114845815703215,-0.0023937811324759813,631,539
2026-04-17,0.01394250439762982,0.013445783804834013,0.012085709684531931,0.013642696018568459,0.0004967205927958063,-0.00019691221373444555,631,544
2026-04-20,0.0021520137021237857,0.002175740187776485,-0.0019997769579219726,0.0022708071888493334,-2.3726485652699435e-05,-9.50670010728483e-05,631,544
2026-04-21,-0.008828195628006885,-0.007692849682966013,-0.006546877598048839,-0.006812684157935866,-0.0011353459450408722,-0.0008801655250301466,630,541
2026-04-22,0.002852969589237868,0.0037555211537475745,0.010126679110719516,0.003380358577323574,-0.0009025515645097065,0.0003751625764240006,629,541
2026-04-23,-0.006021767625372493,-0.007310964248877051,-0.0038807172806204493,-0.004936840749268698,0.0012891966235045573,-0.0023741234996083526,630,547
2026-04-24,0.002421677235234124,0.0036806583000058585,0.007749329558953688,0.001982481221276575,-0.0012589810647717346,0.0016981770787292834,628,547
2026-04-27,-0.0022947229525445713,-0.0021511629427100566,0.0017227696705925943,-0.0016836231462202466,-0.00014356000983451475,-0.00046753979648981,628,547
2026-04-28,-0.00487310840983153,-0.005300608763351806,-0.0048659811570929135,-0.004203137541553079,0.00042750035352027635,-0.001097471221798727,628,536
2026-04-29,-0.0034713281794527375,-0.003554604256410502,-0.00015454822141547364,-0.0020048585085689725,8.327607695776456e-05,-0.0015497457478415295,628,536
2026-04-30,0.014615646661919352,0.014173455843290416,0.009949685183250345,0.01492561990788696,0.00044219081862893576,-0.000752164064596543,627,536
2026-05-01,-0.0007462823759169683,-0.00047759695312361367,0.00276905737155686,-0.00014674798587302828,-0.0002686854227933546,-0.0003308489672505854,627,536
2026-05-04,-0.00706311357586274,-0.006475725355329733,-0.0036633809509297732,-0.004827636761849734,-0.0005873882205330062,-0.0016480885934799993,630,538
2026-05-05,0.006575803787808942,0.006375136676116054,0.008022242913074518,0.006916778464382021,0.0002006671116928883,-0.0005416417882659671,569,538
2026-05-06,0.010280362710268708,0.008880615361426182,0.013899418730159985,0.00901931237313439,0.0013997473488425258,-0.00013869701170820745,569,537
2026-05-07,-0.005993938337589383,-0.005791159962659753,-0.0030660889376450395,-0.00413880026503464,-0.00020277837492963056,-0.001652359697625113,566,537
2026-05-08,0.00039556203464614453,-0.0007789625018702503,0.008256054754597786,-0.00013656337776213134,0.0011745245365163948,-0.0006423991241081191,569,537
2026-05-11,-0.003137723733427146,-0.003863628061378776,0.0022775635209937306,-0.003544376619181036,0.0007259043279516297,-0.0003192514421977398,567,536
2026-05-12,-0.0016139469693109917,-0.0016854909948075625,-0.0015148976832113359,-0.0016835107421740323,7.154402549657077e-05,-1.9802526335301485e-06,569,550
2026-05-13,-0.0009004777044927026,-0.001541972671276672,0.005594852718878274,-0.0035769992592269537,0.0006414949667839694,0.002035026587950282,570,550
2026-05-14,0.004757138800073492,0.006388535480941158,0.007894249484761584,0.004953654677170629,-0.0016313966808676663,0.0014348808037705297,568,550
2026-05-15,-0.010442938942272335,-0.010048590149020247,-0.012029288059682064,-0.008183921714372001,-0.00039434879325208824,-0.001864668434648246,567,550
2026-05-18,0.005246470612792752,0.005136450170128841,-0.0007035134425675826,0.006570198446753931,0.00011002044266391134,-0.0014337482766250903,565,550
2026-05-19,-0.007810672422732063,-0.0076495241737843025,-0.006660801173054454,-0.005737165826319858,-0.0001611482489477607,-0.0019123583474644447,565,551
2026-05-20,0.014777515765247452,0.013687265361697874,0.0102489448693448,0.011311864200380986,0.0010902504035495784,0.002375401161316888,565,551
2026-05-21,0.005884183216232962,0.004795562878900986,0.0019831294549137457,0.002774602527603741,0.0010886203373319768,0.002020960351297245,565,555
2026-05-22,0.0065765017092568444,0.006059623574987749,0.003931565762728351,0.006333658676976059,0.0005168781342690951,-0.0002740351019883099,553,554
2026-05-26,0.005214624346553934,0.003224066315443901,0.006638589859918387,0.0025007096072649755,0.0019905580311100333,0.0007233567081789253,547,547
2026-05-27,0.0001321674142830534,0.0008379806277966125,-0.0001731819956434233,-0.00039991641717781036,-0.0007058132135135592,0.001237897044974423,545,546
2026-05-28,0.005805792954096232,0.006070788036668237,0.005516544483684438,0.00525925997895877,-0.00026499508257200443,0.0008115280577094671,543,546
2026-05-29,0.003261171176183626,0.0034236779769380595,0.002491413132097442,0.006863482875638283,-0.00016250680075443344,-0.0034398048987002235,543,470
2026-06-01,0.0027467190352575208,0.0031438885165208518,0.002723144858072235,0.008073523231782911,-0.000397169481263331,-0.00492963471526206,547,469
2026-06-02,0.00015441548558896507,-0.000793828455633975,0.0013579151752256546,-0.0018071512994018415,0.0009482439412229401,0.0010133228437678664,546,469
2026-06-03,-0.008384437686376402,-0.009358005306351919,-0.00701716271996522,-0.011319675924482445,0.0009735676199755169,0.0019616706181305264,547,469
2026-06-04,0.00980383381119744,0.01026231577030058,0.003778634283035931,0.00835198685351026,-0.0004584819591031391,0.00191032891679032,547,469
2026-06-05,-0.017296146347951808,-0.01746645609306867,-0.025809369612244448,-0.015000436448752657,0.000170309745116861,-0.002466019644316012,546,470
2026-06-08,-0.00010124793294863047,0.00014439429943609406,0.002264222440912178,0.0012282368489645616,-0.00024564223238472455,-0.0010838425495284674,547,470
2026-06-09,0.005430842815359496,0.004704967749387736,-0.002935520049857532,0.0030616254367122273,0.0007258750659717601,0.0016433423126755086,547,472
2026-06-10,-0.014009527184524936,-0.013955738073319863,-0.0157655110158077,-0.011322129588764366,-5.3789111205073195e-05,-0.0026336084845554972,546,484
2026-06-11,0.019156964775198446,0.017961437180936294,0.016996857394830034,0.012092518305085781,0.0011955275942621517,0.005868918875850513,543,483
2026-06-12,0.0061536898805773675,0.0053166852347593645,0.005408207317551872,0.0061004693640267175,0.0008370046458180029,-0.0007837841292673529,543,483
2026-06-15,0.009976953643468145,0.009952946087355696,0.017634009390668393,0.006031197247808585,2.4007556112448994e-05,0.003921748839547112,541,479
2026-06-16,-0.004668990530007703,-0.004324052235286469,-0.005961575485861181,-0.002453617718370213,-0.0003449382947212339,-0.0018704345169162561,539,479
2026-06-17,-0.01271881245593712,-0.013346511648671115,-0.01248789492983049,-0.016655113564503804,0.0006276991927339961,0.0033086019158326888,539,479
2026-06-18,0.00712135211791464,0.008575888452905266,0.010396979807429707,0.002200452037366972,-0.0014545363349906257,0.006375436415538294,539,480
2026-06-22,-0.0034199381331566454,-0.0038017871113042276,-0.0031469282666526377,-0.003554929090521858,0.0003818489781475822,-0.0002468580207823697,539,447
2026-06-23,-0.006750415414830264,-0.006555310171346415,-0.014522012225013592,-0.002884240847852337,-0.00019510524348384864,-0.003671069323494078,540,447
2026-06-24,0.005064820436705006,0.005924634455934552,-0.0004635003677893046,0.004672595552292187,-0.0008598140192295463,0.0012520389036423654,540,447
2026-06-25,0.003041108310923736,0.002362779146914282,0.0014456368287247834,-0.0005991496866886066,0.0006783291640094537,0.002961928833602889,536,447
2026-06-26,0.005352845729082681,0.007114260664609346,-0.007231332133985857,0.01083474744487154,-0.001761414935526665,-0.0037204867802621937,536,447
2026-06-29,0.005696189917457029,0.004684728317766135,0.01647481275894025,0.0059349697688086955,0.0010114615996908941,-0.001250241451042561,536,447
2026-06-30,0.005639976286346879,0.006389797858627918,0.007786815227913024,0.0006356620583864855,-0.0007498215722810389,0.005754135800241433,536,448
2026-07-01,0.00238043998504125,0.003676375165639001,-0.0013525036475483532,0.007903512694558764,-0.001295935180597751,-0.004227137528919763,539,448
2026-07-02,0.004465669913397025,0.0058059033841608935,-0.0013140507435593918,0.0062956409380331944,-0.0013402334707638686,-0.000489737553872301,538,448
2026-07-06,0.004102569232695713,0.003492061135569039,0.008727392224116226,0.002146743849164283,0.000610508097126674,0.0013453172864047558,538,448
2026-07-07,-0.005661574105835259,-0.00406714377354941,-0.004751890339538711,-0.00027282661029490033,-0.001594430332285849,-0.0037943171632545095,537,457
2026-07-08,-0.010663388359946332,-0.01061653527841378,-0.0030894091522385425,-0.008702970443915322,-4.685308153255276e-05,-0.0019135648344984577,537,457
2026-07-09,0.009901545898873819,0.009649215124155681,0.008465256756416295,0.0069511372544542906,0.0002523307747181371,0.002698077869701391,536,457
2026-07-10,0.0011004218060015449,0.0005296958976364828,0.004310118179872147,0.0018549171755393322,0.0005707259083650621,-0.0013252212779028493,537,454
2026-07-13,-0.0045968735125617765,-0.003308912098622625,-0.007656140611366324,0.00041880427923942043,-0.0012879614139391514,-0.0037277163778620453,545,454
2026-07-14,-0.0032402804320083825,-0.004468555322475087,0.0035506379166867497,-0.005164153005753339,0.0012282748904667048,0.0006955976832782517,545,453
2026-07-15,0.001723818399790643,0.0026783641981332064,0.003963630921285599,0.0022400306910858865,-0.0009545457983425633,0.0004383335070473199,541,452
2026-07-16,0.0043635957453130765,0.004874697958824058,-0.005418616825605738,0.007404350450818231,-0.0005111022135109817,-0.002529652491994173,539,452
2026-07-17,-0.009183326425773,-0.008723783017473194,-0.009897199757215702,-0.00845327108180375,-0.0004595434082998069,-0.000270511935669444,543,446
2026-07-20,-0.0031010260018104184,-0.003246073981583426,-0.0016143534967409945,-0.002445894068852383,0.00014504797977300766,-0.0008001799127310429,544,393
2026-07-21,0.007176429960664502,0.00697019583766728,0.008341327043244195,0.002455975228388825,0.00020623412299722137,0.004514220609278455,545,394
2026-07-22,-0.005199707452972798,-0.005780606856839694,-0.001162766737217713,-0.004104875123448385,0.0005808994038668958,-0.0016757317333913084,546,386
2026-07-23,-0.0071542474530637955,-0.006627849267885037,-0.012349253784127878,-0.006126023876599496,-0.0005263981851787586,-0.0005018253912855413,544,541
2026-07-24,0.003528186284288153,0.004115767247602459,0.0010159657563921787,0.00825829128353441,-0.0005875809633143058,-0.004142524035931952,544,539
2026-07-27,0.0090072796068498,0.008759244822897957,0.00021661654234961247,0.010609140859578562,0.0002480347839518421,-0.001849896036680605,543,539
2026-07-28,0.0063087589754069855,0.005859437159524293,0.0023947666975516757,0.011005921719476836,0.00044932181588269206,-0.0051464845599525424,543,539
2026-07-29,-0.014146510070188547,-0.014361497756008347,-0.015387445003102407,-0.006724970787421355,0.00021498768581980007,-0.007636526968586992,542,539
2026-07-30,0.011741992157799492,0.01163357066594184,0.01676574369337569,0.0028203420381333498,0.00010842149185765274,0.008813228627808489,541,538
2026-07-31,0.0003720188451825981,0.00024320944426364064,0.007199869193782904,0.0015651483947877194,0.00012880940091895748,-0.0013219389505240787,543,538
2026-08-03,0.014947650820570837,0.01503033960298187,0.014242990614400597,0.012948246231323714,-8.26887824110327e-05,0.0020820933716581558,541,538
2026-08-04,0.022075836623107168,0.02160648083839479,0.01802895214665101,0.018440860963819857,0.00046935578471237957,0.0031656198745749313,540,538
2026-08-05,-0.0019410933086913957,-0.0015913238343317935,-0.0019965624761277834,-0.003301701495066202,-0.00034976947435960215,0.0017103776607344087,539,540
2026-08-06,-0.0029002820354676055,-0.002814749090754649,-0.0015978064697251826,-0.0012414166082559415,-8.553294471295644e-05,-0.0015733324824987076,533,539
2026-08-07,0.009098122978751448,0.008730253862619464,0.0061153280785064545,0.007046645093582365,0.00036786911613198407,0.0016836087690370993,527,552
2026-08-10,-0.0019513437282143611,-0.001730878081676309,-0.0002974431285415191,0.00042184524371285866,-0.00022046564653805203,-0.002152723325389168,528,552
2026-08-11,0.002077476975369695,0.0019193512855200895,-0.003195199981383512,-0.0006603001011871431,0.00015812568984960567,0.0025796513867072327,527,552
2026-08-12,0.0033153877918019256,0.0030874937520609757,0.0025046088948632583,0.0014434223787574206,0.00022789403974094987,0.0016440713733035552,527,554
2026-08-13,0.0068610887355570575,0.006811138307785841,0.006977515074108265,0.010747857065793303,4.995042777121688e-05,-0.003936718758007462,517,554
2026-08-14,-0.0004728356940480967,-9.049150341418169e-05,-0.0019797506799419384,-0.0022023671913807704,-0.000382344190633915,0.0021118756879665887,517,554
2026-08-17,-0.007198082818283543,-0.007407553874168373,-0.004727362317670902,-0.009605409100285008,0.00020947105588482989,0.0021978552261166353,515,554
2026-08-18,-0.009098151471779073,-0.008218612209255158,-0.00675574496080833,-0.003297369403363351,-0.0008795392625239144,-0.004921242805891807,514,554
2026-08-19,0.004513922262645395,0.0048797408685633155,0.0020977847370853286,0.007402692244898667,-0.0003658186059179204,-0.0025229513763353516,513,536
2026-08-20,-0.00859139701954726,-0.007947657609672816,-0.008399827926766523,-0.006561321429414631,-0.0006437394098744442,-0.0013863361802581853,518,536
2026-08-21,0.007417060401918455,0.006966810521051733,0.004091229991858514,0.007666856165210991,0.00045024988086672137,-0.0007000456441592579,517,536
2026-08-24,-0.003574760150443703,-0.0025239076004634755,-0.0029384361156037375,0.0005033508300189722,-0.0010508525499802273,-0.003027258430482448,518,536
2026-08-25,0.0015551468110522391,0.0012018669519461237,0.003195939766817757,-0.0005057171510707726,0.0003532798591061154,0.0017075841030168963,517,535
2026-08-26,0.0021297068379880157,0.0021698351974599856,0.00022200767959623668,-0.0005875145570064914,-4.012835947196994e-05,0.0027573497544664772,517,532
2026-08-27,0.0007792421422740038,0.00021046504614832676,0.006552844629756693,0.0030485750423478565,0.000568777096125677,-0.0028381099961995297,518,532
2026-08-28,-0.00518079587104877,-0.004126718769462578,-0.0022694869107554583,-0.0005179265485668439,-0.0010540771015861913,-0.0036087922208957344,518,532
2026-08-31,-0.005147539483255637,-0.005137758579504275,-0.002989548034258882,-0.0052399998075912165,-9.780903751361973e-06,0.00010224122808694114,517,532
